score;content
1;Wajib di perbaiki lagi, kadang' voucher nya gk bisa terpakai, padahal voucher nya baru
1;SUSAH BANGET DAPET KODE OTP NYA BUAT DAFTAR!!!
1;poin gak bisa di tukar voucher
3;"saya mau daftar aja ga bisa, cape nungguin notif wa nya masuk,sampe skrng dk masuk"""
3;susah bener mau daftar. muter2 terus ndak nyampai3 kode yg dikirim
4;Aplikasinya error atau bagaimana sih ? Kog minta kirim kode gak di kirim2 jg sampai berulang kali. Mf saya kasih bintang 🌟 4
5;ga perlu antri ke bioskop buat beli tiket
5;jadi gampang beli tiketnya.. mantap
1;kenpa dah ni apk gak bisa di buka stuck di logo
5;menarik bagus
4;bagus, tapi gatau kenapa di aku beberapa bioskop ga muncul, tapi juga ga bisa di update
5;setelah hamil anak ke 1 sampe ke 2. artinya uda 10 th lebih g ke biskop krn takut klo bawa anak bisa ganggu org lain dan kmrm nonton jumbo pertama kali anak2 q uda siap di bawa ke bisokop krn uda bisa di kasih tau. dan nemu aplikasi ini yg enk bgt buat pesen tiket online gampang bgt penggunaanya. pilih2 lokasi, film, pilih bangku, bayar trs dateng sesuai jam trs tuker ke loket..terus uda duduk dech nonton
1;download nya cuma tipuan
5;Ya untuk rating lebih akurat dari pada imdb dan rotten tomatoes soalnya imdb dan rotten tomatoes ga make sense
4;sangat membantu, tapi tolong adakan fitur re schedule jadwal jam nontonnya.. terkadang cuaca di luar tidak mendukung, yg membuat tiket hangus🙏🏼
1;aplikasinya rusak/tidak bisa digunakan
1;aplikasi sangat lambat,lemot, padahal sinyal speed internet bagus..!
5;sangat membantu dalam pembelian ,tanpa menunggu antrean
2;selalu ada notif tidak ada koneksi internet pdhal wifi lancar
1;waktu sampe ke bioskop app tiba-tiba error/tidak ada akses alhasil sampe ketinggalan film 35 menit. ga lagi2 deh pake nih app 😑
2;karena teman saya sudah membayar gopay di aplikasi tix id tapi tiketnya belum tertera di aplikasi nya, tolong ya di perbaiki lagi
3;Banyak kota yg belum masuk, tolong update lagi lebih banyak pilihan kota nya. Kotaku Magelang belom ada
5;aplikasi yang membantu banyak orang pokonya is the best
2;Ngelag Sekali aplikasinya dan payah di pencet
1;"ga mau ngasih bintang. ga pantas. pelayanannya sangat buruk !!! aku beli tiket nonton Film Komang. waktu itu tgl 8 April 2025. Transaksi pembelian tiket sukses, Namun tiketnya Gagal terbit / tidak berlaku dan tertera pada aplikasi bahwa ""Refund Berhasil"" sampai saat ini dana saya pun belum dikempalikan. saya sudah buat laporan via email, namun saya disuruh untuk cek mutasi rekening dan menghubungi bank terkait. namun kenyataan uang memang belum direfund sama sekali sampai hari ini."
5;dengan aplikasi ini sangat membantu kita tidak ngantri lg.tinggal barcode lalu dprint..ga usah repot ngantri
5;Keren.. tq Memudahkan saat mo nonton gk usah antri
5;mudah digunakan
1;mau pesan tiket kok lama banget sih, padahal koneksi internet udah stabil
5;mempermudah semuanya... tidak perlu antri beli tiket nonton...
5;Tolong tiap beli tiket biaya adminnya kurangi
5;jadi gampang buat pesen tiket
5;memudahkan semuanya, enak, nyaman
2;aneh punya coin gak bisa dituker mulu
5;sangat membatu gak susah² antri,tgl kilik pesen, ini apk yg terbaik aku temui makasih tix
5;aplikasi penolong buat ngga antri lgi huhu
5;payment mudah, cek jadwal lengkap
5;aplikasi yang sangat menguntungkan. banyak promosi
5;bli tiket online bs plh tmpt du2k yg td tidak tahu jd tahu pembayaran jd mudah bnyk pilihannya
5;sangat amat membantu .. jd kalau nonton bisa memept jam tayang brngkat , g perlu antri , beli popcorn juga tinggal pick up.
5;beli ticket bioskop jadi mudah..👍👍mantap..👍👍
5;Aplikasi TIX ID sangat mempermudah pengunjung Bioskop untuk lebih praktis dan simpel saat ingin menonton di Bioskop tanpa harus mengantri tiket.. bisa pesan dari rumah.., menghemat waktu juga. Bisa lihat film terbaru yang sedang tayang, bisa mudah memilih Bioskop kesukaan, jam tayang, dan memilih kursi dengan mudah dan praktis.. Begitu menyenangkan menggunakan TIX ID..🤩👍🏻👍🏻👍🏻
5;enak tanpa antri ,datang langsung masuk
5;sangat suka aplikasinya
5;bintang 1000 💫apk sangat membantu
1;gak bisa dibuka aplikasi nya. entah kenapa
5;mempermudah pembelian tiiket dan banyak diskonnya
5;sangat membantu sekali
1;pas mau mesen bangku muter mulu tiba tiba sesi berakhir gitu aja terus sampe tiket abis
1;mau bayar pake ovo gk ada petunjuk cara bayarnya. g perbaiki deh!
5;selalu jd opsi dikala gk bisa beli langsung
5;pokoknya mantap dan sesuai harapan..
5;Bagusss bangettt ngemudahin pembelian tiket
5;lebih mudah dan byk bonus👍😁
1;baru instal 1 menit lngsng hapus . soalnya gak ada kota ku. mungkin bisa tambahin kota lainya masa yang ada cuma kota kota tertentu aja😏
5;sangat praktis dan bermanfaat thanks
1;Nope, buat pemesanan tiket. udah di booking tinggal bayar aja tiba tiba keserobot orang lain kita yang kena. Saldo udah kepotong, proses refund 7-14 hari. Buat Hubungin CST juga dibikin susah karena melalui email. Cobalah di aplikasi dikasih CST service juga, dan bila udah keboking orang lain seharusnya pembayaran gagal. Sistem diperbaiki lahh
5;Keren.., cepat banget buat pesan tiket bioskop di aplikasinya 👍 Pertama kali pesan tiket online karena kepengen nonton film Jumbo 😄
1;aplikasi kacau ini , saya sudah pesen tiket terus tiba tiba di refund dan saldo nya pun belum masuk masuk , KACAU NI APLIKASI
1;proses refund yg berbelit. dana refund saya sampai saat ini belum kembali.. padahal pembatalan dilakukan oleh pihak bioskop bukan pihak cust. ayo bagaimana ini tix solusinya
5;Bagus, gampang, voucher langsung nyangkut, lancar trus ga eror kaya sebelah
4;Kenapa aku gak bisa beli tiket yg 1Get 1 ya
1;pas promo sering error, terkadang udah waktunya promo dan masih awal waktu, banyak kursi yg blm di booking tapi tidak muncul promonya
5;saya mau daftar kok ga bisa weyy.... edit: sudah bisa, mantap 👍👍
5;Buat Emak2 Gaptek yg mager ngantri jam tayang film,ini ngebantu banget sih.Bisa pilih jam tayang, pilah pilih film juga lewat hp, tinggal geser2,klik.Payment.Udah.Aplikasinya juga mudah... Cakep.
5;Tadi nya saya kasih bintang 5 tapi gara2 kemaren ada masalah sama pembelian tiket & respon customer service lama saya kecewa
5;oke sudah lancar
1;gk bagus.masak aku udah pesen udah bayar udah dikonfirmasi jg di apknya tpi pas waktu mau tukar gk bisa tulisannya nmr hp tidak ditemukan pdhl nmr masih aktif kuota jg masih bnyk pas mau ngehubungin customer servis jg gk bisa duitnya gk balik lgi
2;eror gabisa bikin akun yang jagain server kurang pro
2;gangguan terus gabisa bikin akun
3;Susah amat buat pesan tiketnya. Bukan susah gunain aplikasinya. Tapi karena selalu bermasalah aplikasinya. Belum lagi banyak ulasan yang katanya uang tidak di refund, sedangkan uang di e-wallet sudah kepotong. Baru juga mau pakai ni aplikasi. Karena ada promonya. Begitu promonya sudah habis, baru lancar aplikasinya. parah sih
2;butuh jaringan 6G biar bisa lancar mesan tiketnya aplikasi apaan dah
1;"aplikasinya gak jelas muter"" Mulu mau beli nih bukan mau minta"
1;muter-muter terus gak bisa mesen tiket, selalu muncul tulisan ada kendala padahal sinyal bagus, tolong aplikasi dibenerin lagi ,kalo begini pengguna bakalan ninggalin inih aplikasi
5;biasanya saya tidak pernah bermasalah menggunakan tix id, tetapi hari ini saya tidak bisa memesan melalui tix id
1;eror mulu setiap gw mau mesan tiket
1;muter teross, niat buat aplikasi ga
2;Aplikasinya error setiap promo, padahal jaringan oke² aja. sebenernya niat ngasih promo apa engga sih😂
1;kok setiap mau msuk ke tix suruh coba lagi ada apa yah? udah smpe di uninstal masih sama tulisannya coba lagi trus..tolong diperbaiki mkshh🙏
2;saya daritadi bukaa selalu ada kendala kenapa ya
1;aplikasi suka ngebug padahal jaringan bagus
1;jadwal mepet aplikasi error apakah bisa refund tiket
1;apalaahh aplikasi nya gabisa dibuka mana udh beli tikett lagii buat jam 12 hari ini😭
1;"Ini knp y baru instal gk bisa dibuka. Udah lebih dr 5menit tulisan tix id background biru dongker gk berubah-ubah. Stuk disitu aja drtd. Update : ada pop up bertuliskan ""ada kendala, coba ulangi beberapa saat lagi"" Ps. Bintang akan di rubah jika apk sudah bisa dibuka."
1;aplikasi error saat pesan tiket saat ini aplikasi lemot di saat orang mau nonton pesan tiket tak bisa
1;sulit di akses
1;lemot banget aplikasinya
2;mumpung ada promo mau nonton eh pas beli susah dapet tiket nya, loading terus.. tingaktin lagi dong..
1;"""ada kendala cobalah beberapa saat lagi"" setiap buka aplikasi slalu seperti itu."
3;ini sih aplikasi bagus... tapi kok bisa ya ada orang mau beli orderan film di tanggal jauh2 hari sebelum tayang loadingnya itunya loh mutar mutar terus terus lamaa lagi..
1;Aplikasi error, loading stuck, nggak bisa beli tiket, pas install ulang stuck di loading home screen tix doang
2;tolong perbaiki skrg dong ,kok aplikasi nya ngebug gak bisa dibuka stuck di logo tix nya sejak open app nya
1;apk sampah, gak bisa dipake
1;aplikasi cacat, giliran ada promo malah crash!!! kocag
1;eror terus... mau pesan gagal terus.. dicoba di semua hape sama saja.
1;KENDALA TERUS SAMPE MAU NONTON FILM PUN GABISA TOLONG BANGET NIH YA LU UBAH APPNYA BIAR GA KENDALA LAGI.
1;apk rusak error terus ga kebuka buka
1;udh pesen tiket udh bayar tapi tiba-tiba kursinya udh di booking duluan, uang ga balik gmn si 💔
2;apliaksi nya berat plus lemottt
1;Aplikasi bikin promo tiket gk jelas Gk bisa di buy kocak promo doang buy on get on
1;Apaa ni aplikasinya uang saya ga ada di refund baik pihak dana dan aplikasi tix id nya, dari tanggal 9april 2025 sya chat udah kirim bukti ga ada satupun mau tanggung jawab,malahan dipersulit Parah sekali.
1;eror melulu ngak bisa pesan
5;top markotop mau nonton di seluruh lokasi tinggal cek aja dan bayar pun lebih mudah
1;ada apa ini kok mau mesen tiket gak bisa bisa, lama banget prosesnya, padahal sinyal bagus
3;promo tiketnya tipu-tipu, padahal nyoba di tanggal promo dan jamnya sesuai tetep gabisa dipakai promo nya. zonkk bgt informasinya nih, padahal baru download dan bikin aku lhoo gabisa juga tuh pakai promonya.
1;Kenapa akhir akhir ini aplikasinya jadi lemot banget ya?? mau beli tiket bioskop ga bisa mulu
5;mantap sangat membantu
2;mesen tiket nggak jelas di refund nya katanya ada kendala hubungan dengan bioskop dana belum di kembalikan mau beli lagi voucher udah tidak promo aneh bngt
1;kenapa ya,pas mau buka app satu hari setelah donwload pasti selalu error. udah gatau brp kali ini donwload ulang terus
2;Uang saya lenyap begitu saja setelah itu saya tidak bisa menonton filmnya, udh gitu uang saya tidak bisa dikembalikan
1;saya cek jadwal minecraft Di cinemapolis balikpapan ada jam 21:00 tapi pas menuju ke cinemanya malah gada jadwalnya aneh. dari pihak cinemapolis Balikpapan menyebutkan bahwa ini kesalahAn aplikasi karna sudah menyita waktu saya saya beri bintang 1. terimakasih. sungguh mengecewakan saya padahal bawa keluarga total 17 orang. semua dari luar kota ingin nonton minecraft.
1;refund gagal proses pengembaliannya lama sekali, membuat kita mau gamau harus ubah jam nntn karena bangku yg kita mau keburu habis, mau beli lagi gabisa karena dananya aja blm dikembalikan
4;kenapa kode promo gopay tidak dapat digunakan ya? padahal belum pernah dipake promonya
1;hari ini pesen tiket via tix id pemesanan gagal dan uang tidak di refund dalam kurun waktu yg cepat, hari ini udah ambil cuti dan gagal nonton karna kehabisan tiket di jam yg saya mau saya kecewa karna dana tidak kembali dengan cepat saat proses gagal, sudah di email ke help tix id responnya lambat
5;Aplikasi ini sangat bagus karena kita tidak perlu repot antri dibioskop untuk beli tiket, tinggal scan aja. Cuman ada biaya tambahan 4000 okelah. yahaha
3;Sebenernya sih udah bagus, tapi sayang belum disabilitas friendly. Hiburan kan diciptakan untuk semua orang agar bisa dinikmati. Jadi tolong ya buat menu pemilihan kursi bikin biar bisa diakses sama screen reader dan tolong pada proses pengembangannya libatkan yang harus dilibatkan. Hanya sekadar masukan sih, semoga kedepan aplikasinya bisa lebih inklusif bisa diaksses sama semua orang tanpa terkecuali. Terima kasih.
4;Baru pertama kali beli tiket disini, belum tahu gimana habis ini kalo datang ke bioskop nya.
5;makasih tix id banyak promonya
5;Totally ok, tapi tolong akses untuk memesan tiket next day atau ditanggal2 berikutnya diberikan. Sangat membantu org2 well prepare dari jauh jauh hari. Kadang aktif iconnya, tapi tidak lengkap filmnya. Berbeda dgn ketika kita akses dihari H nya
5;pelayanan yang sangat baik respon cepat makasih untuk tix telah memberi pelayanan yang baik. tolong konsisten terus ya over all udh bagus pelayanan nya
1;pelayanan sangat buruk
1;udah bayar udah pesen eh malah di refund dari aplikasi nya, mana duit gue blom balik tapi di refund tiket ny aneh bgt, duit gue dipotong tapi tiket gaada, penipu lo aplikasi
2;Aplikasi error mulu...cpt benahi dong...svlm gua hapus ini aplikasi
1;nyesel download, Lokasi di tempat gua gak ada
1;aplikasisinya sangat jelek setiap aku mau beli tiket gak bisa terus udah ganti hp juga sama aja kalo hp aku yang ngleg gak mungkin ini soalnya hp baru sangat tidak di rekomendasikan😡
1;Aplikasi cak seak. susah nian mesannyo
1;saya pesan tiket bioskop di TIX ID, pembayaran Tiket berhasil tapi tiketnya tidak ada. tapi uang saya TDK dikembalikan langsung .
1;gua beli tiket, udah d bayar tp tiketnya gk terbit mau di refund gk bisa parah
4;tiket yg sudah di beli kenapa gak mau muncul yaa,udah di refresh gk muncul juga,mohon bantuan secepatnya
1;gak ada Tombol forgot password nya
3;kenapa pas udah tekan ringkasan order, selalu loading terus, muter2, dan gak bisa transaksi??? tolong ditingkatkan lagi performa aplikasi kelen!!
5;bermanfaat, memudahkan pembelian tiket bioskop
5;mempermudah biar gak usah repot² ngantri
5;memudahkan untuk nonton
4;halo mimin sayang, terima kasih sudah menyediakan fitur yang berkualitas dan bermanfaat, film-film yang disajikan juga ga kalah update. Tapi sayang sekali ada fitur jam tayang film yang akan ditayang pada waktu berikutnya tidak di tampilkan lagi. Karena ga mungkin seseorang bakalan merencanakan nonton film pada hari ini saja mungkin ini bisa diperbaiki dengan menampilkan jam tayang film-film apa saja yang akan ditayangkan pada hari-hari berikutnya supaya bermanfaat untuk pengguna, love u minn
1;pelayanannya sangat buruk, bahkan untuk fee tiket dengan harga 4 ribu pertiket sangat kapitalis. saya membeli tiket dan sudah melakukan pembayaran tapi pembelian tiket gagal dan uang saya tidak kunjung dikembalikan. saya sudah melakukan komplan ke aplikasi dan cs tapi prosesnya sangat lemot sekali hanya untuk mengembalikan uang saya. sumpah buruk sekali pelayanannya
1;refund gagal secara sepihak...dan proses pengembaliannya lama
1;kurang kecil tombol skip iklannya
5;memudahkan ..melakukan transaksi dan sudah bisa melihat Hobby aku tak tertunda lagi ..
5;keren aplikasinya
5;bantu dong gimana caranya biar ada pilihan xxi soalnya cuman ada pilihan cgv sama cinepolis
1;tidak beroprasi lg kah ni apk. gbs dibuka selalu sgop berfungsi
2;Kocak aja njir, film luar sinopsis nya bahasa indonesia sedangkan film lokal malah bahasa inggris, kebalik njay😆 Jika bisa buat semua sinopsis nya jadi bahasa indonesia.
4;"kenapa di makanan dan minumannya gak bisa sekalian di gabung sih jadi biyaya adminnya gak berkali"""
4;design tata ruang luxury,sound benar2 kualitas super benar2 nyaman👍
5;aplikasi sangat bagus dan mudah untuk memesan tiket bioskop
2;tolong dong Indramayu suruh ada tayang bioskop tolol banget sih banyak film baru gak tayang bego banget
5;lebih ditingkatkan lagi. n sering2 ngadain promo2 yg lebih heboh lagi, n menarik
1;aplikasi sudah 1 minggu kendala terus.
5;aplikasi nya bagus, dan bisa membeli tiket bioskop apa saja
1;Udab lama gabisa beli tiket gabisa log out jg muncul tulisan ada kendala pdhl sinyal bagus ga ada masalah jaringan, udah update juga versi terbaru, aneh bgt jd aku uninstal aja deh
3;Awalnya bagus² aja apk nya, makin lama makin susah di buka apknya, ganggun atau gimana?
5;sangat membantu,wort it bnykin promo nya
2;Ini maksudnya gimana dah? Saya pesan tiket 2 kali, disitu tertera hanya beberapa bioskop (biasanya hanya 3), bioskop yang saya pengen, ga ada di daftar. Saya kira emang bioskop yang saya suka ga ambil film tersebut, tapi pas saya cek lagi di hari H-nya (hari nonton filmnya), tiba-tiba bioskop yang saya suka muncul. Ga jelas. Seharusnya saya pesan di bioskop yang saya suka, karena ga muncul, terpaksa bioskop lain yang lebih jauh.
5;kalau pas Film nya Baru.. rame penonton nya.. aman kan tiket nonton nya dengan TIX ID. gak perlu khawatir.. pasti dapet deh.. seat terbaik (pilihan mu sendiri). Bisa liat jam tayang dan film2 yg lagi tayang dan akan datang (coming soon)... Berlaku di semua Kota.. Tinggal pilih kota nya juga. Baik di XXI atau pun CGV.
2;"Jaringan saya bagus, tapi kok kenapa aplikasi nya ngga ke buka""... Udah refresh beberapa kali tetep aja gak ke buka. Gimana sih!"
4;Mantapppp, tambahkan lagi penukaran koin di 20-30rb dong 😍 Tambahkan juga dark mode untuk tampilan TIX ID. Dan untuk biaya admin bisalah jika pesan lebih dari 1 tiket, tidak berkelipatan per tiket(:
1;Apk nipu, bilangnya dapat cashback bagi pengguna baru, ini sudah memenuhi syarat gak dapat2, mending make aplikasinya lain kalau mau beli tiket bioskop
1;Aplikasi lama lemot lelet daglog asli
4;tolong kalo bisa kursi yang udah dibeli ditandain dengan gender biar kita tau yang male atau female
1;Saya daftar nggak ada notifikasi
2;Tidak bisa tukar voucher nya, padahal sudah ada 59.000 coins, quota habis terus ...percuma VIP+
4;Aplikasinya sudah bagus.namun hanya saran saja,coba untuk setiap jam tayang film ditambah ketersediaan kursi didepannya untuk semua bioskop (misal 276/280 available).lalu coba ditambahkan jaringan bioskopnya seperti kcm dan flix. Terima kasih dan sukses selalu
5;sangat baik terimakasih apk sangat membantu
5;Bagus pesan tiket disini sangat memudahkan, Makasih 🙏🏼😊
5;aplikasi yang bagus bikin mudah pada saat mau nonton bioskop.tanpa antri lagi
4;Sangat membantu tapi knapa ya koin ngak bisa kepakai lagi padahal lumayan banyak untuk potongan harga
4;Untuk metode pembayaran, jgn hanya memakai satu pembayaran dari salah satu dompet digital saja min, setidaknya ada 3 pilihan, dompet digital, virtual account, sm Transfer m-banking. Satu lagi mode gelap, itu jg blum ada.
5;Dengan menggunakan aplikasi TIX ID ngebantu banget Gan! Gak perlu repot-repot antri kalo kita mau nonton film di bioskop. Info film-filmnya dan lokasi bioskopnya juga lengkap bahkan kita di-update terus film-filmnya yang paling baru dan yang lagi HYPE!🤩 Promo-promonya juga bisa bikin kantong kita lebih hemat🤑 O iya, kita bisa sekalian langsung pesen makanan cemilan popcorn🍿 dan minuman 🍹buat sambil nonton film. Ada paket murah meriah juga LOHHH 🤑🤓
3;Saya selalu diarahkan pada tix even, meskipun saya sudah keluar. Mohon diperbaiki
3;Gunanya poin apa coba ga bisa d ganti apus ae sistem poin, semua poin kadarluarsa karna ga bisa dituker
5;Sangat membantu, terutama buat Movie mania yang punya posisi kursi favorit atau males antri tiketing
5;Aplikasi yang sangat membantu untuk membeli tiket bioskop dan lain lain nya di bioskop 👍🏻
5;nton ke bioskop ga pake antri tiket lg deh Kl bgini.. knpa ga dari dulu ya..
5;aplikasinya memudahkan banget, gak perlu repot repot antri beli tiket, tinggal beli di aplikasi ini aja terus scan barcode nya. jadi gak takut lagi deh gak kebagian kursi diatas semenjak pakai aplikasi ini
1;Sekarang sering error, gak bisa dibuka
5;Alhamdulillah ada apl TIX ID memudahkan sy memesan tiket tanpa takut kehabisan,best pokonya,thanks
1;Setelah di update sering error ga bisa dibuka lol
1;kacau fasilitasnya jelek banget banget banget,cetak tiket ga keluar!! mau cetak ulang bilangnya telah di cetak!! lokasi : gragemall cirebon
3;"ini apk kenapa dah gak bisa dibuka, padahal sinyal bagus, udah ganti ke wifi/paket data, udah uninstall trs install ulang, udah update dll udah dilakuin semua, tetep aja selalu ada keterangan ""ada kendala, cobalah beberapa saat lagi"" tolong dong di benerin"
4;Baguss aplikasi nya mempermudah kaum mager antri panjang kaya aku, tapi minimal dibanyakin plis metode pembayaran nyaa hehe
5;Sangat mudah di gunakan, dari pemilihan film lalu ke pemilihan waktu tayang dan pemilihan tempat duduknya jg, sampai ke pembayarannya. Over all kalo memakai aplikasi biaa dapat banyak promo buy 1 get 1 yang sangat menguntungkan bagi couple yg ingin nonton berdua tp hemat. Cuma saran aja, lebih bagus lg ada pembayaran cash di kasir, jikalau kita tidak memiliki saldo. Love it
5;"Mudahkan buat beli tiket tnp harus antri..dan semua film"" yg akan tayang pun bisa di lihat di apk ini.. Tapi sayangnya tiap mau tukar koin knp gagal terus,ya..slalu tertera gagal tukar voucher..(mohon maaf terjadi masalah sistem dalam penukaran voucer,di karnakan kuota voucer yg telah habis) Masa seperti itu terus tiap hari & mau tukar koin yg di dapat.."
3;memudahkan dalam pembelian tiket, jadwal film, dan lainnya serta udah bisa payment via ewalet atau bank. hanya saja knp skrg ga ada fitur bahasa jdi ga bisa di ganti ke bahasa indonesia hanya bahasa inggris saja
2;Aplikasinya suka g bisa dibuka. Udh dicoba diinstal ulang, bisa sih tapi waktu baru diinstal doang. Kesananya g bisa lagi
1;Aplikasi gak jelasssssss,,,hampir 1 jam gua mau buat pesanan tiket tapi gak bisa bisa,,bikin emosi aja nih aplikasi. Gak akan gua pake lu lg,,,uninstal aja!!!!!
4;Tolong untuk sistem pembayaran nya ditambah dan diperbanyak lg, seperti bisa pembayaran melalui Virtual Account bank
3;Ini aplikasi di Indonesia tetapi sinopsis film rata2 menggunakan Bahasa Inggris, harusnya ada menu terjemahan nya jika memang dari pihak film memberikan sinopsis berbahasa Inggris
1;Kepada yang terhormat PT elang jaya ini tolong perbaiki napa di hp saya itu erorr terus coba lagi nanti gitu tolong perbaiki napa masa orang nya rapi rapi di kantor aplikasinya bobrok kan aneh it nya kalau ga becus ganti aja sama yang niat kerja, saya bukannya so atau apapun tapi saya mau lihat lihat film atau booking film buat nonton di bioskop jadi susah dan terganggu, terimakasih banyak 🙏.
2;Ini di update bukan tambah gampang buka atau puter trilerx eh malah tambah berat dan muter triler susah luar biasa,,, kalau mau upgrade minimal jadi mkin ringan bukan mkin berat aplikasix 🙏
5;Saya ingin aplikasi ini di tambah fitur terbaik nya dan promo promo di kasih free aplikator dan pembayaran di sediain cash aplikasi nya semoga semakin maju,sukses dan memberikan manfaat buat masyarakat aplikator semoga bisa mempermudah
2;Sering kalau mau beli tiket tempat duduk masih banyak kosong, tetapi ketika pilih tempat duduk ga bisa, loading terus. Berkali-kali seperti itu. Pas coba kesekian kalinya rupanya tempat duduk udh hampir penuh. Ini gimana sistemnya? Awal2 pake tix-id real-time kondisi berapa jumlah tempat duduk saat mau pilih. Tapi masa iya dari kosong ke hampir penuh gak sampe 1 menit. Jadinya mau gamau pilih tempat duduk didepan yg tersisa.
1;Ini gimana kok poin nya ga bisa ditukar ? Padahal ada 9000 koin tapi ditukar 7000 gak bisa alasannya sdh habis kuotanya . Di tukar yg 4000 jg g bisa jg.. padahal sdh dicoba pagi2 ttp ga BS dicoba siang g bisa jg , sore ,malem sama aja ...
4;Aplikasi Tix ID ini sudah keren banget buat beli tiket online! Tapi kayaknya bakal lebih mantap lagi kalau biaya adminnya bisa lebih terjangkau, soalnya masih terasa cukup mahal. Dengan biaya admin yang lebih rendah, pasti makin banyak pengguna yang tertarik. Semoga bisa jadi pertimbangan ya! Terima kasih banyak!
3;Awal cerita bagus . eehh, makin k tengah ama akhir, ngebosanin... ampe ngantok saiya🤣. . mana hantu nya d 7 pantai cm nongol doang, ga ad serem2nya.. padahal review filmnya d tiktok bgs.. endingnya d paksain bgt🫣
1;jelek banget pelayanannya, masa ganti jadwal aja gk bisa, jadi males pake aplikasi ini, pelayanannya buruk banget minta tolong di bantu juga malah di persulit, padahal uang udh masuk, ya kalo gk bisa di refund minimal ganti jadwal lah, ini mah udh kayak penipuan beli barang tapi gada bentuknya gada kebijakannya sama sekali, mending hapus lagi aplikasinya,
5;sangat membantu sekali karena tdk perlu antri dan lbh praktis dalam memilih film yg di inginkan serta bisa pilih di bioskop mna.
1;Download di 2 hp berbeda sama sama gabisa di buka semua, tulisannya error padahal sinyal kencang + wifi jg kencang tpi setiap kali buka selalu error terus sampe udah uninstal terus instal ulang lagi tpi masih tetep sama aja
2;Untuk lokasinya masih ga lengkap contohnya cilacap ga ada di apk ini adanya pwt masa harus ke pwt kan ga mungkin yang deket juga ada studio dakota cinema Cilacap sama kroya tolong dong min di perbaiki lagi
5;Ini sih the best buat mesen tiket bioskop+ jajanan nya jdi enak ga harus ngantri, awalnya ad kendala di beberapa bioskop tapi skrng udh aman, keren bgt sih tim TIX ID cepat menanggapi, the best selalu ya
3;Aplikasi paling mantap, dan biar akun kalian aktif, jangan lupa gunakan = 62VGL2 = ko'de undangny ini, dan selamat akun kalian bakalan aktif dan terverifikasi.. Sehingga kalian sudah bisa menggunakan aplikasi ini, saya sangat suka dengan adanya aplikasi ini, karena aplikasi ini sangat bagus dan juga aman ya.
1;pusing mau nonton film Indonesia semua film box office barat belum ada yg Bagus akhirnya nonton di LOKLOK lebih seru banyak pilihan nonton dirumah aja lebih 👍 Tanpa mengeluarkan biaya & tenaga
1;Setiap ada notif promo tiket buy 1 get 1 selalu update.dan setelah diupdate malah balik lagi ke menu awal.dicoba berkali² tete sama aja.jadi gak pernah bisa dibeli kalo buy 1 get 1 nyaa...
1;"Refund gagal, saldo tidak kembali ke ewallet. Alasan gagal terhubung dengan bioskop, saya kecewa menggunakan tix VIP+ jujur belakangan ini baik"" saja biasanya namun kenapa pagi subuh saat transaksi sudah berhasil malah tiket tidak dapat dan refund juga gagal di email yang jawab juga bot gmana sih ini sistem nya ga bner"
5;mohon kedepannya selalu pertahankan kualitas aplikasinya karena untuk sekarang masih yang terbaik buat membeli tiket bioskop atau melihat jadwal film dan UI sangat nyaman terus metode pembayaran juga makin banyak,jarang bermasalah tanpa kendala sekian terima kasih
2;Untuk transaksi sudah bagus, namun untuk harga biaya admin 4000 dikalikan jika kita pesan misal 10 tiket kan jadi mahal 4000×10. mungkin kedepannya dihapus ya kelipatannya atau harga admin jangan terlalu mahal. saran saja.
5;Mempermudah prosesnya, bebas pilih lokasi bioskop, bebas pilih kursi, mempermudah beli cemilannya, gak perlu ribet antri. Update dgn film2 nya..
1;"Tix id skrg dan dulu udah beda banget. Dulu awalnya rilis, gencar banget cari pelanggan ngasih promo berlimpah. Skrg boro"" ngasih promo, kita beli tiket aja per 1 tiket kena biaya tambahan. Hadeh. Mending lngsung beli di tempat."
5;keren sekarang tix id pembayaran nya bermacam gak kayak dulu yang hanya lewat DANA doang. sekarang bisa Qris euy membantu orang orang yang gak punya dompet digital. tingkatkan terus TIX ID
3;Tolong jangan Paksa Upgrade Aplikasi di smartphone Kami. Saya Sebagai User Aplikasi ini Sangat Kesal melihat Perusahaan terus memaksa untuk Update paksa TIX ID kepada User Aplikasi nya Jika mereka melakukan upgrade. Tolong Kasih Pilihan di aplikasi apakah mau di upgrade atau tidak Perusahaan Pembuat Aplikasi TIX ID. Tolong lihat Ulasan ku mohon maaf penyampaianku berupa Kritikan
5;Salah satu apl paling berguna dan praktis, bisa buat ngecek, liat berita dan beli tiket untuk film terbaru, pembayarannya juga cukup mudah..
1;Saya booking Tiket, pembayaran juga telah berhasil. Saldo saya sudah tersedot 88k, namun code kursinya tidak muncul. Ketika saya bertanya kepada salah satu petugas bioskop, mereka bilangnya ini error pada aplikasinya. Ujung ujungnya code tiketnya tidak muncul sampai filmnya selesai ditayangkan, dan saya tidak menerima refund sepeserpun.
5;Semoga sukses selalu untuk selamanya. Aplikasinya sdh bagus, sangat membantu utk melihat film-film favorit yg ingin ditonton oleh seluruh keluarga.
5;Aplikasi yg sangat2 membantu pas lagi bete mo nonton bisa langsung check film apa yg lagi tayang dan dijam brapa?, semoga kedepannya ada promo2 ya
1;"Udh kirim email tentang kendala tapi tetep aja gk mudeng""lu ,cape banget di bikin kecewa sama tix id ,aplikasi lain klo ada masalah pasti di perbaiki coba tix id mana ada mau berbaiki kesalah ,KECEWA BANGET SUMPAH"
4;Saya mau memberikan pendapat, kalau bisa jangan tiba tiba keluar hanya kerena pengguna tidak menginginkan update aplikasi ini. Seakan akan aplikasi ini wajib di update kalau ingin masuk karena kalau tidak di update gak akan bisa masuk:)
1;Kebanyakan update yang tidak wajar, sering bgt update padahal perubahan nya ga kelihatan.
3;Bagus, sayangnya biaya layanan ga masuk akal. Kok bisa biaya layanan di itung per tiket. Satu tiket 4000, lah kalo beli 5 udah 20000 sendiri buat biaya layanan. Matematika yang aneh.
4;sangat cepat dan tepat ga ribet :') dan perlu melakukan hal ini tinggal pilih t4 bioskopNya dan pilih kursi lalu pembayaran dan pas kita datang ga tergesa gesa lagi ^^
5;Mantepp minn saya suka!,dengan aplikasi ini bisa memudahkan saya,berkat aplikasi ini saya sudah tidak ngantri beli tiket lagi,pokoknya the best deh pertahan kan ya minnn
5;Paling enak pakai aplikasi ini Mau nonton film yang lagi baru, tinggal klik2 aja, pilih film truz pilih kursi, truz tinggal bayar Dan cusss ke bioskop nya, duduk manis tunggu jadwal filmnya, sounding masuk teater and enjoy your movie time 😁
4;Gak usah ngadain promo kl memang gak niat ngasih diskon! Pembayaran sudah berhasil dan saldo dana sudah kepotong tapi tidak ada transaksi untuk tiket mendatang!
1;Jelek lemot banget aplikasinya, pas mau beli tiket gak bisa terus padahal sinyal lancar, terus berkali-kali minta tautkan akun dana buat payment padahal udah di tautkan dari awal
1;Ini aplikasi sengaja bikin kita emosi atau gimana ya? Buruk banget sistem playanannya. Mau beli tiket loading mulu kalo lagi ada buy 1 get 1 di sengaja apa gimana ini dibikin ngelag?
3;Aplikasi TIX ID Bagus sih dan lebih memudahkan pengguna booking tiket nonton bioskopnya, tapi sayangnya metode pembayarannya kurang banyak ☹️, Dan tolong di perbanyak algi metode pembayaranya 😃
2;Masih suka error aplikasi ketika konfirmasi penyedian merchandise, hari ini saya ke arion xxi untuk mengambil garfield tumbler yang masih tersedia di tix, namun ketika saya konfirmasi malah barang dioutlet tidak ada. Untung saja masih bisa refund uangnya. Mohon tolong diperbaiki lagi kesalahan aplikasinya min untuk pelayanannya agar tidak jadi lagi dikemudian hari.
3;Sebenernya tix id lebih enak dipakainya dr pada mtix, tp pilihan pembayaran dgn ewallet cuma Dana. Semoga bisa ditambah ya pilihan pembayaran ewalletnya. Soalnya Dana sekarang udah ga aman, jadi udah ga pakai lagi huhu
5;Aplikasi satu satunya yg menurutku gaboleh banget berubah sih aplikasi ini! Benar benar membantu dalam mengetahui jadwal film bahkan seat dalam bioskopnya terimakasih TIX ID
5;aplikasi yang sangat membantu untuk melihat jadwal film yang akan tayang, harga film yang akan tayang, serta seat (tempat duduk) yang masih kosong. penggunaannya dan pembayaran nya simpel dan ga ribet. tetap pertahankan terus performanya.✨
4;Bintang 4 dulu, hanya sekedar masukan saja, tolong tambahkan fitur pembayaran via dompet digital lain, soalnya aku gak punya aplikasi dan akun dana, kalaupun ada kadang error', jadi gak bisa beli online deh, aplikasi tix id hanya untuk liat jadwal film saja, semoga komentar ku dibaca oleh admin, agar fitur pembayarannya gak cuma lewat aplikasi dana saja tapi bisa lewat pembayaran manapun, jadi kalau misalkan pembayaran di aplikasi dana error' bisa langsung ganti pembayaran lain, terimakasih
1;Akunnya Suka ter-logout sendiri, jika ingin login kembali selalu terdapat kendala dan gagal walaupun koneksi saya sudah sangat stabil. Tolong diperbaiki hal ini!
5;Bagus banget! pemesanan tiketnya juga mudah dan metode pembayarannya juga beragam. Cocok banget buat pencinta film yg mau nonton tapi nggak ribet👍
4;Mudah utk cari film2 seru yg sedang tayang di seluruh Indonesia dan utk booking tiket duluan, cuma metode pembayarannya kurang banyak.
3;makin kemari makin gak jelas, tanggal penayangan tidak sesuai, terkadang tidak bisa dapat promo atau memang di sengaja setiap yang ada promo selalu telat tayang
5;tix id mempermudah transaksi pembelian tiket nonton bioskop, dengan berbagai fitur dan voucher yang bisa di tukarkan. tidak hanya di situ tix id juga punya promo menarik By one get one, Beli satu tiket dapet satu tiket lagi.
1;Pengumpulan poin & penukaran poin yang tidak konsisten. Puluhan ribu poin saya kadaluarsa akibat tidak bisa tukar poin. Manajemen licik sengaja membiarkan poin hangus & setelah banyak akun yg hangus poinnya barulah diberi kesempatan tukar poin. Saya sudah 1 tahun tidak beli tiket disini. Saya beli di aplikasi m-tix karena mereka tidak keceawakan pelanggan & tidak licik seperti tix.id ini.
5;Dengan ada tix id ini sangat membantu sekali jika pengen nonton film yang ditayangkan bisa reservasi di aplikasi ini terlebih dahulu, gak perlu capek antri, gak perlu terburu buru mau beli tiket karena harus antri..bisa memprediksi waktu untuk bisa sampai dibioskop tanpa harus terburu buru..pokoknya top markotop...
4;"Belum coba sii, cman ada kendala di register. Kalau boleh saran tambahin cara regis pakai email, karena bagi saya lebih enak pakai email takut nomer sudah tidak aktif lagi:"")"
2;1. pembayaran opsinya sedikit padahal digital bank banyak yang lebih cepet diakses seperti shopeepay, seabank, neo 2. layanan 4rb pertiket itu buat layanan apa ya? dibioskop kita scan sendiri, mesinnya ngeluarin sendiri 3. suka error kalo lagi promo tapi make sense bisa ada karena server overload 4. opsi nearby belum akurat
3;Hallo kak, saya kenapa gakbisa download aplikasi ini yaa? Kuota internet dan kapasitas memori masih cukup padahal. Mohon bantuannya segera, terimakasih.
3;Bagus si, membantu juga, cuman ada beberapa minusnya. 1. Biaya adminnya, 4k/tiket, bukan pertransaksi. 2. Pembelian tiket dibatasi, 10tiket/hari. 3. Sistem Point' yang di dapatkan dari pembelian tiketnya agak pelit atau terlalu bnyak aturan. dibatasi pendapatan pointnya perminggu dan perbulan. 4. Kecewa sama event penukaran pointnya, 10k point hanya bisa di tukar vocer diskon tiket 7ribu, untuk ngumpulin 10k aja butuh sebulanan, gara gara pembatasan pendapatan point.
4;Aplikasi sangat user friendly, mudah dan enak diliat, semuanya bagus, kekurangannya cuman 1 gabisa refund kalo semisal salah pilih lokasi ataupun tempat, jadi harus lebih teliti lagi saat memesan tiket, selebihnya oke banget
5;Suka banget sama apk nya, cuma biaya pajak pertiket nya lumayan juga ya. Semoga ada kebijakan masalah pajak buat ke depan nya. Misalnya 1 tiket pajak nya 1000 gitu? Xixixixixi
1;percuma gw punya voucher 100k dri BCA buat di tix id klo gk bisa digunain. pdhl gw ada voucher nya, tapi pas mau pesen tiketnya gk bisa digunain, malah ada tulisan (tidak ada promo/voucher saat ini) aneh banget sumpah!!! trs situ voucher BCA gw hangus gtu aja gtuu???? aplikasi freak!!!! mana pajaknya mahal, murahan di MTix. mending di aplikasi MTix aja lahh klo gtuu. aplikasi gajeee!!!!!!!!!
4;tolong sistemnya diperbaiki lagi, ketika ada promo buy 1 get 1 otomatis akan banyak yang menggunakan aplikasi, aplikasi jadi lemot dan sering error, padahal udah dapat promonya tinggal bayar tapi sering gagal.
5;untuk aplikasi sudah bagus, tapi untuk masukan tolong di permudah untuk segi payment. ex: payment via virtual account BCA atau bank lain. jadi tdk berfokus ke metode payment via DANA saja.
5;Alangkah lebih bagusnya jika tik id bisa pembayaran lewat indomaret atau Alfamart tidak terbatas hanya di aplikasi dana aja untuk aplikasi nya sih bagus cuman di tingkat kan lagi aja sistem pembayaran nya
5;lumayan mempermudah, tapi coba bayarnya ngga hanya ke dana saja, coba diupgrade jadi bisa bayar melalui indomaret, alfamart, atau mini market lainnya. terimakasih
3;mau beli seat d5 d6, coba sampai 40min loading terus tidak bisa, minta teman coba juga sama, ternyata sudah not available... kenapa lama munculnya harus ampe 40 min ??
3;Aplikasinya bagus, tapi sayang untuk pembayaran cuma bisa pake Dana doang. Coba bisa pake QRIS pasti bisa lebih gampang dalam pemesanan tiket
5;"Aplikasinya mudah digunakan dan fiturnya juga bagus"". Tapi menurut saya harga layanannya mahal 4k. Klo beli banyak itu seharusnya ada pengurangan atau diskonlah biar tidak kemahalan untuk kantong anak muda/mahasiswa"
5;Aplikasi nya sudah bagus tapi tolong dong tambahkan metode pembayaran melalui aplikasi lain contohnya seperti gojek ovo Shopee jangan satu patokan aplikasi dong min saya pelanggan setia tix id jadi tolong dengarkan saran saya Terima kasih tix id ❤ saya tunggu update terbaru nya ya ❤
2;Sumpah, kan mau coba pake promo ticket yang tersedia dari tix id, eh disuruh update. Setelah diupdate malah jadi ngga bisa. Pas diklik promonya malah keluar, begitu terus. Aneh. Jadi saya uninstall aja. Mohon maaf.
5;"Tidak bisa aktifkan dana, muncul teks ""kondisi jaringan tidak stabil"" padahal saya pakai WiFi lancar sama Data. Edit : sudah bisa"
1;Tiap ada info penukaran point, selalu mantengin dari jam 00.01, selalu 'penukaran tidak bisa dilakukan krn kuota harian sudah habis'. Kalo ga niat kasi reward tukar point, ya gausah umumin Tshayy. Gajelas banget. Yang ada malah hangus point nya kelamaan ga ditukar. Uda bela²in pake aplikasi, kena biaya admin, malah ga bsa ditukar poin nya. Kecewa bet.
2;Ga terhubung otomatis dan ga update dgn aplikasi sebelahnya (MT**) dan yg beli offline langsung di bioskopnya. Pernah kecele misal ambil di baris atas padahal di Tix ID terlihat blm terisi eh pas mau bayar malah ga bisa dan ternyata bangku itu udh terisi, taunya stlh dicek di aplikasi MT**. Apalagi klo lagi war tiket promo kan ga sempat cek aplikasi sebelahnya itu krn buru2, akhirnya coba2 ambil bangku yg baris bawah berhasil tapi itukan ga sesuai keinginan. Kecewalah. Mana biaya adminnya mahal.
2;Aplikasinya makin ga jelas, ga bisa liat trailer dan ada point tiap pembelian tiket tapi point ga bisa di tuker sama sekali BUAT APA DI KASIH POINT KALO GITU PERCUMALAH padahal juga sudah di update terbaru
4;Tolong perhatikan poin yg di dapat , berilah kemudahan di aplikasi untuk mempermudah penukaran poin , berikan lah poin kpd penonton yg sdh di dapat agar mudah untuk di tukar /reward
5;Rekomended sih Apk nya.. gk perlu lagi repot² antri panjang² untuk beli tiket Bioskop.. bisa langsung pilih tempat duduk sesuai keinginan💯
2;"ini kenapa ya mau di hubung kan ke dana tidak bisa dan muncul tulisan ""kami mendeteksi keamanan dalam proses aplikasimu. Silahkan hubungi costumer care untuk bantuan selanjutnya"" dan juga setelah di tekan costumer care malah tidak bisa di muat dan error. Mohon solusi untuk masalah ini🙏🙏🙏"
1;Ini gimana sih masa gangguan mulu, susah banget gak bisa aktifin dana, gimana mau pesen tiket klo gak bisa aktifin dana.
5;Memudahkan untuk membeli tiket bioskop dari mana saja lewat aplikasi, sangat mudah di gunakan, untuk yg hobby nonton di bioskop bisa pakai ini untuk liat rekomendasi dulu sebelum ke bioskop.
5;Oke bgt si bisa ngehemat waktu juga, jdi bisa pesen dlu bangkunya pas flim uda mau mulai baru dateng. Cuma minusnya kena admin jdi kya ahh sebelll
5;Tixid sangat menolong saya sebagai kaum introvert untuk mempermudah pemesanan untuk menonton film di bioskop kesayangan, dengan metode pembayaran yang mudah. Jadi tidak perlu lagi memesan tiket di hari H 👍
5;Mau nonton bioskop udah nggak pake antre n ribet,jadi nggak ketinggalan film yang update mau ditonton karena bisa beli tiket pre-sale jg
4;Cuma saran ja.. knp gak bisa nonton di aplikasi jg, kasian yg dipelosok,, jauh dr 21 kaya aku.. mo nonton harus cari bis or angkot dulu berkali2.. knp gak bisa tinggal klik bayar trus nonton? Semoga next bisa yaa...
5;Alhamdulillah, Tix Id adalah Pesan Ticket Online yang paling baik menurut saya ,karena Lebih mudah dan ketika Sudah di pesan langsung lewat barkot dan Muncul dehh , Intinya Selalu Update Film Terbaru Ya min, Suksess
5;Pengalaman pertama menggunakan aplikasi buat beli tiket setelah 4 tahun yang terasa memudahkan. Saya bisa dengan cepat mengambil tiket dan makanan tanpa harus mengantri. Loading aplikasi gak ada kendala, begitu juga dengan scan saat pengambilan di bioskop. Good job
1;App jelek banget, sejak diupdate jadi gak bisa lihat movie thriller nya, setiap di klik pasti loading terus , tolong diperbaiki donk
1;sya sudah coba hapus aplks trus download lg tpi tetap gak bisa, hp sya matikan trus hdupkan lg juga tetap gak bisa, jaringan oke oke aja.. apa masalag aplksinya
1;Penanganan coustumer servicenya buruk, saya pesan tixfood salah buat jam pengambilan makanan. Lalu saya kirim via google mail, bukannya ngasih solusi malah tetap di suruh ambil pesanannya di jam yang salah, mantap tixid, keren,good job!.
5;Pakai ini mau order ticket nonton jadi mudah, cepat dan aman.. Semoga next tix id bisa kerja sama dengan Shopee. Dan cara pembayarannya bisa menggunakan Shopeepay juga, gk cuma pakai Dana.. Oiya satu lagi,, mohon di perbaiki saat mau lihat trailernya, tidak bisa di mainkan.
1;Kenapa tidak bisa melihat trailer nya, dulu bisa kenapa sekarang tidak bisa, kesalahan saat memutar di YouTube keterangan nya seperti itu. Kembalikan ke versi dulu saja , tidak usah di update kalau hasilnya lebih jelek.
1;Kok tampilan nya kayak begitu ya sekarang? Udah Gak bisa pesen tiket lagi kah? Tolong kembalikan ke tampilan seperti dulu yg mudah di akses, sekarang tampilan nya gak banget, gak ada tampilan film apa aja yg sedang tayang, trus gak bisa cari lokasi bioskop nya jadi udah gak bisa pesen tiket lagi di app ini? Ya udah saya install aja klo gitu.
1;Tgl 11 kmren beli tiket di tix id, jdwal nnton jam 19:20,dan kita nyampe bioskop 19:50 jdi telat stngah jam krna ada kndala dijalan,dan pas mau scan tiket aplikasi tdk bisa dbkak krna lg maintenance,dan saya jga nga pernh ss tiket atau dowload ,biasnya lngsung dri aplikasi aja,kita minta solusi ke xxi dan mereka ng bisa krna harus hub pihak tix id,dan respon pihak tix id jga lama,akhirna smpai film slsai kita nga bisa nnton krna aplikasi nga bisa dibukak,jjur kcwa bngt krna sldo nga bisa drefund
1;Sangat parah..udah beli tiket .lantas tiba2 aplikasinya Error..dan tdk ada yg bertanggu jawab..sy sgt dirugikam waktu dan materi.udah jauh2 datang ke XXI Lippo Mall.malah aplikasi nya gak bisa di akses..Parah👎👎👎👎
1;Jam 8 malam hari ini mau beli tiket tapi ga bisa terus sampe jam 9 ini, sampai kapan ini harus nunggu, aplikasinya diperbaiki atau apa ini ga bisa-bisa, cepetan dong ini mau beli tiket, tadi jam 7 masih bisa, malah pas mau beli jam 8 ga bisa, maksudnya apa, duh sebel banget
1;Aplikasi tolol, kenapa maintance (perawatan) aplikasi malah dilakukan saat lagi jam² nonton film. Alhasil gabisa nonton film saat lagi maintance ditambah duit ilang. Mending kalau lagi maintance saat jam² engga ada film tayang (misal jam 1-3 pagi) jadi engga terjadi masalah di tiket
4;terlalu spam banyak notifikasi, tolong difilter lg agar tdk mengganggu. Dan kalo bisa coba tambahkan metode pembayaran paylater/cicilan lumayan bisa digunain dikala gajian belum turun wkwk
3;Ga bisa buka trailer katanya ada kesalahan padahal sebelumnya bisaaaa, pakai wifi dan kuota tetep gabisa lihat trailernya hmm gimana nihhh
5;Pertama order tiket XXI disini,, Sayang nya Diskon voucher pertama kali order hanya berlaku di Jabodetabek saja.. Perbanyak Diskon khusus utk film2 Indo dong, supaya Film Indo bisa berkembang lebih baik lagi.. Thx
1;Mau aktifkan DANA, disuruh masukkan akun atau no hape. Malah keterangan sudah digunakan pengguna lain yang mana itu punya saya. Koplak emang mau bayar aja ribet. Hidup dipersulit memang dan ga ada opsi pembayaran lain. Baru instal jadi auto uninstal lagi dong.
1;Hallo tix kapan kalian perbaiki aplikasinya, mengapa triler film selalu tdk bs diputar dan sudah berlangsung sangat lama, pdahal pelanggan kalin tarik 4rb per tiket tp aplikasinya masih sangat jelek
2;Kenapa sekarang bayar tiket bioskop susah banget selalu muncul jaringan tidak stabil coba beberapa saat lagi. Saya udh coba berpuluh2 kali tapi tetep GK bisa
1;Kenapa pembelian tiket bioskop tidak bisa disini ya??setiap mau pembayaran sesalu muncul jaringan tidak stabil,padahal d rumah pakai wifi pakai data juga gitu kan jadi sayang saldonya.....
3;Sekarang TIX ID banyak bug atau bagaimana ya? Masalah jaringan dan koneksi tidak stabil pas akan melakukan pembayaran
4;Kenapa disaat udh tukar poin dan dapet voucher, ketika coba cara dapetin promo harganya tetep dan ga otomatis berkurang sesuai prosedur promo, padahal udh saya coba bolak balik tapi knpa tetep Ndak bisa ya, Dulu masih bisa dan otomatis dapetin promo karena ada voucher, skrg malah makin bingung ribet juga udh bolak balik coba film di bioskop tetep aja ga muncul otomatis voucher nya Bisa tolong di jelaskan mungkin ya, trimakasih 🙏
2;Mau beli tiket nya tapi terus aja muncul jaringan tidak stabil padahal sinyal bagus, udh dicoba bbrapa kali tetep kaya gitu
2;Sinyal penuh tapi mau transaksi kok problem jaringan. Sudah semingguan lebih problem kayak gini terus. Top up ke dana jadi sia-sia.
3;"Tadi nya mau kasih reting 5 tapi gak jadi knpa sekarang jadi begini aplikasi nya ?? GK bisa liat video trailer nya ?? Udah di update terus tapi masih juga gak bisa .. muter"" ajah terus ajah kayak gak ada kuota , padahal kuota ku ada terus looh .. tolong dong di perbaiki lagi ini ..."
1;Makin Tidak Jelas, Untuk Verifikasi saja membutuhkan waktu Ber Jam - Jam lamanya. Banyak Bug, ketika Meng Klik sebuah menu tiba2 Hilang, dan Logout. Segera Diperbaiki
1;Makin lama makin parah aja. Biasa beli tiket gampang aja sekarang beli 3x gagal terus dan pakai pin dana, karena ada masalah dengan bioskop nya tapi beli ke 4x gak pakai pin tapi pakai otp SMS. Kalo nomor hp yg gak aktif lagi gimana dapat kode OTP nya? Tix id nya nomor ini tapi dana bisa nomor lain?
2;Baru baru ini kenapa mau bayar tiket selalu muncul jaringan tidak stabil padahal jaringan ga kenapa kenapa pake wifi pun sama udah matikan data refresh pun tetap begitu heran dah.
1;TOLONG PERBAIKI DI REVIEW FILM, KARENA TIDAK BISA MEMUTAR FILM DI YOUTUBE, tertulis di PREVIEW film : terjadi kesalahan saat memulai pemutar YOUTUBE . TIDAK SEPERTI VERSI YG LEBIH LAMA BISA MEMUTAR PREVIEW FILM DI YOUTUBE. CATATAN : HP SAYA REDMI 10, MIUI 13. 0.12. MOHON PERHATIANNYA & PERBAIKANNYA. TERIMAKASIH.
3;saya kasih bintang 3 dulu karena, saya mau aktifkan dana gagal terus katanya karena jaringan. saya pake wifi ga bisa pake data ga bisa juga, kalau untuk pemesanan pake dana its oke lah tapi mau aktifkan dana ga bisa terus.
4;Aku sarankan yg suka nonton film install aplikasi ini untuk mempermudah pembelian tiket, karena mudah dalam pemakaian dan bisa memilih seat yg diinginkan dengab cepat dari pada on the spot.
1;Pilihan pembayaran cuma pake dana. Dananya aja suka error. Jaringan / sinyal hp bagus. Keterangan di aplikasi TIX pembayaran error jaringan. Gak logis. Repot. Keburu kehabisan seat mau pesen.
4;Hallo TIX ID.. Beberapa Minggu ini kenapa yaa untuk akses cuplikan video trailler di aplikasi terteranya gagal gagal terus yakk.. mohon dicek dan segera diperbaiki. Terimakasih
2;"Kenapa ini gk bisa beli tiket bioskop, pas melakukan pembayaran malah nongol pemberitahuan."" Jaringan tidak stabil,error. Padahal jaringan internet saya josgandossssss."
3;"Maaf saya kasi bintang 4. Sebenernya bagus si tapi rada ribet harus pakai dana, kalau nggak punya harus download daftar top up dulu, semoga kedepannya bisa pakai gopay/ shopeepay/ lainnya juga biar memudahkan terimakasih Ini kenapa ya buat nonton trailer kok nggak bisa? Tulisannya ""terjadi kesalahan saat memulai pemutar YouTube"" min? Punya saya aja / memang semuanya kah? Udah saya Uninstall terus saya install lagi masih sama? Bagaimana solusi nya? Maaf saya turunkan bintang dulu🙏😭"
4;aplikasi yg mudah utk pemesanan tiket biar ga kehabisan & dpt seat yg sesuai keinginan drpd saat on the spot cm sygny utk biaya layananny yg 4rb knp tdk dibuat sekali transaksi aja ya...kn lumayan bgt tu klo beli tiketny rombongan...😣
5;Kenapa ya gagal terus untuk ngaktifin Loyal Tix. Notifikasinya menunjukkan bahwa terjadi kesalahan. Tiap hari saya coba ulang, hasilnya tetap sama. >>> PROBLEM SOLVED. Keluhan di atas langsung teratasi dalam waktu tidak lebih dari 5 menit. Terima kasih CS yang fast response.
1;Sudah update aplikasi, tapi kok jaringan tidak stabil terus keterangan nya. Padahal WiFi lancar, lihat YouTube lancar, wa lancar aman2 aja.
5;Semoga di tingkatkan lagi untuk fitur pesan makanan dan minuman di semua cgv dan cinepolis, jangan hanya di xxi saja. Selebihnya sudah bagus banget mantap
4;Okee... Metode pembayaran juga cukup mudah akan tetapi untuk biaya pajak aplikasi atau tiket bisa di kurangi menjadi 2.000 Pertiket setelah itu tolong adakan Fitur TIX ID Food di seluruh bioskop Indonesia dong soalnya untuk fitur ini masih di tempat tertentu saja
2;Metode pembayaran yang kurang,admin tix mohon tambahkan metode pembayaran yang lainnya seperti gopay dan shopeepay,jangan hanya dana saja,dana juga sekarang sering bermasalah,mohon tanggapannya admin tix,Terima Kasih
1;Udh download dari lama, dan udh bela2in juga download dana dan udh isi saldo dana juga buat payment tiket nya, tapi masalahnya gamau terhubung ke dana, alasannya jaringan tidak stabil, padahal jaringan aman2 aja di app lain, rada kesel si
1;Saya sudah update, sudah hapus cache, bahkan hapus data. Tapi masalah sama, yaitu tidak bisa terhubung dengan aku dana. Muncul notifikasi jaringan tidak stabil, padahal kekuatan jaringan dalam kondisi stabil tidak ada masalah apapun.
5;Okeee.. metode pembayaran sangat mudah ya bs dg ap DANA. Jdi kl ada film yang lg trend bs pesen dsni ga perlu antri2 ga takut kehabisa jg kl lwt loket. Thanks tix. Kl ba biaya layanan cukup tuk 1x pemesanan aja ya. Jgn 1 tiket ada biaya layanan. Lumayan atuh kl belinya 5 tiket.hehe
1;Kenapa tidak bisa kaitkan ke akun dana min, selalu bermasalah jaringan, walau menggunakan wifi dan paket data sama saja tidak bisa
5;Untuk Developer PT. Nusantara Elang Sejahtera. TIX ID Sangat Bermanfaat, Terus Tingkatkan Fitur Dan Kualitas Di Dalam Aplikasi.
5;Sangat sangat membantu, karena meminimalisir antri panjang dan lebih simpel untuk pemesanan tiket, karena langsung singkron dengan aplikasi Dana, Terimakasih Tix id.
5;aplikasi secara tampilan mudah digunakan, proses transaksi juga cepat, namun sayangnya poin yg dikumpulkan tidak ada gunanya, tolong dibuatkan fitur untuk memaksimalkan penggunaan poin
1;3 bln ini appsnya jadi gak guna, gabisa dibuka walopun jaringan bagus, uda kesekian x install/uninstall masih blm ada prubahan🥱
1;Selalu pakai tix.id beli tiket namun opsi penukaran poin tix.id tidak selalu ada. Hasilnya poin yang terkumpul akhirnya kadaluarasa. Pembelian tiket dikenakan 4000 per tiket. Saya kira cukup dikenakan sekali per transaksi saja namun ini per tiket. Sangat mahal & boros2 uang saja. Poin pembelajaan ludes seketika karena tidak ada kejelasan penukaran poin yang selalu siap untuk bisa ditukarkan. Padahal poin sangat banyak. Tix.id memang pelit bennefit & sedot biaya. Bye..bye...
1;Jangan mau pake apk slot tix ini, dulu booking itu bisa sampe 2-4 hari, sekarang lu pesen beda sehari aja di setting hari itu juga pas bayar, mana ga bisa refund, udah ganti namanya aja jadi tixslot id
3;bagus sih, cmn biaya layanan nya gede amat. trs jg kadang promo buy 1 get 1 itu gak berlaku pdhl mesennya dri jam 10 dan waktu promo msih ada.
3;Tolong dong pembayarannya jangan pakai dana mulu. Kalau pakai dana 1 tiket kena biaya tambahan 4 ribu. Lebih murah ongkos ojek untuk ke bioskopnya dari pada beli tiket + biaya tambahannya 😑 Kalau nontonnya berdua mah gpp Lah kalau nontonnya rame2 bisa2 tumpur 🙃🙃
1;"Sdh pakai apl tix.id yg terbaru..tpi tetap tdk bs digunakan..gak bs input no hp..kty ""koneksi jaringan tdk stabil...""pdhal sdh pakai wifi dan lancar2 aja yg lain. Aplikasi dana pun sdh aktif. Trs pilihan cuma Dana buat bs beli online..kalau bgini percuma dong ga bs beli online :("
5;aplikasi yang efisien, untuk menonton film terbaru tiap tahun nya, saran saya tambah sedikit foto untuk lokasi, agar lebih mempermudah melihat kondisi bioskop.
2;Mau beli tiket pembayaran hanya tersedia dana, udah gitu pas mau atur pembayaran dana eror kondisi jaringan tidak stabil apalah, padahal udah habis diperbaharui tapi sama aja kecewa sih
5;Aku Sangat suka dengan Aplikasi TIX ID mempermudah Pembelian Tiket Bioskop XXI, CGV, Cinepolis . Semoga kedepan nya Biaya Tambahan nya bisa di murahin lagi , sedikit mahal.
1;Tidak bisa aktifkan dana padahal jaringan stabil pakai wifi. Sudah coba update dan clear cache tidak ada perubahan masih tidak bisa aktif ke dana.
5;Saya sudah pakai mtix selama 2 tahun dan sudah banyak poin saya yg terbuang barusan juga terbuang 11k poin tidak pernah terpakai karna belum pernah ada caranya sampai sekarang masih coming soon untuk coinnya mohon segera update dan tingkatkan di lapangan untuk poin agar bisa beli tiket gratis atau pop corn
2;Harusnya klo aplikasi ini mau makin banyak merangkul semua kalangan, opsi cara bayar tidak hanya melalui DANA tapi juga bisa lainnya seperti via. Mbanking ataupun gopay
3;Bagus, hanya saja tolong tingkatkan untuk sistem pembayaran jangan hanya melalui app dana. Tambahkan dri mbangking, Shopee atau apa 🙏 dan berikan promo agar nambah nih bintangnya 😁
3;Maaf kenapa saya tidak bisa mengaktifkan pembayaran Dana? Alasan kondisi jaringan tidak stabil. Padahal sudah dicoba ke esokan hari & sudah mencoba memakai wifi tetap saja tidak bisa. Mohon pencerahanya.
2;Kenapa selalu bermasalah loading berkepanjangan pas mau order tiket. Padahal jaringan stabil. Tolong dong di perbaiki 🙏
3;Dapet koin/cashback bisa kadaluarsa padahal klo dikumpulin udah dapet 1 tiket. 😂🤣 Mungkin tix bisa lebih mempertimbangkan kembali keputusan nya. Terlebih penambahan biaya nya cukup besar. Bahkan pemakai aplikasinya sudah cukup banyak.
1;Aplikasi gk jelas, mau bayar tapi jaringan tidak stabil terus..sudah di restart berkali2, ganti jaringan berkali2 tetap tidak bisa..gmna ini mohon di perbaiki
2;1. Kendala saat menghubungkan ke DANA, disarankan ganti jaringan.. udah diganti pake provider lain bahkan pakai wifi, tetap ga bisa 2. Harusnya ada pilihan pembayaran lain 3. TIX berharap apl ini mjd pilihan utama saat booking tiket bioskop kan.. tolong kembali ke no. 1 & 2 oke 4. TIX nginfoin DANA bisa di TU lewat va n gerai.konsumen mah tau, kan fungsinya e wallet buat mempermudah.. kenapa harus double admin n tenaga ? 5. Sedih karena TIX sebenernya disayang konsumen, tapi TIX ga sbaliknya :(
3;ini kenapa gabisa menghubungkan ke dana ya? keterangan nya kondisi jaringan tidak stabil. padahal gaada masalah sm jaringannya. tolong di atasi segera ya developer makasih.
3;Kenapa yah setiap mau pembayaran slalu jaringan tidak stabil trs,padahal saya udh coba pake jaringan mobile sama pake wifi
2;"Tidak bisa melakukan pembayaran melalui dana, selalu muncul tulisan ""kondisi jaringan tidak stabil"". Udah mencoba pakai data dan wifi, tetap tidak bisa."
5;Wahh aku seneng bgt pake Apk ini, memudahkan aku mesen tiket dengan cepat..selain itu murah admin nya , gak ada patokan pembayaran jga... mudah bgt deh pokonya top markotop, tetap pertahankan yaa xixixi
4;Pembelian tiket mudah dan simpel, sistem pembayaran nya hanya bisa dg DANA bikin orang mempertimbangkan utk pake aplikasi ini atau tidak.
1;Ini pas mau bayar kenapa selalu gagal pas autentikasi ke dana padahal streaming lancar, kalo bisa kenapa cuma dana aja kan bisa ditambah pembayaran yg lain
2;Ini kenapa sih tumben banget tiap pasmau pembayaran ke dana layarnya loading ga selesai2. Udh diciba berkali2 sampe update dan restart juga udah tp tetep ga bs bs halaman pebayarannya loadin terus
3;Kenapa setelah diupdate dan akun baru tidak bisa aktivasi pembayaran dana? Selalu koneksi jaringan tidak stabil padahal buka yg lain lancar2 aja Bagaimana ini tolong dong perbaiki
4;Yasudah saya kasih bintang 4 ya, karena pembayaran tiket selalu diarahkan pakai dana. Alias tidak ada opsional untuk melakukan pembayaran via transfer bank, qris dll. loyaltix poin PALSU, dapat poin tapi tdk bisa di tukar apa apa, udah gitu ada masa berlakunya Setiap mau beli tiket pada halaman checkout selalu diarahkan untuk pembayaran via dana, dan itu agak sedikit merepotkan karena harus top-up terlebih dahulu. Tapi kalau secara fungsionalitas bagus, pertahankan dan kalau bisa ditingkatkan.
4;Aplikasi sangat bagus untuk pesan tiket online bioskop walau kadang2 agak trouble saat cetak tiket pada saat hari high session atau hari pertama film yg bakal banyak penontonnya,moga bisa ditingkatkan lagi pelayanannnya...
5;Apk nya bagus sangat memudahkan kita untuk membeli tiket secara online dan tidak rumit juga, tapi mungkin untuk dibagian metode pembayaran nya ditambah jangan hanya DANA saja biar lebih fleksibel saat membayar
1;Tolong iklan popup filmnya ilangin. Saya mau pilih film sama bayar tiket jadi sangat terganggu jadi mesti bolak-balik.
1;Terlalu banyak bug. Padahal saya klik dibagian kursi yg kosong, namun tidak dapat dipilih. Kalopun dapat dipilih saat ingin lanjut ke menu pembayaran malah tidak bisa
1;sumpah baru kali ini pesen di tix id tapi jadi salah lokasi, masa saya beli di Transmart Tegal di tertera Aeon Mall Jakarta, toh saya sebelum melakukan pembayaran lokasi sudah benar sesuai, kenapa setelah melakukan pembayaran lokasi tempatnya berubah? Lebih nyeseknya lagi bukan cuman 1 tiket tpi 5 tiket, ni gabisa refund setengah persen gitu? Ah pelayanan buruk bgt baru kali ini dpt kejadian ga mengenakan
1;"apaan sih saat mau kaitkan dengan Dana selalu muncul notif ""kondisi jaringan anda tidak stabil"" padahal jaringan bagus dan sudah update aplikasinya, ga jelas banget"
1;Kenapa ya tidak bisa aktifkan aplikasi dana.selalu tulisannya kondisi jaringan tidak stabil.padahal aplikasi tix dan dana sudah update semua.alhasil tidak bisa beli online.buruk sekali
5;Bgs bngt aplksiny lebih gampang klo misalnya mesen tket lewat aplikasi ini apalagi kalo lagi rame banget antrian penuh lebih baik pake tix id aja lebih simpel mudah dan ga prlu ngantri
3;So far aplikasinya bagus, tp percuma ada loyaltix kalo dr tahun kemarin masih segera hadir. Sudah mengumpulkan banyak loyaltix tp banyak juga poin yang kadaluwarsa karena ga bisa dipake.
4;"Aplikasi tix id nya kenapa loadingnya lama bener ya? Dulu pernah pake udah lama di hp satunya, pas nyoba download lagi di hp yg baru karena pengen nonton/liet"" jadwal eh loading terus menerus, kalaupun masuk layarnya cuman putih, itu kendalanya apa ya?"
1;Sangat tidak memuaskan karena tidak ada potongan harga diskon.Bahkan harganya lebih mahal.Jadi saya sarankan pada kalian semuanya beli tiket bioskop itu langsung aja ke loketnya.
1;"Kenapa di aplikasinya tidak bisa aktifkan akun DANA ya? Padahal nomor DANAnya sudah sesuai, tapi selalu muncul notifikasi ""kondisi jaringan tidak stabil"" sudah coba pakai data seluler dan wifi (sinyalnya lancar), tapi tetap tidak bisa. Karena selalu bermasalah jadinya tidak bisa beli tiket secara online, sedih banget :( Mohon untuk segera diperbaiki!"
1;Sistem pembayaran masih error, lalu sistem pembayaran hanya bisa melalui DANA, tolong di tingkatkan untuk sistem pembayaran ditambah, seperti GoPay, OVO dll, supaya tidak mengalami error untuk pengaktifan dan pembayaran tiket
2;"Untuk point loyaltix kenapa ""segera hadir"" Terus ya? Saya termasuk orang yg sangat rutin menonton bioskop.dalam sebulan bisa 5-7 kali ke bioskop,tiap cek dapatkan reward loyaltix tulisannya segera hadir terus.apakah ini hanya sebuah gimmick?"
1;Harap berhati² niat ingin praktis malah rugi pake apk ini . Beli vocer tapi tidak bisa ditransaksikan karna aplikasi ini eror terus . Jdi hangus uangnya . Di komplain di email malah ngelempar ke pihak dana . Padahal sudah jelas di dananya pembelian berhasih pas pembelian tiket di tix id nya yg gagal terus . Baru kali ini sekecewa ini sama aplikasi . 👎
2;Susah dihubungkan dengan dana. Alasannya jaringan tidak stabil terus. Padahal buka aplikasi lain lancar2 saja. Bukannya memudahkan malah merepotkan.
3;Aplikasi tix id ini cukup membantu untuk membeli tiket bioskop namun sayang hanya menjual tiket bioskop xxi, cgv dan cinepolis aja dan itu menurut saya blm lengkap. mohon kedepannya juga bekerjasama serta menjual tiket bioskop seperti flix cinema, kota cinema, platinum cineplex dan cinema lainnya.
1;Awalnya app ga bisa dibuka, udah diupdate masih ga bisa dibuka (stuck di logo tix), udah clear data juga masih sama. Trus mesti gimnain lagi??
2;Percuma ngumpulin point tapi gak bisa di gunakan,ujung-ujung nya hangus blas. Jadi males pake nya,mending apk sebelah banyak free nya. Males blas skrg pake apk ini,udah admint tiket lumayan,belum potongan TF nya . Ada yg ngerasain sama gak ?
3;"Sejauh ini semuanya bagus kecuali satu yaitu mengenai poin loyaltix, saya sudah mengumpulkan lumayan banyak dari tahun kemarin dan untuk reedemnya keterangannya ""segera hadir"" terus, ampe poinnya hangus sia sia nggak bisa di pake buat tuker apa apa. Jika memang masih pengembangan alangkah baiknya tidak ada masa berlaku atau point tidak akan habis, jika poin bisa kadaluarsa dan di menu penukaran tidak ada, lebih baik hapus saja fiturnya"
5;Kalo bisa ngasih bintang 1000 pasti saya kasih, keren banget aplikasinya. Hebat parah developer nya karna salah satu pembayaran pake akun dana buat bayarnya jadinya akun dana saya bisa pulih dari penipuan karna lewat apk TIX ID👍
2;Kenapa gabisa dibuka? Alesan nya disuruh perbarui, tapi pas buka play store ga ada fitur pembarui nya...gmn sih yg bener???
3;apknya kenapa sekarang tidak bisa dibuka tulisanya suruh update, dan sudah saya update dan sempat install ulang tapi masi sama keluar tulisan suruh update mohon di perbaiki
4;Sangat mempermudah dalam pembelian tiket bioskop 👍 tapi sayang banget Loyal Tix Rewardnya gapernah ada Rewardnya, Poin yang didapatkan selalu jadi useless dan kadaluwarsa dengan sendirinya.
1;Ini gimana to, mau aktifkan loyatix konfirmasi emailnya gak dikirim2, kalau emang email aku salah biar ku ganti, mau edit email yg masukan ya gak bisa,... Terus piye jal.... 🥺🥺🥺 mengecawakan banget.... Males ah
1;Tolong hadirkan fitur re schedule dongggg!!, kalo cuaca gak menentu kasihan yg udah booking duit sudah masuk, tapi gak bisa berangkat gara2 hujan ..
5;Sangat mudah digunakan untuk memesan tiket nonton. Banyak event dan diskon yang ditawarkan. Kemudahan dalam memesan atau booking tiket bagi kalian yang malas antri di bioskop.
1;Penukaran loyaltix itu disediakan tiap waktu dong, masa harus menunggu mulu, lalu hangus hanya karena pilihan penukaran yang sedikit. Bagusan pengumpulan poin apl disebelah..batas waktu lebih lama dan penukaran bisa kapan saja.
5;Ka saya mau tanya, kenapa banyak customer saya yang beli tiket lewat tixid , tiket nya suka ke refund sendiri dari aplikasi nya? Jadi suka kasian padahal dia udah beli tiket dari rumah/ jauh jauh hari ( kalo tiket ats) datang ke bioskop tiket nya udah ke refund dan terisi sama orang lain tempatnya.
5;Udah empat tahun pake TIX ID dan senang karena bisa melihat dulu ketersediaan kursi sebelum membeli tiketnya. Hanya biaya adminnya lebih mahal dari pesaingnya, tapi okelah, udah suka dengan TIX ID.
5;Saran untuk kemajuan aplikasi : coba sambil dikasih ilustrasi letak layar bioskop nya ... kadang mau beli gk tau mana yang paling depan dan belakang
5;baguss si, biaya admin emang 4k tpi dapet potongan 7k dari harga tiket 35k jadi 28k membantu juga kalau mau cek film yang tayang hari ini jadi gausa ngecek atau nanya lagi disana
4;Lebih mudah untuk mengecek film yg lagi tayang dan pesen tiketnya lebih mudah, tp agak mahal pertiketnyan kena ppn 4000😁 tp gak masalah kok
3;Bintang 3 dulu ya. Semua udah oke cuma 1 hal, poin loyaltix nya buat apa dong klo cuma dikumpulin tapi gak bisa dipake trus hangus (masih menunggu). Saya kira hanya karena belum diperbaharui, tetapi tidak. Mohon segera beri fiturnya. Terima kasih.
5;Baru pertama kali pesan tiket nonton pakai tix id ... Biasanya cm buat liat² cuplikan² film yg sedang main aja. Akhirnya bener² pakai aplikasi dana.
1;Saya kasih bintang 1 dengan alasan : 1. Saldo di aplikasi dana dan tix id tidak sesuai ... jika uang saldo kurang saldo tix id tidak bisa ditarik tunai sangat kecewa berbeda dengan dana saya lihat tutorial di YouTube saldo tix id dan dana sesuai sedangkan punya saya berbeda sangat kecewa!!!! 2. Harga tiket hari ini naik jadi 10 ribu biasanya 5 ribu alhasil uang nya kurang sedikit gara-gara aplikasi tix id ga bisa tarik saldo kalo bisa saya masih bisa transfer ulang masalahnya gabisa!!!!
5;Senengg bangett, gw alau mesen tiket mesti di tix id jadi GK pernah ngantri di bioskopnya langsung kelamaan itu mah, banyak diskon juga dan gw dapat buy 1 get 1 akhir bulan. Bisa buat beli paket film juga atau nonton online, cuman emang sering lemot aplikasinya mungkin pas war ticket gitu lemotnya masyaallah🤦🏻‍♀️ but overall good, thank you for a pleasant experience Tix id✌️
5;Aku suka aplikasinya, karna mudah untuk memesan tiket bioskop, dan ya kalo bisa ditambahin lagi buat pasen makanannya juga, kaya popcorn dan minuman nya, biar lebih enak aja😁
3;Membantu sih , tapi biaya penanganannya 4000/tiket lumayan ya 😅 Yg saya tau rata2 kalo pakek aplikasi lebih murah atau enggak lebih mudah Ini jatohnya jadi Makin mahal gk sih Udah kita modal kuota masih di tambah diaya penanganan yg lumayan Kalo gini ya mending nganter beli di loket aja gk sih (Maaf ya ulasannya saya edit)
1;Sekarang pembayaran hanya bisa dana saja.. tidak bisa pembayaran lain. Payah!!! Aplikasi dana sudah banyak menahan uang rekan² saya.. kenapa harus dana..
1;Kenapa tidak bisa untuk mengaktifkan dana di aplikasi tix? Tulisan nya tertera koneksi internet tidak stabil, padahal internet saya lancar 4G pula. Diperbaiki dong itu kenapa, dana saya juga ada saldonya. Perbaiki gak lu! Gw kasih bintang 1 nihh
1;min, ini gw mau daftar akun aja kode konfirmasi nyaa lama banget udah nunggu sampe waktu pengirimannya habis trus kirim ulang tetap aja gak kekirim padahal mau pesan tiket, bisaa gak lebih di perhatikan lagi?
1;Terakhir bayar pake kartu kredit lewat dana bisa. Kenapa sekarang jadi gak bisa. Pembaruan bukannya kemajuan malah kemunduran.
1;Udah di update, udah dibersihkan berkali apk nya tapi tetap tidak bisa bisa tempat duduk + tambah tempat duduk
1;Baru pertama kali pakai dan sudah kecewa. Saya sudah pesan tiket jauh hari. Giliran sudah di bioskop, tempat duduk sudah disalip sama orang yg beli tiket offline. Gak akan pakai ini aplikasi👎
4;Sangat disayangkan pembelian maksimal cmn 6, trs kena charge 4rb perseatnya 6x4rb udah 24rb.. bisa buat ntn lagi tuh. Coba klo diganti pembelian diatas 5seat cmn kena charge 10k doang bakal makin sering make.
1;Aplikasi sangat tidak berguna, karena pada saat pembayaran tidak bisa mengaktifkan aplikasi dana padahal akun dana saya sudah aktif dan sudah ada saldonya.. Mohon di hapus aja aplikasi ini Terima kasih
1;Metode pembayaran tidak variatif, sangat kolot. Saya tahu ini strategi marketing biar keuntungan lebih banyak di Dana sama TIX ID, tapi ya ngga gini2 juga. Masa kita harus tup up kelipatan 50 rb, sedang dana ga pernah dipakai transaksi. Sala pilih partner aplikasi ini.
2;Opsi pembayaran yang dilakukan hanya bisa melalui dana ini sedikit menyusahkan, dikarenakan jika saldo dana habis harus di isi kembali, sedangkan jika bisa langsung melalu transfer untuk pembelian nya tidak perlu isi dana, jadi mohon perbanyak opsi pembayaran nya
5;"tambahkan fitur memesan popcorn dong, biar gak ribet milih dan sekalian tau harganya. biar dateng ke bioskop langsung ambil Popcorn nya. soalnya aku orang nya liat liat harga, jadinya klo pesen PopCorn agak lama, liat yg murah + enak. Tolong ya Tix ID. ""TERIMAKASIH"""
1;Kenapa ga bisa di refund atau minimal bisa direschedule. Update dong. App nya terlalu kaku. Kalo salah pesen hangus gtu aja. Gimana si
4;sbnrnya jika dibandingkn dgn apk tetangga emg lebih unggul tix id, tp klo metode pmbayaran di tix lebih ditingkatkan lagi slain dana dan pajak per pembelian tiket diturunin sdikit lgi, udh perfect sih
1;"Tiba"" gabisa di buka.. Padahal udah lama bgt pake ini apk.. Sudah update + koneksi lancar.. Tetep gabisa.. 😑"
2;Min ini opsi pembayarannya hanya lewat Dana apa ad opsi lain ya.... ??, menurut sya ini aga menyulitkan buat org ya ga punya dana si, saran sya diperbanyak opsi lain seperti lewat alfa/indomaret atau lewat kartu kredit agar semua org bisa make tanpa harus punya akun dana dlu..., itu aja si kyanya
5;Ini aplikasi nya bagus tapi coba kasih tetap rating film nya yang di bisa nonton online menurut sy sih lebih membantu supaya banyak yang nonton online
3;"Ok untuk LoyalTix Poin saya mengerti, itu hanya bisa dipakai di periode tertentu saja (kalau bisa ga gitu, harusnya bisa dipakai kapanpun seperti poin2 di aplikasi lain). Yang saya tekankan tuh ""BIASANYA"" aplikasi apapun kasih diskon/voucher untuk pengguna baru TAPI di TixID tidak. Saya pengguna baru & kecewa. LALU saya sudah masukin kode undangan temen tapi ga dapat apa2, lah buat apa dong kode undangan???"
2;Sediain pembayaran selain DANA! Sekalian bilangin ke DANA, kenapa saya gak bisa buka apkny? Di playstore juga begitu, sampe beneran gak bisa di klik, mau ngasih rating juga gak bisa, jangan bilang gegara jaringan! Aplikasi lainnya lancar2 aja
4;Awal download trailer bisa diputar sekarang kok macet ya hitam aja gitu layarnya, Kalo bisa aku kasih nilai 5 bintang
4;Sekarang tix kok jdi lemot bgt si mau masuk apknya lama bgt kadng gak bisa masukkk udh bolak balik di uninstal saya kira blom di update tpi udh instal lagi ttp aja gak bisa masuk, lemot tmpilan awal terus smpe ditungguin beberapa menit ttp aja gak bisa masuk apk gmna si ini? Jringan disini jg baik bgt malah gk ada kendala
1;kecewa banget, pdhal udh update versi terbaru, setelah di click aplikasi nya cuma menampilkan layar saja setelah itu keluar lagi
1;Pembayaran ribet. Pembayaran pakek Dana, gak bisa isi sesuai kebutuhan aja. Kan kalo langsung pembayaran melalui mbanking langsung kaya shopee kan enak. Ini nggak. Pakek danalah apalah. Ribet.
1;Kesel banget, setiap buka aplikasinya selalu hitam layarnya, padahal ada orderan nonton takutnya pas di sana masih kayak gini lagi. Tolong diperbaiki🙏
2;Transaksi lama! Abis pilih kursi menuju opsi membayar lama loading lama! Tolong lah ini aplikasi gunanya mempermudah bukan mempersulit
1;Saya tidak menerima pemberitahuan pembelian tiket berhasil, lalu saya beli tiket langsung ternyata setelah saya complaint transaksinya berhasil. Sudah lapor minta data ini itu hasilnya ZONK
3;Aplikasi nya sdah kurang memuasksn, buka loading mulu, saran ya, kalau mau maintanance jam 00 jgn jam orang sdah mulai buka splikasi buat tranksaksi, toh bayar pake tix skarang dikenakan 8000 blan gratis ya ato aplikasi tix b sempurna masih aplikasi tes tes
1;Setiap mau beli tiket pasti perlu di instal ulang App nya, banyak bug nih loadingnya juga jadi lama ga kaya dulu. maap bintang 1
1;tolong adain fitur refund atau switch hari dong, bingung banget udah booking tiket buat hari minggu misal, tapi trnyta ada keadaan mendesak lainnya mau rubah hari aja engga bisa, jadi siasia banget tiketnya
5;Aplikasi nya bagus, Pembayaran nya cepat, cuma kalo bisa kasih saran saya ingin metode pembayaran nya ditambah lagi dengan yang lain. Itu saja, Terimakasih
1;Biaya layanan mahal karena dilipatkan. Beli 2 tiket biaya layanan Rp4.000 × 2 Dan kelipatannya. Harusnya sekali beli (berapapun tiketnya) 1x biaya layanan aja.
1;Point loyaltix fungsinya buat apa? Mau di tukar gak bisa, padahal udah keburu kadaluwarsa, aneh banget ni aplikasi, gak jelas point nya buat apa. Sampai sekarang gk di benerin fungsi point royalti nya
5;No antri-antri, proses booking cepat, datang, scan qr, nonton.
1;"Payah, gak bisa aktifin dana,bilangnya ""jaringan tdk tersedia"" mulu (perasaan jaringan baik2 aja). gimana mau beli tiket. Di app dana juga oke2 aja"
1;Aplikasi gak jelas, sudah transaksi pas menuggu malah gagal dan saldo hangus. Mending kalau beli tiket ga usah pakai apk langsung aja ke tempatnya itu lebih baik. Saran jangan download dah
3;Kenapa ya tix. Saya udh pesen sweet box tapi pas datang udh penuh semua.. ini gimna ya kan harganya juga beda. Terpaksa duduk di kursi yang biasa.
3;"Masih ga paham sampe skrg gimana cara gunain poin Tix nya, atau aku aja yg ndeso gatau cara pakainnya. Setiap dibuka pasti tulisannya ""Coming soon"" Sayang banget kalo ga kepake krna kadaluarsa."
5;Sangat membantu... Cuman tlong dong adain fitur reschedule untuk yg tiba2 ada halangan jdi ga sia2 harus beli tket 2x di hari yg sama
2;Tix id sedang melawak, dibuka malah ngestuck di tulisan tix id, jd ga bisa masuk ke app nya... pengen nonton jadi harus manual dah di uninstall masih aja, gws tix id
5;Sangat membantu saya suka apknya. Mempermudah saya pesan tiket. Jadi saya tidak pernah lagi mengalami kehabisan tiket nonton film yg saya mau di bioskop 👍🏻🤩
2;Kenapa gak bisa masuk padahal dah gua diemin 2 hari gua kira lagi eror ternyata masih gak bisa masuk ,dah gua hapus teru unduh lgi tetep ajh gak bisa tolong di perbaikin ,kalo ada yg nanya ho gua apa hp gua realme gt neo 3 bukan kentang ini apk nya ajh bermasalah
1;Kenapa pas buka aplikasi stuck di logo ya? Bugnya parah bikin buang-buang waktu. Btw bug ini saya alami di hp xiaomi note 8 pro
5;Mudah dan simpel fiturnya, serta cepat transaksinya, good lah👍👍👍👍👍
1;Pas buka aplikasi nya ngak bisa masuk cuman muncul logo tix doang gimana solusi nya udahh di instal dan uninstall tapi sama saja payah nih aplikasi
1;Pas buka aplikasinya cuma stuk di log tix nya , ga masuk ke aplikasinya, sudah di uninstal dan instal ulang tetap sma.
2;Daftar akun, kode verifikasinya ngirimnya setangah jam kemudian, sedangkan waktu yang di tentukan cuman 3menit, 10x lipat lamanya pengiriman kode, jadi ga bisa² buat daftar akun, selalu gagal
4;Memudahkan beli tiket tanpa antri.. harapan saya untuk tix.id semoga ditambahkan fitur metode pembayarannya, seperti e-wallet dan bank yg belum tersedia.
5;apk yang sering saya gunakan ketika ingin menonton bioskop sangat memudahkan tetapi saya sarankan agar ditambahkan dengan bisa untuk membeli popcorn di apk trsbt trim
3;bagus min aplikasi tix nya sangat membantu.kenapa gak kasi rating bintang 5?karna diskon nya sering malu2.masa ngasi diskon potongan 8rb minimal beli tiket 2 tiket.biaya tix 4rb per tiket jd sama aja boong dong🤭
5;Hello TIX ID. This is amazing app I ever have. Banyak promo, bebas antri panjang di bioskop, selalu banya bonus, sangat memuaskan. Ditunggu buy one get one tiket film ‘sunyi’ ya hehe!♥
5;Menurutku sudah bagus, saran saya lebih banyakin metode pembayaran bisa gopay atau m-banking Dan kalo bisa ditambahkan untuk beli food&drink di bioskop itu juga jdi nnti tinggal scan
3;Aplikasinya bagus ,mesen jd cepet dan efisien,tapi gunanya cashback point buat apa ya kalo ga bisa dipake 😁
1;Sudah beli tiket dari siang untuk nonton jam 9 malam .. pass cek in tiba² filmnya ganti .. terimakasih atas buang² waktunya .. refund juga 1minggu kemudian
5;sangat terbantu dengan aplikasi TIX.ID, bisa beli tiket bioskop tanpa antri.. Harapan saya tix.id bisa tambah metode pembayaran di aplikasinya.. entah dari mbangking atau yg lainnya
1;"Minimal bisa batalin tiket kek atau ganti jam tayangnya, udah bayar mahal"" gak dapet apa"", mending unin aja dehh gak guna banget apknya, kalau ada bintang yg lebih jelek dari 1 gw kasih dahh"
3;Sebenernya nyaman pake ini tapi gk semua pake dana, tolong bekerja sama dengan beberapa sistem pembayaran online lainnya seperti Ovo/dana/virgo. Terimakasih
5;Sangat memudahkan pas mau nonton g usah ribet antri dll.. tinggal scan barcode selesai.. hheehhe cm admin nya kmhalan sii..
1;Sangat Mengecewakan Aplikasinya. Promonya sekedar strategi marketing. Disampaikan keluhan ke Costumer Servicenya gak menyelesaikan Masalah, Malah Muter2 Jawabannya. Padahal Udah Sering pakai sejak 2019. Namun semakin kesini semakin mengecewakan. Biaya Administrasinya juga semakin besar. Tidak ada Perbaikan dan Costumer Servicenya Mengecewakan. Saya kasih Bintang 1. Real Testimoni.
5;Mudah banget untuk penggunaan dan proses pembayaran di aplikasi tix id ini, dan setelah beli tiket ketika scane QR Barcode entah di CGV atau pun XXI langsung ke deteksi dah langsung keluar tiket dari mesin.👍👍 Saran : Untuk bagian pembayaran. Mungkin tidak hanya bisa membayar dengan dana. Bisa di tambahkan dengan metode lain nya. Seperti: - shoppe pay. - goppay - ovo - atau di gerai terdekat. - Indomaret. - Alfamart. - dan+dan Saya yakin penggunaan pasti lebih nyaman dan merasa mudah.Terimakash
3;Kenapa punya tik id tidak bisa tersambung ke dana padahal jaringan saya stabil, tapi di katakan di aplikasi katanya jaringan tidak stabil, sangat mengecewakan 😢
5;Selama pake aplikasi ini overall gak ada masalah, penggunaannya mudah, ketika scan barcode di XXI langsung terdeteksi dan tiket otomatis keluar dr mesin 👍 Jadi gak perlu repot antri lagi, semoga kedepannya lancar terus apk nya. Tapi masukan aja, tolong diperbanyak lagi metode pembayarannya melalui gopay, ovo, mbanking BCA dan bank lain, pake Dana tuh terlalu repot menurut saya.
3;Seharusnya saya kasih bintang 5 karena bagus , simpel dan keren . Tpi saya kasih bintang 3 karena terjadi error' saat terhubung ke pembayaran dana. Error 4x saat pertama mau terhubung gagal terus masalah koneksi (padahal lancar intrnetny). Yg ke2-4xny pas mau beli tiket gagal lgi karena akun dana yg terhubung keluar sendiri. Tolong diperbaiki kalau ada error' . Saya sendiri sudah pakek versi yg terbaru
4;Aplikasi sudah bagus mempermudah saat pembelian tiket bioskop, tolong tambahkan metode pembayaran melalui e-wallet yg lainnya, terimakasih!
3;Kenapa skrg aplikasinya sangat lama sekali dibuka nya? Selalu saja tiap mau buka stuck di logo tix id, harus berkali2 buka tutup aplikasi. Padahal saya pakai wifi yg unlimited, berarti bukan masalah dijaringannya karena buka aplikasi lain lancar.
4;Keren sih. Minusnya bagian pembayaran. Kurang fleksibel. Jangan cm Dana aja. Kalau bisa, terintegrasi bank2 utama, atau apps pembayaran cashless kyk Ovo, gopay, dll
3;Sebenernya bagus tapi kenapa beberapa hari ini buka apk nya lama benget ku ada kali nunggu apknya loading nya 3 menit itu pun belum ke buka halaman awalnya :(
5;Saya kasih Bintang 5 dulu, soalnya bintang 10 belum keluar, kalau dh keluar bintang 10, saya kasih bintang 10 🤭, sangat memudahkan saya dlm hal bertransaksi, dan respon TIX ID dlm segala urusan sangat cepat apabila ada masalah return/pengembalian dana, respon cepat dan tepat 🙏🙏🙏
1;Menyukitkan harus aktifkan aplikasi dana dulu sebelum transaksi dan jairngan tiak stabil terus jadi gak bisa beli, padahal aplikasi lain jaringannya bagus, trus bukannya metode pembayarannya bisa debit sama kredit juga!! Padahal di aplikasi dananya sendiri lancar tapi ga bisa tersambung. Nyebelin banget mana buru-buru jadinya keabisan.
5;Setelah lama vakum di dunia perbioskopan gara gara CORONA, sekarang intall TIX ID bener bener mempermudah segala transaksi, keren banget, trimakasih.
5;Apk nya sudah bagus, mempermudah pembelian tiket biar tidak antri. Kedepannya mungkin bisa ditambah fitur yg lebih menarik dan perbanyak poin untuk bisa ditukar langaung dgn free tiket
5;Nice apk,karena bantu beli tiket tanpa antri dan tinggal klik aja. Cuma sayang pembayarannya cuma bisa pake dana,semoga bisa pake yg lain kedepannya
4;Aplikasinya cukup membantu saya dalam melakukan pemesanan tiket secara online, namun sekarang biaya layanannya sudah mahal dan tidak ada lagi promo-promo. Mohon diperbaiki!
5;"Baru bikin ulasan skrg, Krn Bru sadar apk ini ngebantu saya sama doi yg dari dulu males antri tapi pengen nonton HAHAHA THANKYOUU TIX.ID✨ ohiyaaa perbaiki bug tanggal nya juga ya, masa di menu ""HARI INI"" masih tanggal sebelumnya sih huhu, kadang rada panik jdinya. But Its ok, love tix.id banyak banyak hihi❣️🙌"
5;Aplikasi berjalan dengan baik tapi tolong loyaltixnya segera diisi reward, kasihan yang sudah dapet poin banyak tapi poinnya tidak dapat digunakan.
3;Overall bagus aplikasinya, cuma sayang koinnya ga guna, karena ga bisa ditukar sama apa apa, itupun bisa kadaluarsa, kan jadi kek ga ada gunanya apa2 itu koin, dituker gabisa tapi bisa kadaluarsa
5;Lebih simple , bagus , keren , bisa pakai DANA , hanya makanan dan minuman aja yg belum ada transaksinya , semoga nanti bisa di tingkatkan dan ada pembelian makanan dan minuman di bioskop nya , jadi tambah keren deh TIXid nyaa min 😍😍
3;Dulu aku pake sangat mudah sih, tapi sekarang nomer kartu aku yg tix id dah hangus dah ga bisa diubah jdi aku ga bisa pake tix id karena kode Verifikasinya kekirimnya disitu😭
5;Memudahkan pembelian tiket disemua bioskop. Kalau bisa ditambah menu pembelian makanan ringannya juga. Biar tidak antri juga...
5;apk nya keren, over all aku suka sama apk ini, mempermudah org biar ga ngantri buat beli tiket bioskop terlalu lama mengingat masih harus mematuhi protokol kesehatan. saran aku adain bayar di indomaret/alfamart gitu, biar yg saldonya kurang bisa melipir buat bayar di tempat yg aku sebutin. thank you TIX ID!!!
3;Aplikasi bagus,, Tpi poin loyalty kenapa tidak ada gunanya lagi.. tidak ada penukaran apa2 skarang (tidak ada event) tolong d perbaiki.. soalnya sudah melewati pertengahan bulan.. masa poin loyalty yg udah terkumpul selama ini akan Angus begitu saja..
3;Pesan tiket gampang dan lebih mudah. Cuma satu hal saya bingung. Dapat koin loyal tix tapi koin nya gak berguna. Tidak bisa di tukar atau apalah. Mending sekalian gak ush buat koin. Saran kalo mau buat koin tix nya bisa di gunakan untuk Penukaran tiket akan jdi lebih bagus, semoga jadi lebih baik
5;Aplikasinya bagus dan mudah,sangat membantu.. Tapi saya masih bingung dengan point Loyaltixnya, ada pemberitahuan akan kadaluarsa tapi pointnya sama sekali tidak bisa digunakan, jadi kegunaan loyaltix untuk apa?
3;Sangat memudahkan proses transaksi,tapi terkadang terjadi bug.Entah ini bug atau bukan atau memang dari sana sistemnya. saya saat ingin membeli tiket disini,katanya semua sudah terisi bangkunya. Tapi pas Dateng langsung ke XXI,masih ada 2 bangku.Lokasi saat saya memilih bioskop di TIX Id,dan bioskop yang saya kunjungi padahal Sama.
5;Pembayaran lebih mudah. Gak ribet harus topup topup lagi. Walaupun pajaknya pertiket bukan perorderan 👍🏿
1;Saya sebelumnya interest tp skrg sy kecewa karena poinnya diubah konsep point hanya bisa ditukar dgn reward padahal dulunya poin bisa jd potongan pd pembayaran. Saat ini jg poin sdh mau hangus tp ga ada reward bisa ditukarkan jadinya zonk.
4;Aplikasinya dangat membantu, selalu beli tiket disini, tapi loyaltixnya gunanya buat apa ya? Soalnya poin udah lumayan banyak, tapi bingung gaada pilihan Rewardnya wkwk
2;masih BAD, semakin maju seharusnya makin upgrade, terutama dengan masalah refund atau pembatalan, namanya pemesanan aplikasi apa lagi aplikasi di saat film terbaru PRESALE sudah di pilih mall terdekat malah di refresh dan hal hasil ada kesalahan memilih tempat atau mall untuk nonton fim terseubut, dilakukan refund malah ada ketentuan t&c ini pake aplikasi seharusnya jangan di samakan dengan pemblian langsung di tempat
4;Jujur aplikasinya bagus. Cuma program loyaltynya buat apa diadain? Terakhir bisa nuker poin tahun 2020. Udah 2 tahun sampai sekarang gak bisa dituker juga. Padahal biaya admin 1 tiket Rp4000
5;TIX ID Sudah bagus untuk mempermudah pembelian tiket Saran saya, coba di tambah buat pembelian makanan&minuman di aplikasi TIX ID ini agar lebih Perfect TERIMAKASIH......
4;Sebenernya bagus bgt aplikasinya, terbantu buat pesen tiket tanpa harus antri di bioskop apalagi kalo filmnya yang ditunggu banyak orang. Cuma satu aja sih, tolong perbanyak sarana pembayarannya. Ga semua orang pake dana, tolong adain pembayaran via ovo/gopay^^
3;"Alpikasi nya gampang banget di gunakan nya. Tpi sayang poin nya masih ga jelas dipake nya gimna. Poin w udh bbrapa ribu sampe hangus ga bsa kepake. Klo emng poin nya ga bsa dituker apa"" mendinh sistem poin nya di hilangkan. W pake alpikasi ini udh lama bbrapa tahun tpi sistem poin masih ga jelas."
1;Makin di update ke sini sini, makin ngelag loh, padahal sinyal saya udah kenceng, tapi kayak low speed untuk proses pembayaran, dan masuk ke app nya juga low banget, jadi males...👁👄👁mau nonton....😭😭😭😭
1;Aplikasi lemot, gabisa buka apa². Mendingan kembangin di website aja deh dan tambahin fitur beli tiket di website drpd hrs buat aplikasi yg lemot kek gini
5;Bagus, update filmnya dan lebih banyak bioskop yang tersedia dibandingkan aplikasi sebelah. Saran kalo bisa tanpa biaya admin dan tambahkan rewardnya.
5;Sangat memudahkan bisa booking online tanpa harus mengantri, dan desain UI sangat memudahkan bagi pembelinya
5;Jauh banget sama aplikasi sebelah. Disini pesan tiket lebih mudah, pilihan bioskop banyak, pembayaran gampang melalui aplikasi Dana. best lah pokoknya, cuma fitur penukaran pointnya kok belum ada ya? bisa segera diupdate lagi aplikasinya.
2;Untuk biaya layanannya mahal.. harusnya klo booking ya ckup Rp. 4000 aja sekali chekcout untuk brp bangkunya bebas biaya layanan kena 4000 aja harusnya per checkout, ini di x4 dengan sesuai kita pesan bangku, jd 4000x 4 = 16k 🙄 beda sama yg dlu g ada biaya layanan, klo skrg ada biaya layanan :v
1;Mohon maaf sekali aplikasinya error kurang update atau bagaimana.... Pesan bangku di aplikasi byk kosong, begitu sampai di tempat dana dikembalikan krna sudah ada yang ambil. Jadinya sekarang lebih pilih beli tiket langsung di bioskop
5;Sangat membantu sekali aplikasi ini, tidak perlu antri lagi..mantap dan usulan agar bisa bekerjasama dengan Kredivo, sehingga pembayaran tidak hanya dengan Dana saja.
2;"kenapa yaa promo tix id gapernah bisa saya udah 2 kali ngalamin ini saat promo film ""ngeri ngeri sedap"" pertama ada promo beli 2 gratis 1 tanggal 2-3 juni ini gabisa padahal sudah mengikuti semua syarat dan ketentuan dan juga yang sekarang dengan film judul yang sama periode even 9-10 juni beli 1 tiket gratis 1 itu juga gabisa semoga bisa diperbaiki yaa jangan jadi php(pemberi harapan palsu) gini"
4;Top up mudah. Tapi tidak untuk pembelian tiketnya. Promo banyak tapi tidak 
bisa digunakan. Mohon aplikasinya diperbaiki lagi; agar deposit cust tidak 
"sia sia.""";
3;Kenapa cuma ada pembayaran lewat dana ,saya engga make dana. Jadi engga bisa mau booking online disini . Adain pembayaran melalu bank atau indomaret gitu.
1;Cuma untuk setiap kali transfer ke tix id biayanya sangat MAHAL 5000 alias goceng...😤🙄😳😬😱😲 Dan sangat menguras isi kantong soalnya aplikasi2 yg lainnya tiap kali transfer cuma 500 rupiah-1000 rupiah sangat tidak efisien untuk yg satu itu
5;Sangat membantu sekali. Dulu sih sebelum downlod aplikasi ini sering ribut sama pacar gara gara kehabisan tiket kalo nonton. Sekarang ada aplikasi ini tidak perlu repot lagi. Mau pesen tinggal pencet hp..
1;Mengirim kode otpnya lama sekali masuknya. Tolong diperbaiki agar diperpanjang masa berlaku otp nya jadi 15 menit. 3 menit sebentar sekali.
1;Aplikasi rusak, dana sudah masuk 156 ribu, untuk pembelian 4 tiket beserta adminnya, tapi tidak kunjung ada kejelasan nomor bookingnya, tiba sampai film dimulai, tiba tiba tiket online hilang sendiri lalu di bioskop gabisa masuk kalo gaada bukti, dan harus diadukan ke tix id, setelah diadukan via email, hanya pesan otomatis yang dikirimkan oleh pihak tix id, dan sama sekali tidak refund otomatis atau refund lainnya ke akun dana saya, itu kali pertama dan terakhir saya memakai aplikasi ini.
3;Sangat membantu untuk pembelian tiket, sekedar saran tolong untuk pembayaran bisa di perluas kerja samanya entah dari shopee pay,gopay dan sebagainya karena aplikasi dana lemot dan top up saya selalu gagal jadi saya kasih bintang 3 dulu nanti kalau ada opsi selain dana saya up lagi,karena minusnya 1 pembayaran seperti pas 1 bermasalah tidak ada jalan keluar lain. Terima kasih sukses selalu tix id
1;Selama ini lancar aman..tp hari ini saya beli tiket....pas mau di print kode booking tidak aktif...dengan keterangan sudah tayang...alhasil gk jadi nonton...ini saya hub CS ..blm tau juga duitnya bisa di refund pa gak...bad
5;Lebih cepat simple dalam booking online tiket bioskop. Saya harap kedepannya TIX ID bisa memberikan banyak perubahan 😉 Sukses selalu TIX ID😁
5;Sangat memudahkan dalam memesan tiket film... cuman ada biaya penanganannya...dan waktu tayangnya kurang lengkap.... tak selengkap saat datangi bioskop nya langsung.
5;Aku suka banget pake aplikasi tix id memudahkan aku untuk mencari film2 yg rame dan gampangnya lgi bayar pake aplikasi dana ga perlu tuh repot2 kita mengantri panjang tinggal bayar deh di dana sangat membantu 😘
4;Kalau dikasih 5 bintang nanti tidak berusaha untuk berkembang jadi lebih baik lagi. Fitur point loyalti tix kenapa tidak disegerakan ?? Alangkah baiknya apabila point loyalti bisa juga untuk beli tiket film atau beli snacks di counter bioskop setempat.
2;Kok setelah aku pesen tiket, malah nggak mau masuk lagi yaa ke aplikasinya, selalu loading lama nggak masuk masuk pas mau buka aplikasinya, padahal udah hapus cache+data, tolong itu gimana yaa?
4;Kelebihan: Proses beli tiket jadi mudah di ujung jari tanpa perlu kamu antri. Pilihan bioskopnya lumayan lengkap dan bisa ambil yang dekat rumah. Kekurangan: Biaya tambahan diluar harga tiket lumayan juga (Rp 4,000.00), tawaran penukaran poin masih belum jelas seperti apa gambarannya. Saran : Buat informasi program Loyalty dan penukaran poinnya seperti apa. Kan enak kalau sudah poin banyak, bisa ditukar tiket atau cemilan sebagai teman nonton. Terima kasih
1;Nunggu sms verifikasi akunnya lama bgt, lebih lama dari nungguin cewe bikin alis 😌 udh nunggu 3 menit tapi blm ada sms nya, coba kirim ulang lagi tetap gk ada juga 🙃 ini sebenarnya niat atau gak sih aplikasinya dipake orang 🙄
3;Poin loyaltix nya kapan ni admin bisa di tukar kan. Udah puluhan ribu tak bisa di gunakan ni min. Nanti kalau dapat respon saya kasih bintang 5, temporary bintang 3 dulu
2;Membantu sih.. tp rada sebel pake ini.. pas mau mesen pagian paling atas sebelumnya penuh semua, d apk nya ngeliatin dah ke booking semua, pas aku dah booking kursi B, eh kursi A tiba2 jd banyak kosong.. tolong perbaiki ya apknya.. PHP yg mengecewakan kaya gini tuh😡
2;sebenernya aplikasinya bagus, cuma gatau kenapa sekarang kalo di buka malah yang muncul tulis TIX ID doang, udah di uninstall trus install lagi, tetep aja kek gitu, gimana ngatasinnya?
3;Cukup membantu, tapi untuk metode pembayaran bisa diperbaiki lagi agar lebih mudah. Harapannya, tidak hanya top up, tapi bisa langsung melalui debit.
5;Memudahkan kita untuk pesan tiket bioskop secara online, and then gak perlu antri dan, lebih gercep untuk dapat kursi. Makasih TIX ID
3;Ini aplikasinya kenapa ya? Dibuka kok keluarnya poster film tom cruise terus. Aku tunggu lama banget sampe 5 menit gak berubah2. Udah aku klik sana sini tetep gamau. Tolong ya
1;"Jelek banget aplikasinya. Loading lama banget pas mau pesan kursi, udah nunggu lama lama gataunya malah ada notif ""sesi berakhir"""
1;Kesel banget ya pas mau beli tiket kata nya ada voucher potongan 15rb kalo bayar pake dana, tapi pas checkout malah gak keluar voucher nya. ya lumayan lah ya potongan segitu jg dr pada gak dapet potongan sama sekali.
2;Kenapa jd gak ngebantu ya aplikasi ini,, pd hal dl mempermudah bgt, skrg sering error dan gak bs utk pesan tiket. Pdhal jaringan dan interner bagus
5;Sejauh ini aplikasinya bagus bgt dan mudah d gunakan, sarannya d tambah metode pembyaran yg lain, agar lebih mudah, jgn hanya dana, meskipun sudah ok
5;Sudah 1 tahun pake Tix Id, sumpah ngebantu banget saat mau nonton. Disaat orang lain antri saya mah langsung ke depan ngambil tiket. Pokonya berasa tamu VIP banget kalo pesan tiket pake Tix Id🤣❤️
5;Sangat membantu, tidak usah jauh2 ke bioskob untuk pesan tiket 👍👍👍, saran aja akan lebih baik klu metode pembayaran di tambah.
5;Lebih memudahkan pembelian tiket bioskop tanpa harus ngantri tapi sayangnya untuk promosi diskon kurang ada harap lebih sering ada promo dan tanpa batas minimal pembelian .. terima kasih
4;metode pembayaran masih kurang lengkap, ewalet D sering gangguan, coba ada mode pembayaran rekening/atm, atau ewalet laen yang lancar kaya LA, O, SP, dll
5;Gampang dan mudah sekali aplikasinya Saran dari saya di tambah metode pembayaran nya seperti bisa bayar di Alfamart/Indomaret, Alfamidi atau bisa pakai shopee pay Aplikasinya udah bener bener gampang banget...
1;Lambat bgt loading trus pdhal internet wifi ataupun data lancar2 aja, dan udh tinggal bayar aja tp karna loading waktu nya jadi abis trus, ga bisa buat di ajak war tiket
1;Waktu scan barcode dibioskop Suka error aplikasinya ga bisa terbuka... susah untuk refound dananya.. jawaban via email ga membantu.. alhasil hrs rela ngeiklasin dana krn ga bisa balik.. kecewa..
1;Dari awal tahun 2019-2021 pake tix id biasa² saja masih sama. Tp tahun 2022 sangat berbeda sekali dr harga beda jauh sama yg dulu. Dulu harga setara/sama dengan pembelin offline. Tetapi kemarin mau booking online harganya melejit 2 kali lipatnya. Harga mohon distabilkan seperti dulu! Biar tidak kecewa pelanggannya.
5;Mempermudah pembelian. Bagi saya jikalau tidak bisa pesan kursinya stuck loading terus itu tandanya sudah keduluan orang.
1;Aplikasi taik... Uda top up, pas pesen tikek, pilih kursi gak bisa loading terus, sesi berakhir... Hapus aja aplikasi ini, gak becus...
2;Saat pandemic terpaksa applikasi saya uninstall dulu ketika bioskop sudah aktif install kembali tapi saya lupa Pin Dana saya ,ktika klik lupa Pin malah suruh hubungi cust.service mana ada pulsa buat hubungi ribet banget,metode pembyrnnya diperbanyak dong jgn dana aja
4;Tolong di perbaiki lagi untuk masalah bug kadang sering eror dan keluar sendiri selain nya aplikasi ini sangat membantu dan memudahkan boking tiket film.
1;Sumpah sakit hati pakai Aplikasi ini, gak membantu. Pas mau pesan tiket dan pilih bangku, loading lama padahal sinyal bagus, tiba-tiba bangku yang dipilih langsung kosong. Beberapa saat sudah pilih bangku yang lain, dan bayar. Tiba-tiba bangku yang dipilih pas awal tersedia lagi. Sistem aplikasi jelek banget dan kalau bisa gak mau ku kasih bintang karena gak membantu sama sekali. Tolong dong diperbaiki aplikasinya, jangan sampai buat rugi orang lain. Terimakasih
2;Kenapa setiap mau nyambungin tix ke dana gak bisa2 ya?? Padahal jaringan bagus dan gak lagi pake wifi juga tapi tetap gak bisa!!!
1;Eror teruss pdahal ada kursi tersedia tapi gbisa loading terus saat pemesanan saat ngulang lagi kursi penuh terus coba lagi kosong ga jelas bgt. Eror aplikasi nya perbaiki.
5;Cara pesan tiketnya mudah, ngak ribet dan metode pembayaran nya menggunakan dana jadi mudah tidak perlu lagi transfer lewat atm Untuk yang buat aplikasi ini ⭐⭐⭐⭐⭐
1;Tiap buka aplikasi, selalu ga ada film yg sedang tayang di bioskop (katanya) padahal lg booming kkn di desa penari.. jd gimana mu pesen tiket lewat aplikasi klo gitu???
1;Akhir akhir ini apk nya semakin ngebug gajelas, padahal bangku belum kosong tapi tercatat telah habis, ini gimana sih, tolong dong agar lebih di perbaiki lagi, saya mau nonton bioskop jadi susah
3;Mohon di cek area Pekalongan Jawa tengah yang borong tiket 1 hari sapa hingga habis, tiket buka jam 6 pagi baru dibuka online sudah habis, sudah hampir seminggu, apakah ada oknum yg borong? Padahal tiket max di pesan 8, baru ada jeda kan..buat pembeli yg lain..ini gak ada jeda langsung sold out..apakah pakai trik BOT auto buy ? Mohon di cek..
1;Punya voucher tp selalu alasannya ada kesalahan gangguan, sudah seminggu di coba masih tidak bisa, keburu hangus vouchernya nanti yg ada 😤
5;Masukan saja utk kedepannya....metode pembayaran bisa ditmbh lagi..gak lewat dana saja, bisa pakai e money yg lain, bisa pakai kartu kredit.
1;Updatenya lama bangettt, kalah gercep sm apk m.tix. Apk m.tix jam 6.5 udh ke update, lu jam 6.10 baru ke update otomatis gw gk dpt tiket udh pd kosonggg & gk bisa nonton kkn😡
5;Aplikasi nya bagus membantu banget sumpah. Tapi tix pliss tambah metode pembayaran dong kaya bisa pembayaran via indomaret atau alfamart soalnya kalau pakai dana itu kan beberapa orang jarang ada saldo di dana jadi harus top up dulu jadi lama. Pliis tix dengerin masukan aku🥲. Kadang udah top up eh tiket keburu habis karna top up dulu. Tolong di upgrade lagi ya tix aku suka pakai tix karna easy di pakai
1;bikin jengkel sama aplikasi ini, dulu bisa pesen seat untuk nonton 2 hari kedepan untuk XXI, hl ini bisanya hari itu juga pesen nya, hari berikutnya cuma cgv yg ada, percuma juga pakai aplikasi ini, entah bug atau apaan yg jelas sangat tidak membantu dan jelek, uninstall,
3;Halo min.. Dulu pernah punya tix.id masih ada saldo eh tau² di unistal trus sekarang mau masuk ke akun nomer hp nya ganti.. Gimana solusinya? Bintang 3 dulu, nanti kalo ada solusi kasih 5
3;Beli tiket di batalkan terus pembayaran nya, pas lihat kursi di aplikasi kadang-kadang penuh pas langsung datang ke studio nya msih ada aja yg kosong, tolong dong di perbaiki
2;"Sudah di tunggu dari tengah malam sampai pagi, Tulisannya ""tidak ada film yang diputar"" skalinya udah ada kursi seketika tidak tersedia pada jam yang akan dibeli. Tolong dong kebijakannya dan pelayanan servernya, Lokasi di Pontianak"
3;setiap aplikasi pasti ada kelebihan dan kekurangan sihh,kalo d TIX ID kekurangan nya lebih lambat update di banding M.TIX cuma kelebihan nya bayar nya bisa pake DANA jdi uang yg d top up bisa d belanjain lagi
1;Dlu app ini bagus bngt ngegampangin orng booking tiket nonton di bioskop ko lama lama malah ga bagus ya mau cek jadwal lemot parah abis itu mau booking malah jadwal nya ga tersedia padahal internet keceng :(
3;"Bagus sih aplikasi nya. Tapi ko kadang pas buka dan milih film,jadwal film nya tuh ngga ada,malah ada tulisan ""telah terjadi kesalahan,mohon coba kembali beberapa saat lagi"". Knapa ya kok kaya gitu"
1;"apl anjenk. mau pesan tiket selalu bertuliskan ""telah terjadi kesalahan mohon coba kembali beberapa saat lagi"" pas udah mau tiket pada sold semua fak"
5;Dari jaman promo buy 1 get 1 free udah pake ini. Ditambah ada prokes, yaudah, jadi memudahkan untuk pemesanan secara online tanpa harus antri ditengah-tengah keramaian. Thank u. Semoga promo nya makin banyak ya. Sukses selalu
2;Tidak bisa membeli tiket dan memilih tempat duduk serta untuk jadwal di hari selanjut nya cuman ada satu studio saja dan tetap tidak bisa membeli dan memilih tempat duduk, padahal sudah pakai 2x juga bisa sekarang kenapa seperti ini 😪
5;Suka saja praktis memanjakan bla bla bla pkok the best ,proses cpet gk ribet gk hrus buka klik ini itu ,sama bisa liat jg film yg akan datang dan jg bisa kasih notif ,best dah mkasie tix id..
4;Kak untuk daerah Pati Jawa tengah. Kudus Jawa tengah kok nggak ada ? Tolong diperluas keseluruh daerah di Indonesia ya kak . Tolong jangkauan nya diperluas agar kami yang didaerah kota kota bisa memesan lewat aplikasi ini juga.
5;Aplikasi yang sangat simpel untuk memesan tiket bioskop, saya harap metode pembayaran ditambah jangan hanya dana tapi ada metode pembayaran lain.
1;krn kinerjanya menurut saya buruk tujuan tiket online itu karna kalo pas ada film bagus biar gak antri bisa pesan online eh malah kebalikanya film bagus pesan online gak bisa lihat di hari berikut nya aja juga gak bisa terus tujuan aplikasi ini di buat untuk ❓❓❓❓ Misal kyk stasiun semua harus online bisa beli tunai 3 jam sebelum keberangkatan itu bagus krn emg buka beli tiket online Nah ini malah online gak bisa parah
1;Mau pesen tiket KKN kok gabisa, kehabisan terus padahal baru dibuka langsung habis. Ini emang tiketnya yg habis atau aplikasi nya yang error sihh
1;Kasih kejelasan dong biaya pelayanan nya dari awal biar bisa top up sekalian,habis top up dana tbtb kurang buat biaya pelayanan nya ujung ujung nya kehabisan tiket,ga semua org tu tiap hari ada waktu Bambang,
1;Surat terbuka untuk tix id ini sebenarnya mulai tampil banner film nya jam berapa ya tuhan😭 aku udh mantengin dr jam 3 belum kebuka trus bobo lagi kn namanya juga ngantuk, abis tu subuh aku buka lagi blm ada juga banner buat buy tiket nya. Sampe tibalah jam 6 aku buka udh muncul emang banner nya Cuma belum bisa buy kayanya suruh mengunjungi beberapa saat lagi. Tiba jam 6.20 aku buka slot nya udh kosong ya ampun kek menguras waktuku banget padahal aku belom nyapu rumah, nyuci piring, dll😭
5;Saya puas dengan aplikasi ini, membeli tiket kapanpun dimanapun jadi sangat mudah, tetapi seringkali ada kendala susah masuk aplikasi. Itusaja keluhan saya, semoga cepat di perbaiki di update selanjutnya, terimakasih.
1;Susaahhhh banget mau pesen tiket di tanggal-tanggal tertentu. Hanya muncul jadwal pertanggal hari ini, untuk oemesanan di hari berikutnya jadwalnya ga keluar dan sulit di akses!!! Liat review lainnya juga kemunculan tiketnya lama yaaa ih engga deh 😫💩
5;Karena aplikasi ini saya sangat mudah untuk membeli tiket bioskop, pilihan bioskopnya lengkap, dan gak perlu ribet kehabisan tiket bahkan film yang sedang viral di sosial media sekalipun.
4;lebih ditingkatkan lagi untuk masalah booking tiket semisal h-3/h-4 dari film yang akan ditayangkan, sehingga semua dapat kebagian tiket film yang lagi boomingnya.
1;Tidak bisa pesan tiket dan tidak bisa pilih kursi,tolong dong benerin saya udah top up pas masuk nggak bisa lilih kursi sma nggak bisa beli tiket gimna si
1;Saya pesan tike via aps ini. Tapi tiketnya tak kunjung keluar. Sampai akhirnya saya beli langsung di bioskop. Besoknya, dinyatakan pemesanan tiket saya berhasil. Alhasil, ini Sama saja saya beli tiket 2 kali utk kursi yang sama. Payah pokoknya aps ini!!!!
1;"Kenapa ya reset password tidak bisa? Gak ada muncul buttom ""simpan password"" padahal password sudah sesuai kriteria permintaan."
1;Dateng jauh jauh dari desa ke kota, udah pesen dan berhasil eh sampai ke bioskop dana di kembalikan. Ini parah banget sih sampai buka aplikasinya pun lemot banget dan sering error, kalau emang kursinya udah pada abis kenapa masih bisa dipesen dan dana berhasil terpotong, mana terbitin tiketnya lama banget dan berujung gagal haha padahal dulu fine fine aja, kecewa banget.
5;Terima kasih tix id utk respon perbaikan layanannya, saya kmrn sangat kecewa dgn refund tdk ada pemberitahuan dan saya gk bisa nonton stelah sampai bisokop Utk saat ini mudah mudahan tidak terjadi lagi sprti ini Terima kasih tix
1;Aplikasi eror pas mau scan tiket. Ini posisi aku ga ss tiketnya, nunggu hampir setengah jam notif bisa dibuka baru bisa masuk. Ga recomended banget 🥲 sering banget errornya. GABAKAL JADI PILIHAN UTAMA. Mending xxi atau cgv kalo mau nonton bioskop
1;Ini gimana sih dari kemarin mau pesen tiket loading terus udah di uninstal udah hp nya yang di restart tetep gabisa masuk. Mau nya apa sih
4;"min sya mau nnya, saya setiap mau beli pasti ragu"", di karenakan, setiap mau beli harus bayar menggunakan dana, namun dana sya belum terverifikasi karna belum mempunyai KTP, apakah bisa bayar menggunakan dana yg belum terverifikasi???tolong jawab minn:)"
5;Awalnya kecewa pas pake tix id soalnya lemot sama ada tulisan tidak ada film yang diputar dan bioskop tidak ditemukan padahal kalau cari di google ada, tapi alhamdulillah hari ini pesen tiket bisaa semangat terus developer agak tix id menjadi lebih baik kedepannya🥰👍
2;Apk sempat error, saya beli tiket (jam11.35) ga muncul2 sudah bayar (tadinya on proses tautau ilang) dan di daftar transaksi juga kosong gada transaksi yang berhasil ataupun gagal. Saya kira bakal refund ke DANA taunya kaga. Tautau dicek lagi transaksi berhasil padahal saya sudah pesan tiket manual ( pesan tiket manual juga saya nunggu dulu smpe jam 11.35 lewaatttt, saya pesan yang 12.05) keselll siii semoga aja bisa refund setelah complain.
1;"Aplikasi tidak optimal. Sering eror. Saya tadi pesen tiket malah gk muncul"" kodenya gara"" aplikasi eror. Pas film udah tayang malah baru bisa. Rugi saya"
1;Ya ampun ni Aplikasi sesat banget, Jadi ceritanya saya lagi di Bioskop mau antri pesan tiket, jadi pas saya liat di aplikasi Semua Bangku sudah Penuh gak ada yg kosong, saya sempat mau pulang aja biar besok pesan Online aja mksudnya, tapi saya tunda, dah capek² antri tiket tunggu aja lah bntar mana tau ada, dan Tiba pas giliran saya yg mau beli tiket, masih bnyak bangku yg kosong dong gaes, tapi di aplikasi ini sudah full book di bioskop yg sama dan jam yg sama... Untung saya gak pulang.. 😄
1;Pesen tiket untuk jam 11.40 , dana langsung kepotong. Muter2... disuruh nunggu kode booking. Terima kode booking sekitar jam 14.00 . Gimana bisa nonton bosku? . Keluhan diarahkan hub cs, mlh dijawab dgn jawaban yg sama berulang2. Terakhir dpt motif survei mengulas filmx. Ampun dah, aku gak nonton,gimana mo koment filmnya? Udah , balikin aja duitku. Capek !!!
4;Sebenernya terbantu sama aplikasi ini, jadi lebih gampang kalo beli tiket, terutama buat film yang hybe banget. Tapi sayang biaya administrasinya kenapa mahal banget sih, dihitung per-orang pula, jadi makin mahal kalo belinya banyak tiket sekaligus 😭 Minta tolong diperbaiki dong TIX ID, kalo bisa biaya administrasinya tolong dikurangin.
1;Aplikasinya merugikan, error nya lama, pesen tiket dri jam 9 pagi, uang di dana sudah terpotong, eh sudah brangkat ke bioskop jam 1 sampai sana kok ya uangnya di refund dengan alasan kursi yg diinginkan tidak tersedia, jdi gak dapet kursi deh. Tolong diperbaiki aplikasinya lagi !!!
3;biaya layanan 4ribu ga salah itu?pake alasan itu biaya pajak..klo misal dari awal tulisannya biaya pajak bru bisa dimengerti...lah ini ditulis biaya layanan..
1;saya booking tiket jam 11:30 .. sya setelah trx 10:50.. tiket booking tidak muncul..cba refresh berkali2 tidak muncul.dan aplikasi terlogout..dan berkali2 sya login tidak bisa sampai jam tayangna lewat.. dan stlah jam 12:20 baru bisa login dan tiket bokingna terlihatna..tapi percuma saja tidak bsa terpakai .. dan saya komplain ajukan refund dana tidak bsa.. sya tidak terima sprti ini smwa..karena ini kslahan sistem kalian..bukan ksalahan saya.. layanan anda buruk dan sprti penipu
1;Gak ada guna. Mau mesen tiket aja susah. Penuh terus. Giliran dateng ke bioskop nya langsung masih ada yg jam dan hari itu juga. Di tix keterangan sudah terisi penuh semua. Udah biaya administrasi MAHAL.
2;Hari ini badmood parah, udh dibayar pas sejam kemudian cek dana ternyata direfund Tanpa notif sebelumnya tiba2 tiket yg udh dibeli hilang, parah sih ga jd nonton Ayolah lebih ditingkatkan lagi pelayanannya
1;Aplikasi busuk...udh booking, malah di refund...alhasil gak jadi nonton dan ngerefund tanpa ada kabar, nonton jam 2 ngerefund jam 1...jangan instal aplikasi ini !!!!!
1;Parah dan payah nih aplikasi udah beli tiket malah di refund dan sekarang mau beli lagi server maintance samle di semua bioskop yg deket dengen lokasi saya Pokoknya APLIKASI INI payah bangat
1;eror saat mau cetak tiket& kode booking tidak muncul padahal saldo sudah kepotong film udh dimulai 50menitan dan masih belum bisa,minta revound cs ngga ngebales tolong di selesaikan
1;Aplikasi jelek di update malah lemot, padahal transaksi berhasil malah kode bookingnya ga masuk, mau nunjukin kode jadi malu 😠👎
4;"sebenernya apk ini bagus ,tapi kenapa tidak bisa masuk akun ya? padahal tadinya gapapa, terus muncul terus bacaan "" terjadi kesalahan"" saran dong min"
1;Mau daftar susah, udah daftar susah. Masuk apk ini, internet seperti hilang total, gak bisa diapa-apain. Padahal sinyal ada dan untuk buka apk lain lancar-lancar saja. Aneh sekali.
1;Barusan pesan tiket untuk jam 11:50, pembayaran berhasil tapi sampe sekarang belom dapet kode booking, kirim email udah sampe sekarang ga ada kejelasan masuk ke aplikasi juga ga bisa error terus.. Mau ajuin refund juga bingung gabisa masuk aplikasi
2;Setiap saya ingin daftar akun ke aplikasi ini.. selalu terjadi kesalahan setiap verifikasi kode ke nomor telfon.. padahal saya mau beli tiket online sekarang untuk nonton besok😔
1;App gimana sih udah beli tiket buat hari ini app nya malah error trus... gimana mau scan barcode nya ntar buat nonton...
3;Sebenar nya aplikasi nya bagus.cuman masih harus di perbaiki lagi,saat pembelian tiket biasa nya lag dan susah untuk masuk........, Apakah itu faktor karna terlalu ramai yg menggunakan tix id? Saya tidak tau pasti.yg jelas aplikasi ini harus di perbarui sehingga tidak ada lagi kendala lag/susah masuk padah sinyal lagi oke.
2;kok gangguan jaringan mulu ya, padahal saya pakai wife di gunakan aplikasi lain lancar, tapi cuma aplikasi ini doang yang gak bisa padahal saya mau beli tiket, tolong di perbaiki
1;Server sering down saat mendekati jam penayangan sudah bayar tapi tidak dapat passcode. Keluhan di email juga tidak pernah diprosea. Terusmau lapor kemana?
2;ini gimana ya awalnya liat liat film bisa ehh pas mau pesen tiket malah terjadi kesalahan mohon coba beberapa saat lagi. tapi udah di coba puluhan kali pun tetep gitu
3;Udh beli tiketnya malah balik lagi uangnya ke dana seolah olah dibatalkan padahal tidak membatalkan.. terus keluar terus dari aplikasinya mau masuk lagi susah terus.. gimana ini
1;Lemot sekali,app tidak bisa dibuka . padahal jaringan aman . Sampai install ulang tetap aja error,malah akun ga bisa log in. Hadehhh
3;Ini abis di update kok malah gangguan apk nya.. gmna sih.. gak bisa liat film ataupun beli tiket
1;"Server down. Udh dapat kursi, tinggal bayar pakai dana, tapi malah muter"" gajelass. Alhasil ga dapat kursi dan ga jadi nonton. Tolong di perbaiki servernya. Jaringan wifi aman tapi di aplikasi muter"" GAJELASSS"
1;Aplikasi sampah, saat jadwal mau tayang, mau buka barcode malah aplikasi error , tidak ada alternatif lain buat buka tiket online cuma bisa di aplikasi, tapi aplikasi nya error
1;Kok ga bisa login sihh, mana udh beli tiketnya juga,terus bentar lagi film nya tayang,ngasih liat barcode nya pake apa,udh coba login pake HP lain juga sama
1;Saya udh pesan tiket , tapi tidak keluar invoice tiketnya saat di restart app tidak bisa diakses , dan tiket hangus begitu saja . sangat disayangkan sekali .
2;Selama beberapa th belakangan ini, pesan tiket di TIX sangat menbantu, hari ini, pesan tiket dibatalkan teruss, server ngebug. Disaat transaksi sudah berhasil, uang sudah terpotong di dana, kode book tidak keluar, sudah ajukan komplain tbtb TIX nya tambah ngebug🙂
1;Payah hari ini beli tiket premier loading kursi nya sampai film dimulai,beli tiket lg yg biasa skali bisa aplikasi loading cm layar putih. Kehilangan 500 ribuan tp ga nonton sama sekali hish
1;"Aduh lelet bgt apk nya baru aja daftar awal nya lancar"" aja eh pas udh mau booking malah ga bisa di buka sama sekali"
3;Setiap kali buka aplikasi tix nya selalu lelet atau eror, padahal jaringan bagus untuk aplikasi lain lancar. Padahal sudah beli tiket untuk 7 orang tapi ga bisa buka aplikasi nya lagi
1;"lemot bgt, daritadi tulisannya ""terjadi kesalahan"" terus padahal sinyalku bagus & aman ajaa :( mohon diperbaiki lagi yaa"
1;Aplikasi parah kali waktu mesan lancar lancar aja, tiba waktunya nya konfirmasi ngambil tiket malam gak bisa di buka aplikasi nya
1;Tiket belum di terbitkan, pembayaran sudah berhasil. Sudah menghubungi ke pihak tix.id tapi belum ada tindakan, parah banget
1;Ini udah beli tiket KKN desa penari,, saldo udah berkurang.. Cuman belum dapet kode booking.. Bisa kembali uang gak nie..
1;Wah gak jelas bgt aplikasinya. saya sudah melakukan pembayaran tiket tinggal tunggu konfirmasinya lama bgt. Dan saat saya keluarkan dari aplikasi tiba-tiba tiket yang saya pesan tidak muncul. Saya coba hapus data dari aplikasi saya masuk ulang eh malah gak bisa masuk. Tolong dong konfirmasinya ini gimana saya sudah keluar uang di aplikasi ini loh
2;Tolong dong bantuannya..udah beli tiket,bayar dan pilih kursi tp smpe skrg msih belum terbit dan sttusnya menunggu kursi...padahal nonton siang ini..udah di email tapi blm ada respon..Mohon bantuannya
1;Mo daftar Aja Lama bet, lemot mulu padahal pake wifi, mo mesen tiket aja lemot bet padahal pake wifi, udh siap mo bayar top up malah error halah
1;Aplikasi sebesar ini seharusnya tidak hanya mengandalkan satu metode pembayaran saja, menggunakan Dana. Kalaupun mitra kerja sama tolonglah diperluas jalinan kerjasama dengan Linkaja, Gopay, ShopeePay, Qris, dll. Bintang satu ini mencerminkan kualitas TIX ID sendiri. Terima kasih
1;Ini gimana ya? Aku udah pesen tiket+bayar pake dana, saldo udah ketarik tapi gamuncul barcode? Ini sih aku jadi rugi bangettt, uang menghilang nonton gajadi!!
2;"hallo min.. ini kenapa lama sekali ya untuk dapat barcode nya masi ""menunggu kursi"" padahal udah 2jam tapi tetap tidak ada barcode nya"
4;Sebenarnya aplikasi ini membantu namun sayangnya agak lama prosesnya, tiketnya juga lama banget keluarnya toloh dong diperbaiki lgi udh 15mnit tiket gak terbit
1;Tix id makin di-update makin tidak ada kejelasan saya sudah mesan tiket dan melakukan pembayaran namun saya tidak menerima barcode nya namun didana sudah melakukan pembayaran dan saldo saya sudah berkurang
3;Hallo kak,, kenapa ya tidak bisa ke buka aplikasinya saat pakai WiFi jadi harus pakai data seluler mohon bantuannya
2;setiap ada film hype pasti server nya down trs loading nya lama banget lagi g ngerti lagi kadang suka pembayaran gagal pdhl saldo cukup + sinyal baguss, perbaiki lagi
5;Waktu pesan tiket agak lambat. But biaya layanan paling murah diantara apps lain. Recommended
3;Selalu muncul tidak dapat memesan. Padahal kuota stabil. Pas bisa pilih kursi pun, ga bisa bayarnya. Padahal saldo dana nya ada. Loading lama banget. Kecewa. Padahal juga dah nunggu dari jam 6 pagi biar dapet tiket.
1;aplikasi broken, sinyal aman, giliran dibuat buka & daftar TIX bilang jaringan & coba lagi, 20menit gitu terus. mohon diperbaiki
4;Terkadang updatenya lama dan ada kekurangan dalam melihat tempat (kursi). Mksdnya gak ada informasi kurs. Tapi sisanya udah bagus
1;Lelett bgt buka beranda nya aja lama bgt. Perbaikin dong bugnya. Gimana mau beli ticket sedangkan aplikasinya aja masih loading trus ah parahhhh
4;Aplikasi ini mempermudah saya dalam membeli tiket, apalagi ketika harus war dikarenakan filmnya memang booming. Membantu juga dalam ngecek kursi di teater yang sudah terisi atau belum, jadi bisa menentukan kalau mau beli tiket mau duduk di nomor dan huruf berapa.
1;3× gagal transaksi padahal pas direfresh kursi masih kosong, saldo tiba tiba di refund terus transaksi yang ke 4 tiketnya dah terjual wkwk. Ini ada jadwal upload pembelian tiketnya ga sih? Kirain jadwal XXI diupload dihari itunya juga, ternyata berubah ubah
5;Aplikasi TIX ID sangat membantu saya dalam membdli tiket untuk menonton film, dengan TIX ID saya tidak perlu lagi mengantri dan juga saya bisa langsung masuk untuk scan tiket sesuai jam yang ya pilih untuk menonton film
1;Kenapa akhir akhir ini setelah di update aplikasinya gak bisa dibuka selalu lemot padahal sinyal bagus, penyimpanan aman. Tapi tiap buka aplikasi lama banget selalu loading, gimana mau mesen tiket kalo aplikasinya begini terus. Maaf kali ini kasih bintang 1 dulu. Mohon segera perbaiki demi kenyamanan pengguna 😔🙏
5;Saya sudah 4th pake tix id. Tanpa perlu antri, lancar transaksinya tanpa repot, pokoknya ok . cuma sayangnya biaya tambahan naik jd 4000. Saya kasih 4.5 aja deh. Lumayan ada diskon dari DANA. Suka suka suka ^^ Mantapp.
5;Gampang bangettt pake aplikasi ini dibanding yg sebelah😭🙏 asli mempermudah aja lewat dana, soalnya dr kmrn pke yg aplikasi lain belibet krna masalah pembayaran dan batas minimum top up yg besar😭😭 pokoknya menurut saya udh top bgt siii😘😘😘
4;Dengan adanya apk ini, makin mudah untuk memesan tiket, tapi ada satu kendala, fitur loyaltix gak pernah rilis jadi gunanya poin loyaltix buat apa kalo gak bisa kepake?
2;Aku baru menggunakan aplikasi tix id kemarin, langsung transaksi dan berhasil. Tapi pagi ini aku buka aplikasi nya gak bisa buka.... Mana tiket nya buat hari ini ... Bagaimana admin ?
2;Info dari jadwal tayang nya ga update. Karena awalnya ngira beneran ada di jam 21.30, ternyata ga ada. Sedangkan di aplikasi ada di jam 21.30. Mohon di update lagi untuk jadwal tayang nya
4;aplikasi nya keren sih, membantu banget, semenjak pake ini, udah jarang ngantri beli tiket, apalagi kemudahan milih kursi. tapi terkadang sistem aplikasi nya suka bermasalah, itu aja sih
5;lebih mudah booking tiket ga pake antri, bayar nya gampang, top up dana sudah bnyak aplikasi pendukung jd ga perlu ribet2. Terimakasih
5;Aplikasi yang memudah kan untuk pembelian tiket, dan bisa pilih2 tempat mana yang cocok. Saldo tidak mencukupi tinggal top up. Sangat membantu. Terima kasih
5;Aplikasi mudah di akses, hanya saja metode pembayaran sebaiknya di tambah menjadi bbrp cara, jangan hanya DANA saja.
5;Yaa aplikasinya membantu supaya tidak terlalu mengantri untuk mengambil tiket... Yaa kembangkan apa yang kurang itu aja...
5;Sangat bermanfaat sekali untuk pembelian online cara pembayaran mudah,semua bioskop ada disini jadi gak susah kalau mau cari XXI atau CGV bagus banget laah 👍🏻👍🏻👍🏻👍🏻👍🏻
1;Saya pesan tiket tgl 5 mei, 2 kali di Refund, yg pertama kembali ke dana dan yg kedua di Refund tp dana tidak kembali, sudah ngehub cs ternyata dinyatakan berhasil beli tiket padahal tidak dan sudah di sertakan buktinya,,, jadi Tolong untuk komplainan lebih jeli lagi
1;Ini kenapa ya saya kemarin sudah pesen tiket untuk kkn tapi tiba tiba ke refund sendiri padahal pembayaran sudah selesai, terus saya tunggu 1×24jam saldo dana saya belum kembali. Mana di sananya ada keterangan pengembalian saldo dana anda gagal, tolong dong solusinya ini gimana biar saldo saya balik lagi.
2;LAMA BANGET LOADINGNYA SUMPAHHHH padahal jaringan tu oke oke aja buka apk lain juga lancar jaya tapi mau beli tiket di tix.id aja nunggunya bisa sampe 5 menitan
2;Halo bro , ini mau pesan ticket kenapa Loading terus Sudah hampir 2jam nunggu , terus kita ulang booking malah udah di ambil orang lain bangku nya Tolong pencerahan nya bro
5;Tiket yg dijual habis,, padahal masih banyak yg kosong kursinya pas kita beli di counter masih ada,, jadi temen kita yg mau beli ga jadi nonton,, mohon kedepan untuk di perbaikin,,
1;Masa mesan tiket jauh² hari, pas ke bioskop malah ada yang sama mesan di kursi yang saya pesan... Akhirnya ini saya ga bisa nonton, kecewa bangett sama tix.id!!!
1;Kecewa sekali dengan Tix id, jauh2 dari kampung saya kekota buat nnton bioskop, berharap bisa pesan lewat tix id eh ternyata pas mau pesan malah error pas pemilihan kursi kesalahan sistem terus padahal sinyal 4G full, akhirnya sampai dikota saya kehabisan tiket bioskop nya, pdhal pas kmrinya saya coba2 tahap nya fine2 aja, tapi pas saya mau pilih kursi error dari pukul 10 pagi-jam 3 sore. Udahlah saya kapok pesan tiket di tix id, gajelas sistem nya
2;Payah aplikasinya.. Fetch Data nya.. lemot banget.. kalo lg ada yang akses banyak. ganti pakai node js n webs ocket.. dijamin cepet. dan gak lemot kalo yg akses banyak.
1;Server ampas murahan, Lemot banget, gangguan aja mulu ga beres², giliran udah full seat nya, baru bisa di akses, perbaiki server murahan-nya. Sejauh ini, aplikasi tiketing terburuk yang pernah saya gunakan.
2;Kecewa banget sih,kenapa akhir akhir ini suka eror pas mau beli tiketnya padahal dari jaringan aman lohh, biasanya lancar😭😭
1;Aplikasi payah, bentar-bentar sistem bermasalah, bbrpa menit coba bisa, bbrpa menit kemudian error. Balasan CS nya juga lama!!!
1;Aplikasi bagus tapi servernya busuk, sering gangguan, pesen tiket sulit, ngeload halaman gagal terus.
1;Aplikasi lemotttt bgt padahla signal aman, buka aplikasi lain juga aman. Tp ini malah gak bisa dibuka. Payahhhh, uninstal.
1;Setiap ada film baru pada tanggal tayang perdana selalu bermasalah.. bukannya mempermudah pembelian tiket malah bikin emosi
5;Udah bagus, tapi bisa di tambahkan sistem refund, ya saya udah baca peraturan nya, tapi kalo misalkan ada sistem refund, itu sangat berguna apabila di beberapa hari itu mengharuskan untuk membatalkan, itu aja
5;Apps yang sejauh ini terthebest buat order tiket bioskop, walau kalau buat film yg lagi tayang perdana kadang suka bermasalah, bahkan direfund, itu bukan salah tixnya tapi bioskopnya. sedih sih, tapi makasih tix id🤍
1;Sudah proses pembayaran tpi tiket tidak terbit juga, saya sudah tunggu +- 1 jam tidak ada progres... Kalau memang ndak bisa bisa di refund dan saya bisa reorder, tpi ini gak ada progres apa2. Customer service pun di email slow respon Mengecewakan, sangat mengecewakan
3;Kalo sudah tau film rame tolong adakan pre sale lebih panjang, saya pesan tiket sudah dapet tempat duduk juga tiba tiba di refund tanpa persetujuan saya
5;Saya suka dengan Apk ini,simpel dan membantu bisa pilih kursi sambil tiduran di rumah,ngga khawatir ngga kebagian tiket,dan ngga perlu antri,,berasa exlusive hehehr
4;Sebenernya aplikasi bagus dan sangat membantu sekali.. tapi maaf sebelumnya karna biaya penanganannya mahal banget. Belum lgi kalo pesen tiketnya banyak per orang juga kena dong tambah makin mahal.
3;Muncul peringatan dari Pedulilindungi saat mau beli tiketnya, dan gak mau hilang dari layar, juga gak bisa disentuh atau digerakkan. Tolong perbaiki.
1;Apa sih ini ? Lemot banget + eror ya ampun perbaiki lagi deh bikin gk nyaman aja padahal tiap beli tiket bioskop di sini gk ada masalah kok habis di perbarui jadi gini.
2;maap ya expect saya bakal lancar aja kyk 2018 taunya malah lemot bgt muter2 doang. pas masuk, pas mau pilih bangku. maap ya beli langsung be better
5;Aplikasi TIX ID Memudahkan kita untuk pesan tiket Bioskop kesukaan lebih mudah tdk harus antri, pesan pakai ponsel. Sampai bioskop langsung masuk gak perlu antrian. 👍🏽👍🏽
5;Bisa melakukan pembelian tiket dengan mudah dan cepat melalui aplikasi ini, terlebih lagi bisa melihat lokasi bioskop terdekat, beberapa jam tayang, kursi kosong dan harga dr berbagai bioskop. Semoga kedepannya diperbaharui lagi agar lebih membantu.
1;Udah dari pagi mau pesan tiket, error mulu katanya jaringan bermasalah suruh coba beberapa saat lagi. Gitu terus selama 5 jam. Padahal 4G. Begitu buka web , dah keisi kursi yang diinginkan. 👎🏼
1;Aneh pas Mau pesan tiba tiba semua kursi gak ada yang muncul mau film apapun itu.... Udah tukar tukar mall juga gak muncul kesal banget
5;aplikasi yang mempermudah sekali dalam pemesanan tiket bioskop ataupun tiket event lainnya. Untuk pembayaran juga mudah namun hanya melalui aplikasi dana saja, jadi agak merepotkan
5;Jujur Pengalaman buruk make tix pas nonton spiderman no way home pas beli masih aman pas mau ambil tiket di bioskop masa tiketnya ga bisa(sudah diprint) ampun deh tix id error mulu! Tapi alhamdulillah bantuan mba²semua lancar mohon perkembangannya agar lebih baik tix id so far 5 bintang
5;Aplikasi bermanfaat sekali, mempermudah untuk pesan tiket bioskop, jadi ga perlu antri tiket lagi setelah sampai bioskop xxii
4;Punya gua aman aman aja nih , sinyal kalian mungkin yg jelek bahkan beberapa kali gw nonton beli tiketnya disini yaaa walaupun pajak nya lumayan sih tpi ga ribet tuh..
5;Lebih mudah pesan tiket. Dan pembayaran menggunakan Dana. Jadi top up saldo tanpa minimum dan bebas biaya admin top up. Untuk pemesanan tiket tetap ada biaya admin sebesar Rp 4.000 (terakhir saya pesan tiket tanggal 30 april 2022 dengan bioskop xxi daan mogot tempat langganan saya).
5;Kenapa pas mau beli tiket film nya selalu muncul notif harus vaksin yg ngalain gak bisa di close/di back jg gk bsa ngeleg di situ aja ini app gimna sih gw udah vaksin 3 x nih. Itu notif mengganggu bget😡
5;Lebih suka sama aplikasi ini daripada aplikasi eksekswan, karena di sini bisa bayar sesuai tagihan, kalo di aplikasi satunya harus top up udah gitu minimal 100k
4;Dsri interface cukup bagus dan simple. Untuk uxnya juga bagus, khususnya pda topup yg lgsung terintegrasi ke dana dan tersedianya FAQ ddi page yg sama sngt membantu tanpa perlu masuk page baru.
1;Dari kemarin coba buka aplikasi nya gabisa, udah di uninstall juga trs download lagi, tp ttp gabisa dibuka aplikasinya🥲
5;Suka sih karena lebih detail film yang tersedia dan film online nya ga kalah seru semoga kasih diskon lgi TIX ID di semua via Bank ataupun via E-wallet makasih👍🏻🙏🏻🔥
4;"Buat orang"" yang bilang ni app lemot, lag, dan segala macem alesan. Mungkin device kalian yang bermasalah, hp saya yang spek menengah aja bisa menjalankan appnya dengan lancar"
1;Bukanya lelet banget. Padahal aplikasi lain yg berat aja gak selama itu. Trus metode pembayarannya buat tiket terbatas. Mending langsung aja beli ke bioskop, beli tiket disini lbh ribet
1;Di update bukannya makin baik malah makin lemot, sinyal aman, ram aman, buka apl lain aman. Lah ni aplikasi doang ya gak jalan. Uninstal. !
1;"Aplikasi tiba"" lemot pas mau ambil tiket. Padahal internet lancar untuk aplikasi lain. Di tix malah lama banget, dan ini jadinya ketinggalan nonton karena gabisa redeem tiket."
1;Aneh punya poin tapi gak bisa ditukar.segera hadir terus kagak bisa ditukar.sedangkan masa berlaku udah mau habis terus kan konyol kasih poin dri beli tiket tapi gak bisa dituker sampai masa berlakunya habis
3;kenapa gabisa buka aplikasinya, hanya stuck di logo loding screen. Sudah ditunggu lama tidak ada perubahan padahal sebelumnya bisa
5;Aplikasi nya sih sudah bagus cuma lebih bagus lagi tambahkan menu makan di tix id dan tema gelap mungkin itu lebih menarik
2;Kenapa sejak kemarin gak bisa beli tiket ya, slalu muncul info tentang ppkm..mau di close gak bisa2..tolong diperhatikan dong
3;"udh ngumpulin poin loyal tix banyak kok gk bisa di tuker sih,, setiap cek reward loyal tix selalu kosong, selalu aja isinya ""kumpulkan poin loyal tix mu, dan reward sepesial akan segera hadir disini"" udh hampir 1 tahun kgk ada juga, sayang banget udh banyak gk bisa di tukar,, tolong dong di perbaiki sistemnya."
5;Sangat mudah, kekurangannya mungkin cuman di cara prmbayaran, seandainya bisa pake shopee pay, pasti lebih mudah
2;Aplikasinya tidak bisa mengedit data pengguna. Sy gak bisa ganti/edit no hp padahal sudah dapat SMS notifikasi & lgs terpasang di aplikasi ini, eh malah muter² terus. Sy sdh cb berkali² ,tetap gak bisa. Mohon diperbaiki kinerja aplikasinya ini ya,Min 🙏🏻
5;Saya suka dengan aplikasi ini. semua nya sudah lengkap di tix id, tapi tolong tambahkan fitur refund tiket agar jika sudah memesan tiket tapi tidak jadi kan setidak nya tiket bisa di refund dan uang bisa dikembalikan agar kita para user tix id menjadi lebih nyaman menggunakan aplikasi ini.
4;Praktis banget buat booking tiket film, cuma vouchernya aja yang kurang. Lain kali banyakin promonya.
3;selebihnya udah bagus,cuman sayangnya ga ada fitur refund padahal kemarin saya ada halangan motor ga nyala gabisa kesana,di tambah sudah sy udah kirim gmail +foto motor mati sy baca di google katanya itu udah final gabisa di ganti uang,semisal ga bisa di ganti uang seenganya bisa kembali setengah atau ganti dengan hari lain,agar orang pun tidak rugi apalagi jumlah nya besar. sangat bagus tapi sayang di sayangkan tidak ada fitur refund dengan mengembalikan setengah atau ganti hari lain. Kecewa(:
4;Semuanya bagus, cuman metode pembayaran tolong d tambah, jgn cumn pake dana. Terus sya punya poin, tpi reward utk loyaltix belum ada, pdhal udah lma aku pake app in. Kpan reward loyaltix muncul?
3;Halo. Kok saya mau Download ulang App nya gak bisa ya? Soalnya sudah lama bgt dlu App nya eror, jd gedeg trs lgsg aku hapus.
5;Aplikasi yang sangat membantu,tapi tolong dong di sediakan pelayanan untuk rivand 3jam sebelum film tayang 🙏, soalnya kemarin kami memesan tiket dan terjadi halangan sedikit dan akhirnya kami terlambat masuk studio, padahal kalau ada fitur rivand kita bisa cancel jauh sebelum film di mulai, atau bisa saja berubah pikiran untuk nonton film lain,tapi untuk kenyamanan tiket bisa di cancel contoh 3 jam sebelum film mulai atau 5 jam sebelum film di mulai. Semoga kedepannya bisa membuat fitur rivand
5;Aplikasi tuh bagus banget,dan di aplikasi ini aku jadi tau deh jadwal film di bioskop mana pun,tapi sayangnya pembayaran hanya melalui dana,Saya mau kasih saran dong Buat pembayaran nya di tambah lagi Melalui Gopay, Shopee pay , ataupun lainnya biar tambah mudah dan agar pilihannya tidak hanya Dana,karna kalau Dana itu minimal harus 50k buat top up.Jadi kami dapat membeli tiket bioskop di Tix id dengan mudah
5;Aplikasinya ngebantu banget, ga perlu antri beli tiket kalo mau nonton bioskop. Semoga kedepannya metode pembayarannya bisa ditambah lagi.
1;Saya beli tiket berhasil, tapi saat akan saya ambil di mtix bioskop. Tiket saya direfund, kursi saya sudah diambil yg lain. Jadi saya beli tiket kursi lain. Saat selesai nonton saya cek di app ini tiketnya malah berhasil. Padahal sebelumnya refund. Dan saldo dana saya berkurang. Tolong admin ini bagaimana ya? Saya sudah hubungi lewat email dan belum ada balasan sampai sekarang.
3;Kenapa ya tix id di Palangka Raya lemooooooot banget dibuka, padahal udh pake wifi kenceng, pake paket data tp ttp ngebuka home nya aja lamaaaa bangeett trs nge lag lagi, jd susah mo booking tiket ☹☹
1;Uda top up dana pas check out mtix trnyata gk bisa dipake pesen tiket loading mulu....kirain jaringan yg gk stabil ampe gnti2 jaringan sama wifi tetep gk bs pdhl jaringan normal....dcb brkali2 tetep gk bs dah gt apk dana blm premium jd gk bs dipake apa2 dana yg diapk...saran aja klo bs opsi top up nya jgn cm dana donk ovo ato apa kek yg lbh top
5;Gara2 aplikasi ini, suami ku kalo nonton film bisa lebih dari 2X, dan selalu minta dipesenin online. But, thankyouu ini sangat2 membantu...
2;Ribet aplikasi nya, mau ganti pin dana nya ga bisa. HP saya Redmi, dan setiap saya mau ganti pin dana nya malah dialokasikan ke getapp. ngapain cok? disuruh pasang aplikasi baru dulu baru bisa ganti pin. kok repot dan ribet. kurang rekomen aplikasi nya👎🏼
3;Ada promo beli 1 gratis 1 tiket untuk film tertentu selama 2 hari. Tapi tiket film tersebut belum bisa di pesan dalam 2 hari (selama promo berlangsung)... Jadi apa gunanya coba diadain promo, sedangkan promo nya ga bisa dipake, aneh bat.....
1;Pada saat pandemi dan zaman era digital seperti ini seharusnya ditingkatkan kembali opsi pembayaran dan informasi lainnya. Seperti anak dibawah 12tahun tdk bisa menonton di bioskop tertentu, dipermudah saat reschedule ataupun cancel saat transaksi sudah terbayar. Jika pihak merasa dirugikan anda bisa menambahkan biaya administrasi reschedule ataupun cancel. Semoga ulasan saya bisa menjadikan TIX ID jauh lebih baik, terimakasih
5;Kok aneh ya, masuk tix id susah bngt, di download ulang jg gak bisa, ini aplikasi masih ada apa kagak? Mhn info, supaya jelas, dan bisa kita uninstall selamanya...tks
5;Bagus aplikasi nya, top dah, biar ngga antri lagi beli tiketnya, bisa pilih waktu, tempat & kursinya.
4;Tix ID, opsi pembayaran ditambah dong. Jangan cuma Dana, karena saat penggunaan Dana sudah maksimal tidak bisa ditop up, saya jd ga bisa pesen tiket Spiderman dikarenakan limit top up dana sudah maksimal, jadi musti nunggu tahun depan baru bisa pesen tiket. 😥
1;Payah sekali saya bolak balik download. Lalu on off hp...tetep sama aja...setiap buka TIX ID ..di menu nya tertertulis .MOHON MAAF MAAF SAAT INI TIDAK FILM YANG DI PUTAR DI BIOSKOP.GESER KEBAWAH UNTUK MELIHAT KONTEN LAINYA. hoooy sadar. Bioskop CINEPLEX DAN XX1 buka loh?? Kalo ga niat buat aplikasi mending di hapus aja DARI PADA MERUGIKAN perusahaan lain dan peminat penonton!!!!!!
1;Beli jauh jauh biar kebagian kursi pas giliran waktu nya... Mau cetak tiket malah gak bisa di buka aplikasi nya padaha dah bayar.... Merugikan saja
4;Simple mempermudah tapi pengalaman pertama kali menggunakan apk ini agak lelet,mungkin banyak yg pesen juga but ok recomend buat yg sibuk aktifitas
5;Suka sekali, bagus bgt, klo bsa untuk pembayarannya ditambah lagi seperti ovo,shopee dan gopay, terus ada casback pasti asik sukses selalu ya tix ID
1;saya sudah melakukan Pembayaran akan tetapi ternyata saat sampai di CGV ternyata kursi sudah ada yang pakai. Kenapa tidak langsung saja di batalkan untuk pesanan saya! Dan ketika saya ke bioskop, CGV pun tidak bisa bantu permasalahan yang saya alami karena ini murni kesalahan tix.id. jadi mulai hari ini saya langsung beralih mending ganti ke aplikasi langsung yang keluaran dari CGV atau bioskop lainnya. Saya rugi waktu dan bensin untuk ke bioskop. Tidak ada kompensasi, jawaban aja cuma copas.
2;Tadi saya udah download trus mao daftar katanya nomer sudah terdaftar ... Padahal belom daftar sama sekali trus mao masuk juga gag bisa katanya salah nomer ato salah password ini gimana sih ? Gag jelas banget jadinya 😣😣😣 gag bisa di pake sama skali
2;Mau pesen eror truss udah beberapa hari, pas bisa udah habis semua tiketnya, parahhh sihhh, kedepannya untuk setiap akun tolong dibatasi untuk pembelian tiket dan sistemnya tolong di perbaiki lagi, kecewa bngtttt
1;"Saya uninstall karena waktu buka apk selalu ada tulisan ""sambungan Anda tidak aman"" padahal saya pakai kartu Telkomsel dan ke apk lainnya baik-baik saja. Terimakasih!!!"
5;Mantap bgt aplikasinya membantu...ngga perlu takut ngga kebagian tmpt duduk..dan kita juga bisa pilih bangku..good job
5;Selalu puas dengan TIX ID disaat ada film yg bagus ngantri nya klo beli offline bnyk banget tp adanya TIX ID sambil kerja pun bisa pesen tiket sesuai dengan selera kita mau pilih jam brp pun dan di kursi manapun. Terimakasih kasih TIX ID, selalu tingkatkan pelayanan kpd customer
1;"Maaf ya tix karena saya udah pesan kursi & bayar tiba"" Dibatalkan sepihak dengan alasan sudah dipesan untung dibalikin, tp rugi saya kursi yg dipilih strategis malah dibatalkan sepihak!!!!!! #bintang1ajatix"
2;"kok masalah y aplikasi nya padahal mau pesen tiket untuk hari ini,nanti tiba""pas ga troble habis tiketnya aneh bgt"
1;"Aplikasi rusak, sy cek untuk kursi G waktu jam 20:10 sdh kosong, pas sy refresh tiba""muncul kembali jadi maksudnya itu ada setan yg pesan baru dia cancel ki atau bagaimana? Pembodohan ini tix id mending shopee cod👍"
2;Antara Manual n Online g sama. Apa lagi klo film yg banyak peminat. Sy dtang ke tempat Habis semua tp di aplikasi msh kosong. Mungkin bs di perbaiki.. Antara Human eror atao server.
4;Tolong dong kasi fitur untuk melihat tiket yang sudah di pilih tapi belum di bayarkan, soalnya aplikasi ada crash ketika memilih 8 kursi, jadi ketika mau ke pemilihan kursi harus nunggu 6 menit dulu baru bisa milih lagi kursi yang sudah saya pilih sebelumnya
1;payah sering bgt ga bisa di buka aplikasi nya ,udah perbarui uninstal pasang lagi ttep aja ga bisa di buka ga bisa masuk menu mentog di logo TIX perbaiki dulu sistem nya BOS TIX ,bukan mempermudah biar ga ngantri ini malah mempersulit bikin kesel
5;Sangat membantu buat yg ga mau ribet ngantri beli tiket bioskop,mempermudah buat ngatur jadwal dikala punya waktu yg terbatas tapi mau nonton. Apalagi kalau kita tinggal dikota yg bioskopnya masih terbatas,kalau ada film yg bagus pasti susah buat nyari tiket, ngantri lama , kadang ga bisa dapat jam dan tempat duduk sesuai harapan.disini sudah lengkap bisa ngatur waktu,tempat,hari buat nnton tanpa takut kehabisan tiket Kalau menurut aku sangat bermanfaat banget kalau kalian punya aplikasi ini
5;Bagus.. Mempermudah hidup kita... Sangat bermanfaat... Semoga semakin berkembang dan banyak fungsi yg bisa di akomodir dalam aplikasi ibu.
1;"kenapa ya donlot berkali"" sampe restart hp tetep stuck gi 92 93%. wifi bagus kok. plis deh"
5;Kesalahan fatal sudah diperbaiki (tragedi ATS spiderman : no way home) dan saya pribadi masih ttap setia dengan TIX ID. Tingkatkan lagi sistemnya agar kesalahan fatal tdk terulang kembali dan mungkin bsa ditambahkan sistem pembayaran lain.
1;Server error, tiba-tiba tiket direfund sepihak. Padahal udah begadang buat dapet tuh tiket, pas H-1 ehh tiket tiba2 hilang karena refund padahal gw ga minta refund
2;"Padahal transaksi sudah berhasil, tapi kenapa pas mencet ""tutup"" nggak bisa malah diem aja, dan ketika saya diamkan saja malah tiba tiba refund, jadi ketinggalan filmnya kan"
1;Buruk.udah beli tiket pas hari H malah direfund.mending pake aplikasi official sumpah kalau mau beli tiket,nyesal pakai aplikasi ini.mana biaya adminnya gede. Mengecewakan!!! Sayang banget cuma bisa sampai 500 teks untuk keluhin ini aplikasi.padahal banyak banget yang mau dikritik dari ini aplikasi wkwkwkwkwk
1;"Ada dua momen yang membuat saya kecewa dengan TIX ID. Momen kedua ini yg paling mengecewakan. Saya pesan tiket PreSale ""langka"" Spidey NWH di tanggal 9 (baru banget buka presale itu). Saya pesan untuk nonton di dua jadwal yang berbeda bareng temen. Eh, mendadak H-1 penayangan REFUND scr sepihak. Enteng banget ye? Untungnya masih ada aplikasi lain yang lebih bagus dan lebih layak, contohnya Cinema XXI."
5;Ane kasih bintang 5 lagi Masalah udah selesai, kekurangannya cuma 1 tadi krna tiket direfund ane langsung pesan seat lagi di Mtix, saat masalah udah diberesin kursi hasil refund kosong lagi dan langsung ane order lagi, gpp dah anggap aja tiket yg berlebih itu apresiasi buat Tim TIX ID yang udah berhasil menanggulangi masalah sistem yang ada Ane Berharap gk ada kejadian kedua seperyi ini untuk TIX ID 👏
1;Kecewa karena refund sepihak. Sebenarnya bukan masalah uangnya, tpi masalah pelayanannya yg sangat kurang memuaskan. NWH adalah tiket terakhir yg saya beli di Tix.id. Terimakasih
1;Tix id mengecewakan, H-1 tiba2 ada pembatalan. Ini bukan masalah refundnya tp kami mw nontonnya perdana, klo pembatalannya H-1 baru dikasih tw, trus mw pesan di bioskop manapun sdh penuh. #unistalltixid
2;*edit* anjay, first experience malah dibikin gaenak semua wkwk. Dr gabisa masuk karna jaringan ga aman lah, error waktu order, eh sekarang udh dpt kursi lumayan enak buat nonton spidey malah direfund, kan ajg. Kecewa dah ah. Kacau²
1;"Pelayanan sangat ""BURUK"" pembayaran hanya melalui dana doang, mending beli tiket di aplikasi sebelah banyak yg rekomendasi pembayaran yg memudahkan pelanggan, maaf sy unistall"
1;Aplikasi gak guna !!!!!!! Refund tiket seeenaknya Padahal saya pengguna setia tix id uda bertahun tahun tapi hari ini saya kecewa dan uninstal aplikasinya krn tiket ats yg saya beli direfund seenaknya..
1;udah beli pre order tiket Spiderman bela belain begadang H-1 malah direfund.. 4 hari ngapain aja.. Kecewa banget !!!!!!
1;Kecewa banget, katanya kalo udah melakukan pembayaran gak bisa di batalkan. Lah ini main refund seenaknya sendiri. No way home tinggal sehari lagi tiba tiba di refund, kursi hari pertama penuh. Gerakan uninstall tix. Id
1;Gara-gara sistem Error pembatalan dengan sepihak h-1 jadi gak bisa nonton spiderman bukan masalah uangnya tapi kursinya udah di tempat paling nyaman LoL!!
1;"saran buat tix id kalo namanya ga mau jelek,mending direfund semua trs jual ulang lagi nanti sore/malem biar adil,ini yg kena refund rata"" yg punya effort lebih ke spidey,kan kesian capek"" begadang nalah kalah sama yg ga begadang"
1;Saya sngat segan dengan tampilan UI nya yang rapi.. nggak kayak seblah.. walopun Tix id ini hanya pemesan tiket ke 3 bukan yang pertama di sistem pemesanannya.. nggak papa.. lalu muncul lah insiden kasus NWH.. dulu2 sempet ad kejadian juga seperti kyak nwh juga.. kyaknya film Marvel juga.. ane maklumin kemarin2.. lalu muncul di kasus NWH.. udah H-1 ri refund tiba2.. like.. WTH!! rela2 waktu begadang demi dapetin tiketnya kemarin.. tpi di refund pas H-1.. please.. FIX THE DAMN DOOR!!!!!
1;Ini terakhir kalinya saya beli tiket pake tix id , kalo mau refund kenapa ga dari awal , kenapa pas filmnya mau tayang baru di refund Senang berbisnis dengan anda ya tix.id Trims
1;"Kecewa berat sama TIX ID ini. Nggak mengajukan refund tiba"" direfund tepat H-1 sebelum penayangan dimulai. Padahal sudah pesan tiketnya jauh"" hari kenapa baru direfund H-1 penayangan? Lain kali tidak akan pernah lagi pesan tiket disini, bye"
1;Payah, udah di belain begadang tengah malem biar bisa dapat kursi yang nyaman. Tiket malah di refund. Mana mau pesen lagi nggak bisa.
1;Udah jadi pengguna lama, selalu mesan tiket di tix id terus, tapi jadi kecewa karena tiba tiba tiket di refund tanpe kejelasan (Spiderman No Way Home), admin IG aja no respond, tiba tiba semua diam tidak ada kejelasan
1;Dari 2018 ane udah pake ini aplikasi disaat orang2 belum banyak ngandelin online booking. Sayangnya kejadian hari ini 14 desember bener2 mengecewakan, udah rela begadang 9 Des tengah malam, ternyata dibatalkan secara sepihak. Kalau memang kesalahan sistem, harusnya kalian ga butuh waktu sampe 4 hari buat ngecancel booking saya dan banyak orang lainnya. Ditambah lagi, ketika dapet message pembatalan, film tersebut udah gaada di aplikasi, ga habis pikir. Alhasil beralih ke aplikasi tix-nya ojol😏
1;Beli tiket presale tgl 10 utk film tgl 15, di kabarin bahwa d refund tgl 14 apa gak gila. Gak rela saya kasih bintang 1 kalo bisa sih minus.
1;Aplikasi gajelas, ga guna, uda pesen tiket buat nonton spiderman no way home dibela belain dari jam 12 malem, biar dapet kursi yg sesuai ngga terlalu depan di tgl tayang pertama tau taunya di refund ngga jelas, uda biaya adminnya di itung pertiket, tau gitu mending langsung pesen via aplikasinya xxi lebih murah, aplikasi kacrut
1;Bisa bisanya langsung asal main refund ticket disaat H-1 penayangan film, mana tidak ada konfirmasi dari pihak pelanggan mau merefund ticketnya atau tidak. Kalau misalnua memang dari awal tidak bisa mesan presale ticket kenapa diadakan. Mana refund + notifnya masuk tengah malam, keburu habisan ticketnya.
1;Selama ini kalau beli tiket online selalu lewat TIX ID, eh tiba-tiba hal seperti ini terjadi dan sungguh mengecewakan :( bukan masalah refund tapi posisi seatnya itu loh padahal sudah OK. Sementara saya kasih ☆1 dulu, saya ganti ☆5 kalau tiket yang sudah di pesan sebelumnya kembali sedia kala :)
1;Tiket terrefund otomatis, se indonesia yg transaksi di TIX id di tanghal itu terrefund, sampe kunci komen ignya, cmon dude, hargailah perjuangan orang yang nunggu sampai tengah malam buat nunggu prrsale hari pertama !!!
1;"Ty untuk pengalaman pertama kalinya yang sangat sangat berkesan, sangat profesional sekali :) yang pesan subuh"" Rebutan malah di refund, Nice tix id, tetaplah konsisten hingga menjadi musuh masyarakat."
1;Kecewa sekali sama TIX padahal sudah buy Advanced Sale untuk nonton film malah di Refund. Mau beli lagi sudah ngk Advanced Sale nya padahal filmnya sehari lagi. KECEWA
1;Kok bisa-bisanya saya pesan tiket No Way Home ke refund dengan sendirinya. Berkali-kali kontak CS rupanya yg balas bot dan bilangnya agar pesan kembali tiketnya sedangkan seat yg tadinya saya pesan masih terisi dan menu pre-sale udah gak ada. Sumpah gak profesional sekali!!
2;maaf kenapa ya kak aplikasinya belakangan ini gk bisa di download padahal lagi butuh banget. Aku udah lama sih pake aplikasi k.I cuma jadi gak bisa dipake bahkan di dowload aja gk bisa
2;Kenapa dari kemaren gabisa dibuka dengan alasan sambungan tidak aman, padahal saya tidak mengaktifkan vpn, saya juga sudah coba menggunakan wifi tetapi tetap tidak bisa di buka... Tolong solusinya!..
5;Aplikasinya bagus, tp sayang kalau ada film yang akan tayang harusnya ada fitur reminder untuk pembelian tiket PRE-SALEnya, soalnya beberapa kali saya ketinggalan kereta mulu mau nonton di hari pertama di seat yang saya mau😅
5;Dr dulu aplikasi ini bantu banget sih, berasa eksklusif dtg2 ga perlu antri... apalagi kalo presale, udah tenang aja pasti dptnya.. sygnya jrg ada promo, atau aku yg g update ya? 🤭
1;"ada biaya tersembunyi yg membuat kita ""lebih baik pilih tixid ketimbang mtix"",dan ternyata memang lebih murah mtix hehehe"
4;Sdh bgus dan sngat membantu bagi org yg tdk suka mengantri, tapi syangny cm bs 1 pmbyaran, shrsnya bs lwt berbagai pmbayaran, scara skrg ini serba digital.
2;Beberapa tahun belakang suka banget sama tix id karena membantu dan saya senang, pemebelian tiket presale studionya pinda-pindah sendiri bahkan sampai keluar kota-kota lain. Film yang ditunggu jadinya gak sesuai harapan buat nonton pertama gara-gara gak kebagian tiket soalnya tix id erornya parah banget. Tolong segera dibenahi supaya lebih baik, dan hal seperti ini tidak terulang lagi
5;Hi min apk ini sangat membantu saya untuk memesa tiket di bioskop dan banyak diskon jugaa tapi hp sya yg lama rusak dan sy beli hp lagi lalu mengapa ketika saya mau men download ulang saya stuck di 95%/88% kenapa ya min?? Saya sudah ulang beberapa kali tapi tetap ga bisa. Mohon bantuan nya ya min! Terimakasih
5;Klo ksh promosi yg bisa dunk uda saya beli promo merdeka gak bisa2.. Uda 1jam lbh gak bsa beli pas beli jam 11.40 uda harga normal dasar penipu.pembohong..
3;Saya sebelumnya punya aplikasi TIX dan sering beli tiket film, tp tiba tiba tix nya terhapus dan pas download dari google play, gabisa di download, ini kenapa ya?
5;Sangat terbantu dengan adanya aplikasi ini. Kita jadi bisa santai mau menonton film apa saja tanpa harus mengantri. Untuk pembayaran saya sarankan untuk bisa bekerja sama dengan gopay dan shopeepay. Saya lbh banyak menggunakan pembayaran itu daripada dana
3;Hanya bisa satu jalur pembayaran. Sangat disayangkan di era pembayaran elektronik yg mempermudah dan memperbanyak pilihan cara pembayaran, aplikasi ini malah stuck di satu pembayaran saja.
5;Udh bagus ada aplikasi kaya gni, pada gerutu aja lu semua, emng lu pada bisa bikin aplikasi kaya gini? Klo ga mau ribet nonton aja lu di rumah ga usah ke bioskop dah. Bawel amat lu semua. Makasih ya yg buat aplikasi ini, gimanapun kendala yang ada makasih udh permudah beli tiket
5;Aplikasi yg udah aku pake sejak lama. Bikin mudah bagi aku yg kerja n pengen nonton d jam mepet. Ga capek antri buat beli tiket. Tinggal tap. Selesai Tapi, saran aku sih untuk pembayaran bisa diperluas enggak?! Jangan cuma lewat Dana.
2;Harusnya jangan pakai dana susah banget dan sering gangguan dana... Harus maju dong masa mau ketinggalan jaman.. inget dana itu sering gangguan!!
5;Aku saranin sihh pembayaran nya jangan dana doang, aturan kaya ada Shopee pay, gopay, ovo, atau bayar di alfa atau indomaret gitu.. Saran aja sih hehehe.... Udah yang lainnya udh bagus kecuali pembayaran nya
5;Dapat melakukan pemesanan dengan mudah tanpa ribet dan tanpa ngantri. Duduk dari rumah dan datang ke bioskop kesayangan. Tp sejauh ini, utk vaksin pertama (19/11/2021) belum dapat masuk bioskop. Terimakasih.
5;The best TIX ID ... tpi Pembayarannya hanya via dana aj yaa, agak sulit sih, klo bisa via pembayarannya ditambah lagi supaya mudah transaksi via onlinenya
4;"Dari dulu tuh udh sering bngt pake TIX ID sebagai platform pembelian tiket bioskop tanpa perlu antri"" lagi di dlm bioskop hanya untuk membeli tiket. Tapi lebih mudah lagi jika sistem payment nya di tambah dengan menggunakan Go-Pay, Shopeepay atau Ovo pasti akan lebih mudah lagi kedepannya"
5;Bagus banget mempermudah untuk pembelian tiket bioskop tanpa kontak fisik di area sekarang ini👏👏 Kalo misal sekalian bisa buat beli cemilan nya kan juga enak jadi ga mesen dobel ke mba² nya(tiket online & cemilan) . Tapi udh baguss👌👌
4;Kenapa pada saat memilih kursi loadingnya lama dan ujung2nya tidak berhasil membeli tiketnya. Keluar pesan sesi habis...diulang berkali kali pun tetap gagal
1;pembayarannya cm bisa pake dana, gak fleksibel, susah dan ribet, tambahin dong pembayaran nya, transfer antar bank, pakai kredivo, akulaku juga.
5;Aplikasi nya memudahkan untuk mencari film tanpa harus ke lokasi. Mungkin pembayaranny d perluas bisa pake ovo dll, jangan hanya dana.
1;Parah. Bonus poin nya ga bs digunain, pdhl sering bngt beli tiket nonton disini buat kumpulin poin, sia2 beli disini,mending beli lngsng di Apl XXI atau CGV nya lngsng, lbh bnyk promo n lbh murah jg biaya adminya.. siap2 hapus/uninstal aja ni aplikasi..
2;Aplikasi tidak bisa dibuka di Realme GT ME. Padahal seminggu yang lalu bisa dibuka normal. Kalau bisa UI nya aplikasi ini mendukung black theme dong agar lebih nyaman dibaca karena dark mode. Opsi pembayaran bisa diperbanyak mungkin ? Agar lebih memungkinkan tetap beli kalau DANA sedang error. Tolong diperbaiki yaa developer terbaik, terima kasih sebelumnya
4;Bagus dan membantu dalam pembelian dan pemilihan tempat duduk, tapi sayang untuk pembayaran nya kurang bervariasi. Akan lebih baik jika di tambah dompet digital lain seperti Ovo, Linkaja, dan lainnya. Itu aja sih
3;Min tolong dong, di aplikasi tix id saya masih ada Saldo 46.000, itu kalau mau di tarik gimana ya? Katanya aplikasi DANA ny harus premium, tapi punya saua udha premium kok tetep gabisa di tarik ya saldonya?
4;Mohon untuk update film nya diperbaiki, yg seharus nya sudah tayang kenapa masih status upcoming, tolong diperbaiki 🙏
5;Aplikasi yang sangat membantu. Dikala pengen cepet beli tiket biar gak keduluan tapi mager ke bioskop duluan.
5;Suka banget sama aplikasi ini karena sangat membantu dan memudahkan sy dan tidak perlu repot2 dtng ke gedung bioskop utk membeli tiket cukup lewat online utk membeli tiket nonton
1;Harga nonton masih mahal/tinggi di hari weekend tidak sesuai dengan suasana seperti ini, mendingan nonton you tube dirumahaja apalagi covid19 masih blm berlalu dari kota Jakarta..apalagi promo diskon tidak ada malas dulu nonton sekarang kalau hrg sesuai baru coba ..saran harga turunkan di hari weekend...no rekomendasi
3;admin tolong dengan sangaaaatttttt. saya suka aplikasi ini, tapi tolong. untuk kerja sama dengan media pembayaran lain. serius, DANA cuma bikin ribet, dan super duper slowresp dari pihak DANA, masih banyak kok media pembayaran lain yang lebih baik dan lebih pantas diajak kerjasama. daripada berpengaruh ke TIX ID juga
4;Barang kali kertas tiketnya bisa disamakan dengan yang beli langsung di bioskop. Saya suka ngoleksi tiket soalnya, kalau hanya kertas begitu mudah rusak dan hilang. Segitu saja masukannya. So far so good nih Appnya, Love it! Apalagi film yg hype banget, sangat membantu untuk rebutan kursi haha, tetep berkembang ya TIX ID! note : banykain promo dong heheh
5;Saya minta kode OTP 20x lebih selama 4 jam delay terus,, masa iya kode otp baru dpt 20-60 mnt,, haduh gimana ini gak bisa daftar,, gagal nonton,, #Masalah sudah selesai dibantu tim, thx#
5;Aplikasi keren,bisa mudah buat pesan tiket nonton,dan pembyran pun mudah ,dengan aplikasi DANA.
5;Suka bgt sama aplikasinya. Bisa pilih berdasarkan jenis film dan bioskop. Pembayarannya jg cepat dan mudah, apalagi pas udah sampe bioskop, prosesnya gak sampai 5 detik, scan qr code dan tiket langsung keluar. Cocok bgt buat yg suka dateng telat dan males ngantri
5;Sangat membantu, aplikasi nya mudah digunakan dan bisa pilih kursi sendiri. Penggunaan gampang dan gak ada kendala Paling suka pas 2019 banyak banget promo dan potongan. Baru hari ini coba nntn lagi setelah pandemi
5;Mantap.. aplikasi ini sangat membantu membeli tiket dengan cepat dan mudah.. cuma kadang bikin bingung juga gara2 setelah berhasil beli tiketnya tapi saat mencoba cek lagi untuk kursi yang sudah kita beli tadi.. kayak masih aktif dan bisa dipesan lagi 😅 bukannya seharusnya sudah tidak aktif ya kursi yang sudah berhasil kita beli dan bayar..
3;Untuk Verifikasi nom HP susah banget, sudah terdaftar mulu, padahal seharusnya kalo sudah terdaftar atau gak kirim veriksasi lewat SMS!!
5;Aplikasi sudah bagus, cocok untuk anak milenial yang gak mau antri, dan banyak diskon, saran: tambahin metode pembayaran nya
4;Aplikasi sangat bagus, loading sangat lama, pas pembayaran ngga bisa masuk, recomended bgt deh. Hahahaha percuma ada diskon juga gabisa di pake aplikasinya
1;Hadehhh, dikit dikit update, dikit dikit update, padahal mah cuman transaksi tiket. Surat terbuka untuk tix.id: Tolong dong jangan update mulu, orang lama lama kesel, apa apa update, apa apa update
5;Lama bgtt ngga ke bioskop, sampe lupa sm password TIX ID 😅. Ijin uninstall dulu yaa, memori smartphone sudah menipis. FYI, skrg TIX ID makin keren yaak, bs nonton online 👍🏻
5;Aplikasih nya oke harga nya juga oke sama seperti harga biskopnya yang kurang cuman metode pembayaran nya ditambahin lagi dong metode pembayaran nya seperti GOPAYA DAN LINK AJA terimakasih.
5;Memudahkan untuk beli tiket untuk film, apalagi kalo film nya lagi trend, nah otomatis kalo kita beli di bioskop kadang keduluan untuk cari tempat duduk nya, nah kalo aplikasi ini kita bisa beli dari, nah di bioskop tinggal kita kasih deh bukti tf nya :) , mantap emang tix id
5;Bener2 kecewa, dana sudah terpotong dan transaksi sukses, tapi gak ada kode bokingnya, telpon call center udah berkali, gak ada tanggapan serius, benar2 mengecewakan.
5;aplikasi yg bagus utk mencari bioskop yg memutar film yg kita inginkan.dan sangat mudah utk membeli tiket bioskopnya.mantaaaap.....
4;Aplikasi sangat membantu pada mada covid sekarang, tapi kadang nggak bsa di bukak tulisannya sambungan tidak aman terus. sisanya good
5;Beli tiket bioskop selalu disini dari dulu sampe sayangnya sekarang kurang promo-promo potongan biayanya. But overall bagus sih gak pernah nge-bug jg
1;Aplikasi bobrok asu , orang ga pake vpn atau apapun kok tetep aja ada tulisan sambungan data tidak aman . Tolol system ajg
4;Saya puas pakai aplikasi ini karena bisa beli tiket di hampir seluruh jaringan bioskop besar di Indonesia (XXI, CGV, dan Cinepolis) dan biaya layanannya sama semua walaupun beda jaringan bioskop. Tapi mungkin aplikasi ini gak sempurna juga, moga bisa ditambah sistem pengembalian uang tiket jadi jika gak jadi nonton bisa dikembalikan biaya tiket ke saldo DANA (gak masalah jika bayar lebih). Dan semoga bisa tambah jaringan bioskop lainnya (Flix, Platinum, dll) agar aplikasi ini makin sempurna.
5;Untuk meyode pembayaran nya tolong dilengkapi lagi min seperti via shoppe pay,gopay,ovo,tunai cash,bayar dialfa/indomaret semoga makin ditingkatkan saja via pembayaran nya min makasih
4;Sudah bagus dan sangat membantu banget, kekurangannya cuman bisa pembayaran dengan DANA saja. Semoga kedepannya ditambah lagi pembayarannya.
5;Aplikasinya bagus, sangat membantu untuk pembelian tiket dari rumah jadi ga perlu antri ❤ . Tambahin fitur reschedule dong kalau tiba tiba ada keperluan mendadak dan udah terlanjur beli tiket,, bisa di ganti di lain hari. Thank
4;Gak perlu ngantri kalo mau nonton.. Booking, bayar, dpt tiket nya. Tinggal print di bioskop2 terdekat.. Gak capek ngantri..
4;Sebetulnya sangat membantu, ga usah antri, dan ga ribet, cuma yang saya sayangkan metode pembayaran hanya lewat bank dan DANA saja, sedang kan Top up DANA minimal 50ribu, kalau misal saya beli tiket reguler 1 dengan harga 25ribu + admin 3ribu jadi masih sisa 22ribu, dan sisanya ga bisa buat apa apa, misal mau beli tiket lagi harus top up 50ribu lagi, jadi tolo TIX ID diperbanyak metode pembayarannya, seperti OVO GOPAY dan yang lain. sangat tolong diusahakan, Terimakasih.
4;Aplikasinya bagus,sangat memudahkan penikmat bioskop dalam menonton film tanpa harus mengantri....Namun yang jadi masalah adalah mengisi top up yang harus dalam nominal paling kecil 50 ribu didana itu tak apa,cuman jikalau kita menonton berdua pas 25 ribu perorang namun ada pajak.Ini yang jadi kendala...Harusnya dana top up dikasih keringanan hingga ada top up yang bisa mengisi nominal uang hingga 10 ribu untuk paling rendah karena sangat penting untuk biaya admin/pajak bioskop,saya membutuhkany
5;Saya baru make tix. Id .. Menurut saya gampang banget pake nya,, cuman butuh beberapa tahap and selesai,,, pas datang ke bioskop nya juga gampang banget tinggal di scand aja... Good luck terus buat ni aplikasi
5;Cukup memuaskan dan super cepat pembelian tiket .lebih mudah transaksi tidak perlu antri di loket Dah rindu banget nonton di bioskop .kota Medan sampai saat ini blm ada kepastian di buka kembali .nasib nasib
5;Ini aplikasi sangat memuaskan.. dari dlu sampai skrng tdk pernah berubah... Slalu memberikan yg terbaik kepada customer.. terus inovasi lagi TIX ID..
1;Mohon maaf nih tix id. Kenapa kok aplikasinya suka bug/error saya ganti nomor selain otp kadang tidak masuk . Aku mesti download ulang baru bisa. Tolong dibantu perbaikan apps nya . Apa lg top up aja kena charge 5rb blm lagi pembelian kena charge 3rb dengan embel pajak.
2;"Tix id ku gk bisa di buka. Setiap buka loading lama.. terus ""ada kendala, cobalah beberapa saat lagi"" begitu setelah loading.. dan lama bgt sampai 1 jam an.."
5;Gomawo tix id, sangat membantu sekali dlm pembelian tiket tanpa harus buru2 datang ke bioskop karena takut ketinggalan jdwal tayang film nya😍 terus berkembang jd lebih baik lagi untuk kenyamanan para tix Hunter🙂
4;Pengalaman menggunakan tix.id untuk menonton cukup memuaskan apalagi saat pandemi covid-19. Awal tahun 2021 sudah menerapkan kebiasaan baru dalam beli tiket nonton yang mudah & cepat. Harapannya metode pembayarannya bisa selain Dana, contoh kerjasama pakai pembayaran Virtual Account Bank BCA & Bank lainnya, biar makin keren tambah kerjasama dengan Go-Pay, Linkaja, OVO, ShopeePay, jadi semakin banyak pilihan pembayaran. Satu lagi mohon di tix.id bisa pesan makanan juga.
5;Sangat mudah pakai aplikasinya dan hemat waktu beli tiketnya kagak tergesa2 kayak dulu gue beli tiketnya yg hrs ngebut di jalanan sampe theater takut kalo kehabisan tiket dan tempat duduk favorit...i luv TIX ID 🥰🥰
5;Aplikasi keren, gak perlu buru2 pergi buat nnton flim kesukaan, tanpa harus ngantri lagi d kasir, belinya online, nyantai aja tunggu jamnya mulai baru on the way.
5;"persiapkan kapasitas server dengan org2 yang masuk ke aplikasi pada saat promo, jgn selalu mengulang kesalahan ""error"" terima kasih sudah menjadi aplikasi pernah yang baik :)"
5;aplikasi yg sangat berguna. bisa beli online dari mana saja tanpa antri. sangat membantu bagi movie mania kaya aq untuk urusan kemudahan baik dlm pembayaran dan pembelian tiketnya. aplikasi yg sangat simple dan praktis.
5;Untuk pemesanan online kam sekarang lagi ada pembatasan kursi. Semisal sudah nonton nih, apa boleh duduk seperto normal saling dekat?? Soalnya kurang nyaman kalo berjauh jauhan..
5;Pake TIX ID ini makin mudah kalau mau nonton bioskop sama keluarga atau teman. Hanya saja kalau sedang promo, cepat banget habisnya sering gak kebagian. Padahal udah gercep tapi selalu gak kebagian kursi kalau mau nonton bareng kawan. Sejauh ini, bagus!
4;Pernah sekali tiket saya tidak valid sudah ada transaksi di bioskopnya.. Untungnya kasirnya baik hati diperbolehkan masuk, walaupun pas dikursi ada keluar nomor kursi yang double... Tapi untungnya lagi sebelahnya kosong...
5;Sangat membantu dan top up yang mudah. Jumlah saldo yang ditop up juga sesuai kebutuhan. Beli 1 tiket, bisa top up untuk 1 tiket juga. Enggak ada istilah saldo menumpuk.
2;Saya suka sama app ini tapi saya coba2 buktikan dengan ngundang teman2 saya download app ini apakah betul bisa dapat point loyaltix atau ga,tapi udah 3 hari ga dapat2 padahal udah masukin kode nya dan udah pesan tiket,intinya udah ngelakuin persyaratan nya tapi ga dapat2, udah undang 2 teman tapi sama aja BO'ONG
5;saya gabisa donlot ka, soalnya hp saya kentang. jadi yg mau beliin dm aja @lambetureh. wuih respon nya cepat saya suka . saya kasih bintang 5, soalnya saya kalo mesen grab kasinya bintang 5
5;"Pembelian tiket bioskop jadi lebih mudah tanpa susah"" ngantri, tapi biaya adminnya kalau boleh dihitung /transaksi aja dong min, jangan /tiket. Selebihnya oke banget 👌 Sering-sering ngadain discount ya min, biar kami lebih semangat nonton film di XXI nya 😚😄"
5;"Mohon untuk menambahkan fitur ""jam selesai"" pada setiap studio atau waktu yang dipilih seperti diapp cgv officialnya. Fitur itu sangat bermanfaat untuk para calon penonton yang ingin tahu sampai jam berapa mereka akan keluar jika mereka menonton dijam yang akan dipilih, sebab jika hanya mengira-ngira secara manual dari runtime filmnya akan sangat tidak akurat perhitungannya."
5;Memudahkan dalam memesan tiket, gapake ribet, gapake ngatri, tinggal pesan langsung bisa nonton ❤❤❤❤❤ baru 1 tahunan lebih pake aplikasi ini, dan sesuka ituuuu walau hp sebelumnya hilang skrng di dwnld lagii❤❤❤❤
5;Terima kasih banyak aplikasi TIX ID sangat membantu sekali bagi kami penikmat film. Banyak promo dan diskon nya yang memudahkan kami. Fitur untuk memesan kursi duluan juga sangat membantu kami agar tidak perlu lagi mengantri dalam memesan tiket. Terima kasih
1;Coba tolong kalau mau ada promo servernya yang kuat, masa pangsa pasarnya besar tapi server error terus kalau mau tidak usah adakan promo kalau begini jadinya mah, Sangat merugikan konsumen loh, coba ilmu marketingnya dipakai
5;Mempermudah saat pengen dadakan nonton. Trus juga bisa dg gampang cari bioskop yang masih evailable kursinya. Seruu. Sangat membantu
1;Saya Punya voucher tapi gapernah bisa di gunakan .. sudah coba beli di awal supaya vouchernya kepake tapi tetap aja gabisa . Lah terus buat apa vouchernya ? Gak guna . Gausah bikin promo . Point saya kebuang sia sia
1;Aplikasi udah ga ada promo, udah pelit, lemot, dan ada biaya layanan lagi. Mending beli aj langsung ke bioskop. Gunanya adanya aplikasi tuh supaya lebih praktis dan lebih hemat. Kalo cuman buat pesen aj mah udah ga ada nilai plus nya lagi mending gw uninstall aj.
3;Bagus, banyak diskon ny tp, suka nge lag error gt, apa lg kalo lg diskon, pst suka error, sy mohon di perbaiki lagi ya, jangan error terus, kalo emang udah di bayar jngn di jembaliin lagi, srng bngt udah di bayar tp error
5;Cara mudah buat nonton film2 baru yang seru, ga ribet pake antri dan gampang pilih kursi yg dimau, jd sering nonton dan nyenengin diri deh klo gini 😍👌 klo bisa utk yg sering beli di tix id diksh reward dong hehe
5;Sangat membantu , tidak perlu susah susah antri di TKP. Perbanyak disc promo nya ya . Belakangan ini kok ga sebanyak dulu.
5;"Selalu pesen tiket di Tix id gak perlu antri buat beli tiket banyak diskonnya lagi dan gak perlu khawatir kehabisan tiket atau dapet kursi paling depan yuk kan download tix id Dan masukan kode ""KKEDQ6"" nikmati banyak diskonnya 😊"
1;Q turunin bintang ny.. makin kesini makin ngk enk aplikasi ini.. Masa stiap mo beli tiket. Jdwal belum tersedia melulu.. Kalo ngk pas ad promo ..dibuka film ngk tayang Mana apk ny minta upgreade trus 🤦
5;Banyak komen lemot, punya saya kok lancar2 saja ya, mungkin sinyal diwilayah kalian atau mungkin penerimaan sinyal di unit hp kalian yang kurang bagus. Kalau masalah lemot saya rasa tidam ada hubunganga dgn apl tixid, tapi lebih ke unit hp masing2 user.
2;Kok. Saya sekarang mau top up ke tix id. Lewat dana jadi ga bisa yah. Harus daftar no npwp. Kok jadi ribet yah. Terpaksa saya harus beli tiket manual ke bioskopnya. Pdahal banyak temen saya yg mau pake tix id. Eh pas mau top up. Pada ga bisa. TOLONG DONGS KASIH TAU CARA NYA TOP UP. KLO BISA KAYA DULU LAGI BIAR GAMPANG.
5;❤❤❤❤❤ selama saya menggunakan TIX ID nyaman2 aja klo secara pribadi saya jarang memanfaatkan diskon2 nan smisal buy 1 get 1 ada uang ya saya beli meski ada diskon atau tidak saya pakai TIX ID karena untuk mempermudah pembelian tiket meski ada tambahan biaya layanan tapi tidak masalah karena mengingat saya terkadang harus booking manual ke loket tiket belum juga antri intinya . selama ini lebih banyak terbantu dgn TIX ID 😊 terima kasih..
3;Kalo ngasih promo yg bener tulisannya promo dimulai dari jam 10.00 padahal saya beli tiket jam 10.07 masa promonya udah abis kan ga mungkin, dulu pas masih sering kasih promo buy 1 get 1 lancar ga kaya sekarang. Udah 3 kali seperti ini semenjak promo 30%/50% untuk tiket kedua
5;Aplikasi yang mudah digunakan, membantu dan memudahkan saya untuk memesan tiket nonton tanpa harus antri panjang, aplikasi yang sangat memuaskan . Thank's TIX ID
1;"kocak, kalo ada promo servernya nge bug pembelian tdk dapat terproses, 30 menit order tdk dapat terproses, diulang"" sampe promonya habis 😅"
3;Tolong perbaiki terkadang kode booking pas mau keluar loadingnya lama bisa ampe 2 jam. Ujung2 pembelian gagal/duit dibalikin akhirnya gk bisa nonton.
3;Saya top up saldo 90rb,saya pakai utk beli 2 tiket 80rb + biaya layanan 3000 x 2. total keseluruhan 86.000 berarti saldo saya tersisa 4000 dong,tapi kok sisa saldo saya yg 4000 di anggap poin hasil transaksi 2 tiket 3000 poin + 1000 poin dari aktivasi loyaltix.MOHON PENJELASAN NYA
5;Kenapa yah saat mau cekout kok gabisa d klik. Trs mnt kode otp. Tp stlah d klik akun sudah tidak aktif. Heran. Pdhl suka beli tiket dsni
4;Enak sih, cepet, nyaman, ga harus nunggu di depan bioskop ngantrii. Tapi sayang promonya terkadang susah digunainn... Tapi ttp the best kok💙
1;Jangan didownload.. aplikasi ini bikin hp lemot trus ngehang... qw habis download apk ini uda berkali2 di hp qw selalu ngehang. Awalnya qw kira cuma kebetulan tp lama2 kok kyak gitu trus. Sumpah nyesel banget
1;Udah didownload tapi gakberfungsi .gakmuncul jadwal film dan bioskop malah gakbisa dibuka. Setelah kupaus dan ku download lagi dan hal sama terjadi gitu lagi. Malas aku download tix lagi bay
5;Aplikasi yang sangat bagus untuk pemesanan tiket bioskop, ga perlu repot pake atm dll karena udh bisa pake eMoney. Semoga kedepannya makin ada variasi dari segi event atau yang lainnya
4;Kenapa ya, bioskop yg di deket rumah ga ada dipecarian tix.id Padahal waktu itu ada sering pake tix.id kalau beli tiket tapi sekarang ga ada. Icon walk, TangCity mall. Mohon bantuan nya. Terimakasih ☺️
4;Untuk applikasi lumayan.. Tpi tolong dong kalau kasih promo yg jelas. Kya hri ni ada promo 1 gratis 1 kanjeng kliwon.. Tgl 13-14 feb 20 tpi itu flim gk ada nongol d tix id nya. 😑 dan lagi promo flim dilan.. Mulai nya jm 8 tpi applikasi nya susah kali d buka2 in buat pesan kursinya.. Alasannya situs sibuk silahkan coba lgi.. Sekalinya uda dapat kursi nonton.. Tinggal pembyran doang.. Uda hbis aja Kuota promonya.. Rada kesel sih.. Uda buka applikasi lama bgt lodingnya.. 😑
1;1 hal tentang tix yg gk berubah dari dulu. Kalau ada promo buy 1 get 1 atau promo besar lainnya kaya aplikasi gk siap nampung pengguna. Pasti ngeLAG, susah login, eror, transaksi gagal, pembelian gk berhasil, atau udah beli sering kali dicancel. Nungguin tapi sering gagal. Parah
2;kesel bgt mau pake promo buy 1 get 1 gabisa trs pas mau pembayaran, giliran promonya udah abis baru bisa anying bgt, kecewa ah sama kamu:(((((
2;Diskon???? Tapi setiap melakukan pembayaran error,,,, strategi marketing? Anjing lah, aku udah top up banyak... Mau beli padahal udah online jam 8.00 tapi sampek sejam belum bisa melakukan pembayaran karena error dan kesalahan apalah... Ga niat banget ngasih promo sampek promonya habis gara gara pembayaran gabisa bisa padahal sinyal gua kenceng, tix id ga kayak dulu yang lancar jaya... Sekarang, byeeee gua uninstall lu
1;TIX ID buruk sekali, Server down yg membuat saya kehabisan voucher, padahal udah start dari jam yg ditentukan, Buruk.
3;Sistem sekarang kurang baik dibanding yang dulu saya pengguna aplikasi ini sudah setahun lebih, sekarang untuk menunggu tiket diterbitkan lama sekali ketimbang dulu.
2;Setiap saya pesen tiket gagal terus,padahal uang mencukupi dan nomor kursi yg dipilih pun blm ditempati. Tpi transaksi gagal pembayaran terus!! Saya sampe ngabisin waktu lama hanya karena gagal terus, dan kejadian inj gak sekali duakali.
1;Gw saranin jgn download apk ini, mending pake gotix atau yg lainnya,Mau beli tiket milea masa leg nya parah banget, loading terus, padahal kartu telkomsel hp ram 4gb, apk gajelas gak guna, promo diskon 50% buy 1 get 1 dari jam 8, udah gw buka dari jam 8 gabisa bisa, sekarang jam 8.30 baru bisa di buka, gilaran udh bisa dibuka promonya udah gak ada, apk gak guna, auto uninstall
1;Kecewa gagal terus mau beli tiket, giliran udah kebeli malah kena refund, katanya biar cpet mesen disini tau nya wkwkwk dri dlu gini2 aja stiap rame yg buka apps nya pasti down.
1;Kenapa makin hari makin lemot. Kalau mau ngadain promo itu kyak niat dgn gak. Baru 10 menit kemudian dari waktu promo, kuota udah abis. Kan kyak ngejek bgtu. Gak niat kasi promo. Udah la loading lama. Tolong d tingkatkan lagi donk. Kalau kasi promo itu jangan cuman diskon 30% tiket kedua. Tiket kesatu kenapa. Di sini tiket lumayan mahal.🙏 Sekali lg tolong pelayanan dan kinerja d tingkatkan. Terimakasih.
1;lucuuu ... ngadain promo tapi server down, udah berhasil beli di refund . dari jam 08.00 sampe jam 08.40 ga bisa bisa . pas promonya abis server lacar, pembayaran lancar gada kendala . sya kira sya doang yg ngalamin ini. pas liat IG tix ternyata sama semua . wkwkwk
1;Dulu klo promo bagus bgt ga cepet habis servernya jg ga pernah penuh kayak skrng, skrng promo buy one get one aja pas mau k menu pembayaran ga bisa terus..tolong donk perbaiki servernya..pengguna udh banyak hrsnya servernya jg memenuhi donk..percuma promo ga jelas..biaya tiket lebih mahal..kecewa bgt skrng sama tix id..
1;Sangat pintar aplikasi ini. Saya mau beli tiket karena ada promo KATANYA jd saya isi saldo dana saya karena tdk ada pembayaran lain.. Tetapi pas saya isi trus mau byr malah tdk dpt potongan promo.. Karena tiket ny terlalu mahal trus ada admin nya pernah tiket kalau beli 1 admin Rp. 3000 beli 10 tiket sdh Rp. 30.000 jd sy mutusin buat beli ditempat dan tdk dikenakan admin.. Sy kecewa karena ad saldo yg di dlm dana tdk terpakai.. Dan harus di hbiskan.. Benar2 kerjasama yg luarbiasa utk menipu kta
1;Giliran ada promo 1 gratis 1 server down ga bisa transaksi, begitu lancar udah abis kuota 1 gratis 1 nya kalo ga niat ngadain promo ga usah sekalian bikin kecewa doang !!!!
1;Jika anda akan memberikan diskon, pastikan servernya kuat untuk diakses banyak orang, jangan kek gini, ngasih diskon, tapi app gabisa diakses, giliran udah bisa akses, gabisa bayar, giliran udah bisa bayar, diskonnya yang ilang, kecewa banget sih
1;Kasih promo buy one get one, tapi pas order jaringan error terus.. udh ditungguin hampir 1 jam msh gitu jg sampe akhirnya promo vouchernya abis.. niat gak sih kasih promo?
2;"Lebih sering di perbarui, ilangin but bugnya masa mau beli tiket muter mulu loading mulu nanti pas udah bisa ke abisan bangku , kalo gini terus caranya bisa"" oranh males menggunakan app lagi dan memilih langsung datang kesana Terimaksih"
1;Saya beli tiket embel2 diskon 50% potongan 15ribu.setelah sya beli trnyata gk dpt voucher nya..Akhirnya terpaksa beli lgi satunya dgn hrga normal. Lebih mahal + kena admin pintar sekali apk ini melakukan pembodohan.. Terimakasih tix..Smoga yg lain tdk kena seperti saya..Mending beli di counter hrga jelas lbh murah dan tidak melakukan penipuan..Atau embel2 promo nyatanya BOHONG...Banyak yg kena jebakan bkn cuma saya. Byk comentar negatif baik rating mau pun di Facebook karena apk bohong ini..👊
1;Woooiiii kalao gak niat kasi promo gausahhh ya pakai embel embel promo. Promo apaan tuh dipesen aja gak bisa error mulu. Uang udha masuk. Aplikasi PHP gak Mutu. Pelayanan Gak Banget
5;Bagus karna kita ga perlu ke bioskop untuk pesan tiket dan kita pesen tiket presale supaya ga kehabisan. Jadi kita mesen tiket pada saat sudah ada jamnya kita langsung print tiket and masuk studio
1;"Kalo pas lgi ada promo susah banget, pasti lemot, terus pas mau lanjut ke pembayaran tiba"" ada tulisan Transaksi di batalkan, Klo emg ga bisa ngasih promo jangan ngasih.. Jaringan bagus 4G, Kecewa lah padahal klo mau nonton pake tix terus"
1;Loading nya parah banget ni hari tix , padahal buka aplikasi lain , sepeti YouTube ,lancar jaya jaringan nya , apa pengaruh by 1 get 1 kali , pas mau beli tiket loading nya parah , dan akhir nya transaksi gagal
1;Promo dikit, giliran promo buy 1 get 1 aplikasi error, sebelumnya udh dapet tiket tapi malah di refund, jujur aja gw paling gercep kalo mesen tiket, pas tiket udh kebeli malah kerefund, baru kalo ini beli tiket direfund. Emang promo ga niat
2;Setiap ada promo, servernya tiba2 down. Padahal pas lagi beli tiket dan tinggal melakukan pembayaran. Pas lagi melakukan pembayaran, tiba-tiba gagal padahal sebelumnya nggak ada kendala apa2. Gimana ya ini peningkatannya😑
3;Loading lama promo2nya gak seperti pada saat awal2 promosi dulu apa karrna sudah bnyak yg tau?? Seharusnya klw sudah semakin bnyak yg tau promonya lebih banyak lagi... dan setiap jam promo selalu deh di eror in
5;Lebih hemat waktu dan mudah.. klo lg booming film gk mesti k bioskop beli tiket .. cukup pake tix dan dana saja😊😊😊😘❤
5;Suka banget 😍😍 bikin mudah beli tiket di bioskop tanpa perlu antri apalagi kalau nonton film yg banyak peminat nya, nggak perlu takut kehabisan kursi favorit kan 👍👍😁 asal belinya juga nggak dadakan ya 😜
5;Mudah sekali pakai layanan tix id, yang mana memudahkan saya untuk membeli tiket bioskop dengan harga murah dan banyak diskon. jika kalian baru menggunakan tix ID maka gunakanlah kode ini ( TSAPYY ) dan kalian akan mendapatkan poin loyaltix yang banyak sekali Jika kalian menggunakan kode ini
5;Bagus sangat membantu jadi gak perlu antri beli tiket, cuman saran kalau bisa tambah opsi pembayaran dengan ovo atau gopay jadi mempermudah lagi
4;kayak mana ya plis jawab , itu udah bacaan pre sale tapi gak bisa di beli maksudnya gimana tu ? tolong jawab ya soalnya saya udh isi saldo buat beli tiket untuk film itu malah bacaan presale aja tp gak bs dibeli
5;Aplikasi yang sangat membantu bagi pecinta film, memberikan kemudahan bagi para penonton bioskop yang ingin memesan tiket dari rumah dan bisa memilih tempat duduk sesuai dengan keinginan.
1;Masukan aja sih: 1. Bila promo sudah habis, setidaknya jangan dipajang terus promo diskon di headline aplikasinya. 2. Masa pembelian tiketnya diperpanjang. Jangan 1 jam sebelum film dimulai, sudah tidak bisa pesan lagi melalui Tix ID 3. Jawab langsung permasalah customer di sini, jangan cuma nyuruh kirim email.
1;Ini gmna dah aplikasi tix saya tidak menemukan bioskop terdekat padahal saya serching di google film yg ada di bioskop itu ada tetapi di aplikasi tix saya tidak di temukan bioskop , gmna dah ini pelayanannya sangat mengecewakan
3;Ini kenapa tiba tiba gak bisa dibuka aplikasinya ya? Setiap mau buka langsung keluar sendiri terus ada pemberitahuan suruh upgrade padahal dari kemarin udah versi terbaru dan sebelumnya gak pernah kayak gini
5;Pengalaman menyenangkan beli tiket atau karcis bioskop secara online bila perlu tingkatkan atau dinaikkan nilai voucher sebanyak2nya dari penukaran poin loyalitas dari jumlah point yang tertinggi yang diperoleh selama ini.
1;"Maaf ini aplikasi saya hapus, awalnya ini aplikasi bagus aja tapi lama² entah kenapa setiap saya mau buka lihat jadwal film selalu bilang ""sambungan anda tidak aman"" saya pake wifi saya pake tekolsel 4g & 3g tetap bgtu lama² ngeseli"
5;[Edit] tadi masih bintang 4, kini tambah jadi 5 bintang. Selalu ada promo setiap saya nonton 😊. kedepannya beri darkmode, biar kekinian 😆
5;Cepat, mudah, ga bikin ribet dan tentunya tidk perlu tergesa- gesa dtng ke bioskop untuk biaa milih tempat duduk favorit..👍
4;Tix memulai dng suatu gebrakan yg mantap. Pembelian satu tiket dapat disc 50% (skr sdh tdk ada lagi), lalu pembelian tiket ke 2 disc 50% (skr sdh berubah jadi 30%). Mengapa skr disc terus menurun ? Mohon dipertimbangkan kembali mengenai disc nya spy pelanggan semakin banyak. Tks buat perhatiannya
1;Tix.id yang dulu bukanlah yang sekarang. Dulu tix.id begitu membanggakan sampai tak promosikan ke temen2 yg suka nonton juga. Sekarang lebih bagusan lapak sebelah di aplikasi CGV atau gotix yg lebih bersahabat promonya. Dan pula sekarang perbandingan harga promo tix.id ngga ada bedanya sama pesen tiket di tempat. Mubazir kalau dikata. Sebagai pengguna setia aplikasi ini jujur sangat mengecewakan!! .
4;Sebaiknya pembayaran di permudah seperti langsung transfer via atm atau lainnya, tidak harus topup saldo dana dulu baru bisa melakukan pembayaran
5;Alhamdulillah..sangat terbantu,mau nntn film favorit keluarga ga perlu ngantri dan kehabisan tiket pas udh ngantri,posisi Qt pilih ga takut kehabisan tempat yg Qt inginkan. Terimakasih tix id kereeen
5;Bagus mempermudah.. kekurangannya.. masih tanda tnya dengan diskon dan potongan2 nya.. pas mau beli masuk potongan diskon tiket.. pas mau byr tiba2 hilang.. jd harga normal kembali.. sering sekali seperti itu.. tolong perbaiki kembali tix.. supaya makin bnyk penggunanya..
5;suka sma promonya . tpi kalo bisa ditingkatkan lagi ,misal promonya untuk 2 tiket jdi tidak hanya 1 tiket. hehe
4;Terkadang no kursi lama keluar,pada saat kita pilih no kursi mash kosong,sudah melakukan pembyrn,ternyata no kursi sudah ada yg booking,sehingga proses booking diulang kembali.
5;Lumayan lah, lebih mudah untuk mesan tiket, saran kalau bisa pembayaran nya bisa make ovo atau gopay juga, jadi gak mesti harus via aplikasi dana saja
2;Awalnya sih bagus diskon 50% untuk tiket pertama, trus turun lagi diskon 50% untuk tiket kedua, trus skrng turun lagi diskon 30% buat tiket kedua.. OMG.. lama2 promonya di hapus.. ahh malesin.. sorry ya Uninstall aja deh apps nya
1;tolong banget ya di respon, tolong segera berikan fitur ganti email dan hapus akun, karena proses verifikasi sangat menyusahkan pakai nomor telepon , jika nomor telepon hilang susah sendiri, atau sediakanlah fitur hapus akun agar org yg bersangkutan bisa segera membuat akun yg baru
5;Aplikasi ini sangat bagus dan menarik, karena aplikasi ini memudahkan dalam memesan tiket nonton bioskop jadi tidak usah repot repot ngantri segala pake aja TIX ID mudah dan menghemat waktu
1;Diskon makin pelit dan semakin gak bermutu aplikasi ini. Semoga ada aplikasi yg bs menyaingi sehingga tix.id kembali dapat memberikan diskon 90%
5;Sangat sangat membantu , tdk perlu antrii , tdk ribet , banyak promonya pula.. Trimakasih
1;promo pengguna baru mendapatkan potongan 25rb , tetapi waktu pembayaran saldo harus memenuhi sesuai dgn total yg di bayar , berarti itu tidak potongan , sama saja seperti promo cashback , kalau potongan misalkan harga tiket 40rb - 25rb = 15rb , + 3rb admin = 18rb , seharusnya saldo 18rb bisa untuk bayar kalau memang itu voucher potongan , tapi ini malah isi saldo harus sesuai dgn pembayaran keseluruhan alias 43rb baru setelah itu dpt potongan , maaf kalau salah
5;Aplikasi ini improvement yg sangat baik utk org2 yg ingin nonton bioskop tanpa harus antri, dan bs ngecek jg kira2 kursi2 mana saja yg enak utk diduduki utk menonton.. thx tix.id
5;Sangat membantu untuk sy yg memang hobby Nonton.. Kalau bisa harap di koneksikan dengan aplikasi Maps jadi dari Tik Id bisa langsung liat arahan menuju ke bioskop dimaksud. Dan berikan tanda/pengingat kalau kami sdh beli tiket di Tik Id.
1;Beli tiket kena admin 3k, uda jarang banget promo, sekali promo tiket kedua cuma 30%. Ga menarik banget promo nya, mending pake gotix masih dpt promo 50%.
2;Tiap beli tiket dapet poin beberapa ribulah. Pas mau beli dapet lagi. Akhirnya terkumpul. Lah pertanyaanya. Apa gunanya tix point itu? Diskon tiket gak ada diskon snack juga gak tersedia. Ad juga diskon 50%untuk tiket kedua. Eh aku beli tiket esok hr pgn dpt diskon itu tapi zonk. Harga normal 2 tiketnya. Tolong dong jangan cuma iklanya aja. Tapi buktinya
4;Sangat bagus supaya tidak mengantri lagi beli tiket nonton. Tapi sayang ada beberapa bioskop yg ada tempat duduk the primiere tidak ada di aplikasi padahal dibioskopny ada. Tolong diupdate lagi supaya bisa pesan ntn di tempat the primiere xxi.
2;agak kecewa dengan diskon yang diberikan .contohnya seperti potongan harga untuk pembelian tiket ke dua tapi nyatanya tidak.kalau nggak ikhlas ngasih diskon buat apaan atau ingin disebut pencitraan aja.😯😯😯
4;Untuk aplikasinya si oke masalah pembayaran semuanya mudah dan tidak ribet, akan tetapi tolong tambahkan fitur refund, soalnya kemarin gini saya pergi dan saya sudah pesan 2 tiket di jam 19.00 ternyata saya datang telat karna macet parah jalanya simple cerita saya sampai di bioskopnya tidak bisa di refund dan tiket saya pun hangus begitu saja malahan 2 tiket seharga 130000
1;pesen tiketnya sering bersamaan.. dalam artian pertama kita berhasil kemudian ternyata gagal, krn tiket ter print org lain, gara2 itu saldo d aplikasi Dana tersedot tp gak Balik ketika gagal.. telp cust. service d Ping Pong Dana dan tix.. mending klo dikit Nominalnya klo utk beli tiket aja ya Lumayanlah!!
5;Mohon bantuannya, pesanan saya masih proses dan tidak mendapatkan barcode dan kode booking, saya sudah email tapi belum ada penanganan. Terima kasih.
1;Eror. Setelah saya beli tiket nonton. Hanya mengecek kursi, sudah 20 menit saya tunggu tidak kelar juga. Saya mau scan tiket tidak bisa masih menunggu proses. Tolong cek email dari saya. Sudah saya hub katanya sdg sibuk dgn panggilan lain. Sdh saya email namun tidak ada jawaban. Saya hub lewat instagram belum ada tanggapan. Film saya sudah lewat pula, sampai sekarang tdk selesai juga prosesnya. Saya minta di refund uang saya.
5;Sulit topup dana, tolong juga link, kan ke gopay saja biar mudah. Jaman sekarang kalau aplikasi tidak memudahkan pasti akan mati ditinggal pelanggan dgn sendirinya. Tolong DIBACA YA MIN ADMI. SUDAH KUKASIH BINTANG 5,SEGERA LINKKAN KE GOPAY DARIPADA GOJEK BUKA APLIKASI NONTON BIOSKOP SENDIRI HAHAHAHA TIXITIXITIX ITIK
1;"Pengalaman yang cukup buruk hari ini dengan aplikasi tix, awal saya memilih dan mengklik Margo XXI setelah transaksi berhasil tiba tiba berubah jadi Bogor Square XXI, saya sudah complaint dengan customer service jawabannya ""semua yang sudah berhasil adalah keputusan final tidak bisa dirubah atau dibatalkan"" saya jawab ""tidak mungkin salah tekan karena saya klik Margo XXI jika ada salah tekan pun pasti juga ga mungkin sampe jauh dari huruf M ke huruf B, huruf abjadnya aja M jauh dari huruf B""."
1;Sangat tidak nyaman karena metode pembayaran hanya mengharuskan akun dana. Tidak ada metode cara pembayaran lainnya. Terlalu banyak aplikasi yang harus digunakan. Catatan buat aplikasi ini, jika sifatnya ingin memudahkan tolong metode pembayarannya juga diperluas. Jangan hanya satu saja. Terima kasih
4;Akun tix id saya sudah berbulan bulan tidak bisa dibuka dengan alasan sambungan tidak aman silahkan ganti sambungan atau kembali beberapa saat lagi, saya tidak mengerti kenapa.
3;Knp sering banget eror ya. Setiap kali buka TIX selalu ada notif sambungan bermasalah. Padahal gk ada masalah. Tp eror terus. Tolong diperbaiki. Gk nyaman bgt
5;Aplikasinya bagus banget bisa cek film yang akan ditonton serta minta kursi/bangkunya sblm film dimulai. Saya suka.
1;gk bisa top up,tp knp tiap kali saya top up pake rekening BRI selalu gagal,tp bank lain bisa.kasih bintang 1 dulu.perbaiki dulu top up nya.
5;suka sama appsnyaaa, informatif dan mudah. terlebih sama promo2nya. sukaaa bgttt. nonton bioskop jadi lebih mudahh. terimakasihhh
5;Sangat memudahkan buat beli tiket,, bayar nya gampang.. Tp tolong untuk bioskop yg premiere lebih di banyakin lg pilihan nya
5;Harga weekend mahal, gak ngotak, harusnya semakin banyak yg nonton semakin murah kyk weekdays, bukannya malah mahal, ini kebalik, untung kalian gw kasih bintang 5
1;Parah poin loyal tix saya berkurang 10000 katanya kadaluarsa dan tolong teknik pemasaran jangan terlalu membodohi pengguna. Ini sekarang promo bkn buy 1 get 1 tapi tiket kedua diskon 50% tapi jam 10.01 sdh ga ada potongan. Semakin buruk
4;Aplikasi yg sangat membantu dan memudahkan dlm memesan tiket semua bioskop bebas antri dan pilih kursi sendiri tapi sayang masih kena charge / orangnya 3K ( klo bisa ditiadakan ya Min hehehe )..thx, tix id sukses selalu..
5;Tidak usah antri lagi di bioskop. Tapi sayang y biaya layanan nya mahal sekali 3000 per tiket T_ttt Yang penting tolong banyakkin aja promonya y makasih
3;Katanya sih TIX ID banyak promonya. Tapi sejauh ini aku pakai aplikasi ini. Promonya cuman pembelian kedua. Setelah itu nggk ada promo-promo lagi. Biaya adminnya pertiket juga lumayan.
4;Siang Sy sudah transaksi tiket dan berhasil ada pemberitahuan nya juga didana kalau transaksi berhasil sebelumnya juga tiket sudah ada di kolom tiket mendatang tapi setelah sy verified kode untuk loyaltix tiket sy di kolom tiket mendatang hilang dan setiap sy klik notifnya selalu tidak merespon apa itu tidak mempengaruhi? Terima kasih mohon direspon kebingungan soalnya
5;Sukses terus untuk TIX ID Sangat bermanfaat untuk aku sebagai pecinta film layar lebar Jangan lupa teman teman untuk memasukan kode referal : GBIRCU Supaya dapat meningkatkan jumlah poin ❤😚
4;Seneengg sih, praktis ada inii, dan gak antri. Tapiii sayaaanggg dpt diskon sih yaa, cuman bingung voucher pengguna pertama 25ribu, tapi diskon dptnya cuma 17.500, yaa tp gpplah harus bersyukur dapat diskon jatuhnya lebih hemat juga wkwk thx tix id
4;Beli tiket nonton ga perlu antri dan ga perlu khawatir ga kebagian tempat duduk favorit,, aplikasi yang sangat membantu,, good job.
5;Mantap. Kalo bisa biayanya per transaksi aja jangan per orang. supaya lebih terjangkau dan bersaing dengan yang lain.
5;Sangat membantu dlm pemesanan tiket ketika perjalanan ke bioskop cukup memakan waktu.. dgn TIX ID tdk perlu tergesa gesa lagi di perjalanan krn tiket sdh dipesan.👍👍👍
4;Kasi bintang 4 saja dlu ya, krn Sangat membantu tapi kadang keluar sendiri setelah pilih kursi jadi harus ngulang dari awal lagi
3;Promo disc 50% tiket kedua hanya 1 hari 31 Des 2019, tapi knpa pada ringkasan order tidak muncul, padahal saya sudah mulai ikuti promo jam 10.00 . Tolong tingkatkan lagi performa ini ya,, Klau begini cust pasti kecewa, krna di layar utama tertera promo gtu di pesan harganya normal. Terima kasih.
3;Selalu minta pembaruan, setelah diperbarui, gak ada fitur yang nambah, cuma habisin memori RAM saja, ukuran app nya semakin lama semakin besar. Promo pun sudah jarang.
1;Error, gak bisa dibuka. Mentok logo, katanya ada masalah, disuruh coba lagi nanti. Tapi lama amat gak kelar2 masalahnya udah ditungguin dan dicoba berkali-kali. Udah di uninstall-install ulang, cache udah dibersihin, udah restart juga berkali-kali tetep aja gak bisa jalan. Dan ini bukan pertama kalinya aplikasi ini error, dulu jg pernah, tapi abis di uninstall-install ulang jadi bener lagi dan bisa jalan. Nah kali ini bener2 segala cara udah dicoba tapi ttp gak bisa juga. Bikin senewen.
1;Promo nya ga jelas, promo 50 persen apaan di halaman bayar di suruh bayar full padahal masa aktif promo masih panjang!! Dua kali kaya gini!!
1;Sudah searusnya pembayaran Jangan 1opsi Saja Dana,kan tidak semua orang suka menggunakan pembayaran dengan Dana walaupun ada promo diskon, sudah 2x order coba cari pembayaran dengan yg lain ternyata tdk ada akhirya saya censel beralih ke Applikasi yg lebih lengkap untuk pembayarannya apalagi diskon tidak harus jam10. Tixid Tidak rekomendasi kurang profesional dalam promo diskon dan pembayaran.
5;Aku suka nonton bioskop dari pada rumah capek baru tempat duduk nya bisa pilih waktu dulu aku uda pernah nonton nama nya star wars dimedan harga nya murah banget Baru dowonld lah ini enak loh thank you
5;Aplikasi pintar dan cerdas, jadi tidak perlu antri dan menunggu film terlalu lama di bioskop. Dan bisa topup seperlunya. Tks TIX ID dan DANA
5;Sangat membantu memudahkan pesan tiket tanpa beranjak dari kursi dan tanpa taku gak kebagian kursi favorit didalam bioskopnya. Appnya mudah dan enak dilihat, pertahankan dan tingkatkan fitur fiturnya
4;Aplikasi yang sangat membantu untuk memesan tiket bioskop .. sehingga tidak perlu datang lebih awal,atau tidak perlu takut kehabisan tiket. Mudah dan banyak voucher juga.. nice app
4;Aplikasi bagus..bikin ga pengen antri lagi di bioskop, cuma pemilihan bangkunya ga bisa acak kaya aplikasi sebelah, harus pilih bangku yang disebelahnya udah terisi. Saran kalo bisa pilih bangkunya dibebaskan aja, trus biaya adminnya jangan mahal2, kalo bisa free admin fee lah biar makin banyak yang pake aplikasinya..hehee..
5;"Aplikasi yg sangat membantu apabila ingin menonton di bioskop namun ngga mau ribet"" ngantri untuk beli tiket😁 cuma dateng, print tiket, ngga sampe 1 menit,selesai deh.. cinta bgt sama aplikasi ini❤️"
4;Takashi 3☆ saja. Ulasan negatif ada, positif jg ada. Problem bagi promo tiket buy 1 get 1. Tapi bagus buat yg males ngantri. Tp sayang juga ada tambahan biaya, jd lebih mahal dr ngantri. Harusnya lebih murah karena melayani diri sendiri, alias gak pake petugas tellernya... Sekian dan terima kasih...
2;Ini kenapa ya tix id semenjak cgv masuk di tix promo nya suka gajelas, sy beli 2tiket di jam 10:30 tapi gaada potongan 50%. Tolong dong ngasih promo yg niat!!!
3;Saya kasi bintang 3 karna Diskon 50% nya tidak dapat digunakan, padahal belum pernah saya pakai tapi pas ingin pakai tidak dapat potongan harga. Harga masi seperti semula. Terima kasih
3;"Waduh ini kenapa error, katanya ""belum ada film tersedia"" apa gara2 promo, tlng ditingakatkan peformanya, jadinya php ini mah. Trus kenapa tiap pengguna mengulas jawabnya kirim email, hub cust servis, kenapa gak langsung dijawab aja disini, untuk apa dong kolom komentar 🤨😑🙄"
2;Maaf aku kurangin bintangnya, awalnya membantu setelah lama kelamaan koq tanggalnya ga bisa update yah jd ga bisa booking tiket, awal di uninstal trus instal ulang baru berubah, tp setelah itu ga berubah ubah tetep di tanggal 24/12 jd ga bisa beli untuk hari ini di tanggal 25/12 gimana niih
1;Disuruh ganti sambungan karna ga aman. Setelah ganti sambungan, tetap ga bisa. Ganti pakai wifi tetap ga bisa. Aneh tix id bobrok!!
3;Kenapa promo diskon pembelian tiket pertama ga ada lagi sih? Apa karena kena pengaruh merge dengan CGV dan Cinemaxx kah? Sebelumnya diskon pembelian tiket pertama selalu ada, ntah kenapa sekarang lebih ke diskon minimum pembelian 2 tiket, kan kasihan yang masih jomblo, pengen nonton sendiri, dan kebetulan ga ada pacar atau temen yang bisa diajak? Tolong diadakan kembali, sekarang mau nonton sendiri aja kudu pake mikir 🤦‍♂️.
4;Sory ya saya kasih bintang 4, soalnya rada gk stuju klo bayar adminya per tiket bukan per transaksi.... Labih dari itu suka sih soalnya gk perlu ribet2 klo mau nonton
2;Ini aplikasi nya kenapa ya. Padahal baru di update. Pas mau dibuka selalu yang tertampil pemberitahuan. Oops ada kendala coba lagi beberapa saat kemudian. Kalau bicara koneksi bagus kok
5;Gmana sih tix id udh ambil promo 11.11 dan udah sukses. Malah ngga ada tiket nya. Dana udh trpotong. Cuma dapat sma doang. Tp tiketnya gak muncul !!!!!!!!
5;Proses cepat mudah ... banyakin promo dong. Lebh sering promonya dan kuota promonya ditambah. Thanks.
5;Semakin mudah memesan tiket, banyak discont nya pula. Tolong di tingkatkan lagi supaya agar semua studio bisa pesan tiket dalam jangka waktu seminggu kedepan.
1;Sangat kecewa untuk aplikasi ini ,saya transaksi sy pesan tiket dpt kode booking namun tdk ditukar notifiksi berhsil dan saldo tdk dikembalikan .sya hrap bisa ada kebijakan utk lebih bagus lagi buat kdepanny.
4;Memudahkan, hanya biaya transaksi aja yg memberatkan. Kalau bisa biaya transaksinya di turunkan menjadi 1000 hehehe. Any way. Thanks
1;Gak bisa login ini, padahal pass sama no hp benar, sampe aku ubah pass berkali kali menggunakan pass yg baru tetep gagal login.
1;Tidak bisa buka apkikasi selalu ada tanda x peringatan sinyal tdk tersedia buka kembali nanti. Padahal sinyal kenceng banget buat internetan paketan full terus tuh
3;Knpa menginstal trus aplikasinya,,,, kenapa ga bisa di download hadehhh.... Pdhal ak suka pesen tiket lebih mudah. Sm bisa lihat film yg akan tayang.
5;Sangat membantu... gak perlu antri dan gak perlu tkt kehabisan tiket... tinggal ddk manis d rumah sambil pilih tmpt ddk aja.. sangat2 praktis dan efesien
1;"saya kasi satu bintang saja, soalnya aplikasinya ngaco nih, jaringannya udah bagus, eh nggak bisa dibuka ! yg muncul malah ""jaringan anda tidak aman"".."
1;Aplikasi tidak bs dibuka (sambungan anda tidak aman silahkan ganti sambungan anda dan coba beberapa saat lagi ). Sambungan apanya coba yg tidak aman. GAK JELAS !!!
5;Saya suka jika memesan tiket disini nyaman tidak antri dan banyak promo bisa pilih tempat duduk jadi saya kalau gak usah antri mudah lagi saya suka banget TERIMA KASIH YA TXID
5;Lebih murah biaya adminnya ketimbang mtix dan top up nya juga bisa sesuai hatga tiket aja, g harus ada minimal...otomatis g buang2 saldo juga
1;Kemaren saya pesen tiket film ke tix.id udh gtu di batalkan gtau knp , sblmnya saya sudah top up pake aplikasi Dana srbensar 600rb tapi kan tiket saya di batalin trs ada pembeitauan uangnya sudah di kembalikan cuman saya cek ga ada :(
5;Yang saya sukain dari aplikasi ini mudah untuk top upnya. Buat beli tiketnya gampang banget gak perlu antri sumpahhh pas ada aplikasi ini saya nonton gak Ribet .makasih:)
5;Sangat praktis, pilih film, pilih tempat duduk, pesan,,,,,,,bener bener menyenangkan, tidak pernah lagi kehabisan tiket dan tempat duduk sesuai yang diinginkan,,,,,,,,
2;"Ga bisa d buka kenapa ya? Bilangnya jaringan eror, padahal jaringan bagus buat buka/download yg lain. Di uninstall dan mau install ulang jga ga bsa cma muter"" aja 😩"
5;Ringkas, cepat, bermanfaat. Tp terkadang pembayaran via Dana sedikit error & gangguan. Mohon diperbaiki. Overall nice.
3;"ko skrg saya mau buka apk ini ""sambungan anda tidak aman"" kenapa begitu ya? udah beberapa kali seperti itu, saya kira karna paketan data saya pas saya coba pakai WiFi tetap gabisa juga dibuka. Yauda saya coba Uninstall dulu deh😥"
3;Saya kurangi bintangnya jadi 3, karena makin di update makin gk beres, gk bsa dibuka aplikasinya padahal jaringannya bagus, dan yg di tulis malah jaringan bermasalah, jadinya harus di uninstall lagi kemudian install balek, mohon untuk di perbaiki. Terima kasih.
4;Udh bagus sih, kurangnya itu ada biaya tambahan gitu sebesar 3000, misalnya di bioskop 25.000 klo pakek apk ini jadi 28.000, klo lagi ada promo sih enak ada potongan, tapi klo ngga ada itu malah lebih rugi, semoga ngga ada biaya tambahan lagi donggg😂
5;Kenapa cobak ngasih bintang 5. Aku gitu org nya. Tapi kesal. Lagi ada promo promo gini. Yg gak bisa terbuka lah . Masalah jaringan. Sedangkan aplikasi lain. bisa terbuka. Ribett amat dah gak mantap. Tapi akubmasih baik kasih bintang 5. Biar intropeksi aja.
2;Aq kok gak bisa masuk ke tix id....ditulis disitu sambungan tidak aman trus keluar..aq dah instal berkali2 pun tetap gak bisa jugak..gimana solusinya...
2;Saya udah lama pake tix id ini, tapi kenapa tiba2 setiap mau buka aplikasi ada tulisan sambungan tidak aman...padahal biasanya bisa. Mana saldo masih bnyak lg, mau dipake gabisa
1;Setelah di download tidak bisa dibuka malah ada tulisan sambungan bermaslaah saya tes pake wifi pake data gabisaaa semuaa tolong ini di bantu solusinyaa jika solusi terselesaikan akan saya kasih bintang 5 terima kasih
2;Maaf ya kak sblm nya sya sdah terdaftar ke tix id .. tp knpa baru2 ini pas sy selesai instal salah satu bank .. knpa nda bisa ya mau login ke tix .. padahal di tix ada promo klo buka atm baru ituu bakal dpt pot 100 rb ?? Yg katanya password salah .. trus nmer salah padahal sy baru aja daftar mnggu kmarin .. tolong di jawab
1;Kecewa!! Aplikasi nya dikit2 minta di diperbarui kalau engga di perbarui ga bisa di buka aplikasi nya! Mohon maaf saya unistal.
5;Nyaman,mudahh,banyak diskonya,pokonya mempermudah kita saat mau nonton sama orang-orang terdekat kita, pokoknya ga ribet dehh. Makasih Tix Id 😉
1;"Setiap saya mencoba untuk masuk aplikasinya, aplikasinya menampilkan pesan ""sambungan tidak aman"". Bagaimana solusinya, min? Padahal hp saya baik"" saja."
1;Loading tiketnya lama... apalagi klo tiket promoan, status gak jelas sampai berjam-jam.... aplikasi gak jelas dan sangat buruk
1;Aplikasinya sih bagus, cuma kalo ga niat kasih promo lebih baik ga usah gimmick gimmick pake mau kasih promo. Biaya adm masa per tiket sih bukan per transaksi, jatuhnya jadi kemahalan kalo beli via tix id, mending beli langsung aja deh. Soalnya ga ada keuntungannya beli lewat tix id.
4;Nomer saya yang lama yang terdaftar di TIX ID sudah tidak aktif lagi ,setiap melakukan pembayaran kode otp dikirim ke nomer lama.. Saya sudah email cs untuk penggantian nomer tapi kenapa sekarang ribet sekali ya..masalah saya sampai saat ini belum clear
4;Memudahkan buat yg hobi nonton bioskop... Tp kalau bisa biayanya per transaksi doonk jangan pertiket.... Jadi mahal klo pesen tiket nya banyak...ini hanya masukan aja buat tix....semoga makin maju
5;Sangat membantu menghilangkan penat & stress setelah bekerja seharian, menonton bioskop lah obatnya yang dpt menghibur diri. Dan Sering² ya diadakan promo :') soal nya daerah kota kal-sel (banjarmasin) lumayan mahal :'( #weekday: 50k #Weekend: 75k + admin
5;Bagus banget beli tiket jadi lebih mudah sama promo nya itu loh yg gak bakal dapet di aplikasi lain kalo bisa mohon agar bisa bekerjasama dengan ovo atau gopay selain itu jg semoga bisa menjual makanan yg ada di bioskop jg
4;"Cukup bagus, biasanya ada promo potongan 50% untuk tiket ke 2. Namun beberapa menit yg lalu saya coba beli tiket dan transaksi berhasil tapi ada notifikasi kalau tiket di refund. Sampai 2 kali saya beli tetep refund. Pembelian yg ketiga saya coba beli lagi dan memberi penilaian terhadap ""dana"" untuk merekomendasikan kepada teman, dan akhirnya tiket yg saya beli berhasil, endak di refund lagi"
2;kacau ni tix.id..kata'y promo 50% min beli 1 tapi malah ga dapat..padahal beli'y jg baru beberapa menit promo d'mulai..udh kecewa dgn yg dlu malah d'tambah kecewa dgn yg sekarang
5;Terima kasih tix id karena memudahkan kita, untuk keperluan menonton film. Wehehe praktis banget setelah sampai tinggal, scan barcode
5;Sangat baik sekali, sejak menggunakan aplikasi ini sya tdk perlu mengantri utk mmbeli tiket, bisa booking jauh2 hari. Dan selalu update juga kalau ada film2 terbaru
5;Bagua aplikasinya, jadi mudah dan ga antri buat nonton, top up pun ga dibatesin kaya aplikasi sebelah, banyak promo juga Silahkan pake kode promo saya buat dpt bonus CXMGFE
5;Mau beli tiket yg jam tayangnya d tambah gak bisa...aplikasi sebelah update penambahan studio...memang yg promo kdg banyak mslhnya...ekspektasi tinggi dgn app ini...realita sangat tdk sesuai dgn harapan....
1;Padahal sudah diperbaruhi ko saat mau masuk applikasinya disuruh perbaruhi lagi. Haduhh ko jadi gini ya tix id. Tolong perbaiki lagi. Sudah diperbaruhi minta perbaruhi lagi, ya auto udhan lah.
2;Kenapa skrg gak bisa pilih kursi. Malah loading terus ini udh lama udh sebulanan kayak gini jadinya beli tiket bioskop langsung ke mbak mbaknya -_- udh coba uninstall sam update masih gitu juga. Tolong diperbaiki
5;Aplikasi setiaku buat nnton bioskop. Selain bs pilih kursi sendiri dan dapat harga termurah drpd capek antre2 berdiri di bioskop bwt beli tiket apalagi pas film nya baru keluar tayang. Pokok the best deh tix id.
5;Lebih praktis, mudah, cepat, dan nyaman. Bisa milih tempat duduk, bisa milih jam yg sesuai, ga perlu antri. Tinggal top up, pesan tiket, nnton deh. Thxyu tix.id, sering2 di adakan promo ya :)
5;"Alhamdulillah si sekarang mau nntn film kesukaan gak perlu jauh"" harus k bioskopnya dlu . Pake Aplikasi ini semua terbantu aplgi film"" unggulan OMG . sangat ngebantu"
5;Suka pake tix id, cepet dapet info film terbaru yang bagus2, gampang pesen tiketnya & banyak promonya .. sukkak..
5;Tix menjadi solusi saat film film box office yang diperkirakan ramai penonton masuk ke Indonesia. Gak perlu kuatir lagih bakal kehabisan tiket di seat favorit. Gak perlu antri panjang. Dan paling apresiatif krn skrg melayani pembelian tiket utk XXI dan CGV. Next, semoga bioskop flixx join di Tix
1;Tadi saya pesan tiket forzen 2 di atrium senen, pas saya sudah dapet tiket saya gak bisa masuk ke studio, kata petugas yang ngecek tiket, di TIX ID nya sedang bermasalah, dan nanti saldo yang saya bayar kan akan di refund ke akun dana saya karena saya tadi pake dana bayarnya, alhasil saya gabisa masuk ke studio. Dan tadi saya di telpon dari nomor yang tidak dikenal, ngakunya dari pihak TIX ID, katanya memang akan di kembalikan saldo nya. Tapi sampai sekarang belum di kembalikan saldo saya.
5;Lumayan, beli tiket yg lagi laris manis gak harus kehabisan ato duduk paling depan ! Hehe.. tp biaya admin nya gak pake dong 🤭
1;Sekarang promonya bohongan, baru mulai bisa beli jam 10, dan pas bayar, ga ada promonya, itu pun belinya jam 10. Kalo emang ga kasi promo, ga usa tulis promo. Kecewa.
5;"Sangat memudahkan pokoknya, asal punya e-banking, pasti mudah top up nya. Sampai di bioskop tinggal ""tit"" scan code qr terus klik print ticket dilayar, selesai deh. Gak perlu ngantre lama lama, maklum orang indonesia asli jadi malas antre wkwkwk"
1;sangat memalukan aplikasinya,udah dibayar terpotong tiket gak muncul,,,bisa bikin aplikasi call center gak bisa dihubungi,aampe pulsa abis,,semoga kalian dapat balasnnya,amien ya allah,...
5;Bagus aplikasinya, jadi gak usah ngantri kalo mau beli tiket, jadi gampang juga kalo mau beli tiket, terus kita bisa pilih jadwal sesuka hati dan bisa bandingin harga tiketnya 😁
4;"Baru pertama kali coba sih, stlh sekian lama gk k bioskop krn ank blm msh kecil blm bs d ajak nonton d bioskop, akhirnya stlh 5thn penantian bs nonton jg, frozen II, kacian yah, hiks"". Btw aplikasi sangat helpfull bnaget gk pake ribet n antri panjang, cm kurang promo aja, coba klo bs sering"" promo discount buy 1 get 1, pasti mantap jiwa, atau nonton free snacks & drink dr pihak bioskop nya, seneng banget mamak, utk promo yg d daerah"" khususnya, jgn d jkt doang, kt d lampung nih, thx u tix.id !"
1;Tolong di update lagi dong,nomor yg hilang tpi masih nyangkut di aplikasi tix dan ada saldonya.kan gk bisa dipake,sediakan fitur ganti nomor ponsel.payah aplikasi bagus tapi kayak gini.
4;Keren nih aplikasi nya. Beli tiket tanpa antri, bisa milih kursi favorit, pembayaran cepat dan mudah. Thanks TIX.ID semoga makin lanjay yaa..
5;Beli tiket ngga pake antri, dpt beli kapan saja sehingga dpt pilih no tempat duduk. Tau film yg sedang tayang. Pokoknya TIX ID top.
3;Aplikasinya mantap ga perlu repot antri panjang kalo pass ada film yg bagus tapii saya kasih 3* karna saya merasa biaya layanan terlalu mahal, biaya layanan dikenakan pertiket bukan per order, coba bayangkan kalau saya pesan 15tiket??? 3000x15 biaya layanan sama dengan 1 tiket
5;Sangat memudahkan untuk kami yg domisili agak jauh dari bioskop...tinggal klik2 dan berangkat dengan nyaman, tanpa mikir antri dll...
4;udah top up dana. udah melakukan pembayaran dan berhasil. tapi konfirmasi sms ga ada. di daftar transaksi pun ga ada. saya cek di bioskop tanggal dan jam yang sama. dua kursi yang sudah saya pesen dan bayar masih available. gimana sih ini aplikasi ga banget. respon komplainnya pun lama banget. GA REKOMENDED BANGET ! edit sudah dikembalikan dananya.
5;mempermudah saya disaat tidak ada waktu buat antri beli ticket , dengan adanya aplikasi ini tinggal duduk manis pilih film dan tempat duduk sesuka kita , thank tixid perbanyak promo 😁😎
5;Baru pertama kali pakai,. Alhamdulillah bisa beli tiket nonton dengan mudah tdk pakai antri , lebih cepat dan hemat 😊, terimakasih TIX ID
5;Saya kasih bintang 5 karna simple gak ribet gak harus antri dan banyak promonya. Semoga kedepannya ditambah banyak lagi promonya. Sukses terus buat tix id 👍
5;Selalu bikin happy kantong ku tidak kering tidak antri tidak bikin capek tidak berebutan cukup dengan duduk santai sambil ngopi cantik tinggal klik pesen jadi dwh tiket...sangat bermanfaat sangat berguna karna saya hobby nonton bahkan hampir semua keluarga hobby nonton moga terus banyak promoooooonya ya....dan paling seru update film nya itu loh paling cepet di TIX ID saja....gimana coba gak bikin happy kita gk capek2 antri lohhhh bikin hati senang tiap ada film baru tak pernah lagi antri
4;Tix.id sangat membantu dalam menyediakan hiburan tanah air maupun luar negeri. Kemudahan bertransaksi dengan banyak metode pembayaran, serta banyak diskon tiap minggunya. Semoga kedepannya dapat meningkatkan kualitas aplikasi dan pelayanan terhadap customer.
5;Sangat untung bisa pesen tiket di TIX ID tanpa perlu ribet ngantri... Truss suka ada diskon 50% .. Truss bisa Pre Sale jugaa❤❤❤❤❤
5;Sangat membantu sekali tix id ,gak usah antri,bisa pilih kursi,, discount nya juga lumayan ,, saran saja sih ditambahkan opsi pembayaran paylater, buat tgl tua pasti sangat membatu,tgl tua juga bisa dpt hiburan 😊😊
5;Sangat mudah. saya kira karena pembayarannya menggunakan dana akan sulit, ternyata tidak sama sekali. dana dan tix.id sangat mudah digunakan. terima kasih
1;Katanya diskon tiket kedua dari jam 10 pagi. Pas udah topup jam 12 lewat kok malah harganya balik lagi gmana si? Klo misalnya cuma smpe jam 12 harusnya ada pemberitahuan di promonya. Sering banget kek gini
5;Tidak perlu antri saat membeli tiket dibioskop, lebih efisien dan lebih cepat untuk order tiket untuk nonton.
3;saya heran. tix ini kan krj sama sama dana.. promo nnton pake dana 50% per. 13-17nov.. masa saya pesen tgl 15 gak kena promo.. dan udh terljr pesen tgl 15.. notif nya baru muncul tgl 16.. curang bgt aplikasi jmn skrg.. gojek juga sama ja.. masa promo gk isa di klik..
5;Tix id ngadain promo lagi nih!!! yuk yang mau nonton trus dapet potongan harga sampai Rp. 25.000 lumayan banget kannnn Don't forget pakai kode promo ini ya QIPEWZ Duh kapan lagi bisa dapetin promo cuma dengan minimal transaksi cuma Rp. 40.000 Terbatas yaa, buruan makanyaaa😍
1;Saya beli tiket, dan konfirmasinya lama sekali sampai waktu yg ditentukan masuk bioskop nya, konfirmasi dri tix juga belum ada jd ga bisa nonton, dan saldo ku sudah terpotong. Juga sampai skrg belum di refund saldo nya...
5;Aku kalau pergi k bioskop sukanya udah dekat2 jam tayang filmnya. Hasilnya selalu dapat duduk di barisan depan. Buat sakit mata. Tapi pakai aplikasi ini buat aku gak harus buru2 pergi biar dapat duduk di atas. Sangat membantu deh..
5;Mempermudah 😘 tapi tolong durasi filmnya kalau bisa semuanya munculin ya, kadang ada yang ga ada keterangan durasinya. Ters kasih keterangan juga kalau filmnya layarnya flat atau tidak. Terima kasih ☺
1;Gw mau masuk lagi padahal udh bener pass dan no tlp gw, tpi di bilang no dan password salah udh gw ulang2 reset pass tpi jawaban ttp sama bangsat lu !!!
5;Suka banget pake apps ini nggak perlu antri jadi nggak usah khawatir kalau ke bioskopnya mepet sama jadwal nonton sisa scan kode print selesai. Gampang banget dahh pokoknya
5;Ga repot tinggal klik lihat film yg sedang diputar, pesen tiket lalu bayar ga perlu antri di loket hehehehe mantul sekali
4;Tix memudahkan penggunanya untuk memesan tiket. Terimakasih. Gausah antri lagi. Gausah ribut ngitung uang depan kasir lagi. Ga akan sedih krn kehabisan tiket lagi. Hehehe
5;Wahhh... aplikasi ini sangat membantu saya dalam pemesanan tiket buat nonton. Pembayarannya mudah. Bisa pakek dana. Beda sama aplikasi sebelah, pesen ribet bayar jg ribet. Jempol 5 buat aplikasi ini.
3;TIX ini sebenarnya nya memudahkan dalam pemesanan karcis nonton... tapi yang saya tidak suka nya tix ini kadang kadang error sendiri... kalau kelamaan di buka biasa nya keluar sendiri dari aplikasi nya... kan aneh trus kalau mau cek jadwal film nya biasa nya keluar sendiri ke home nya...
5;Sever down trs. Bikin promo ga niat sekali. Sudah berkurang saldonya tapi tiket tidak didapatkan. Good job😂👍
5;saya suka pakai aplikasi TIX ID karena lebih memudahkan untuk beli tiket nonton dan juga bisa liat trailer film yg sedang tayang dibioskop dan juga suka karena sering promo klw beli tiket langsung di TIX ID 😊😉
5;Overall sangat memuaskan akan tetapi paymentnya kurang lengkap alangkah baiknya ditambahkan payment yang lainnya, sukses selalu TIX ID untuk ke depannya. Terima kasih.
1;pembelian gagal, telah terjadi kesalahan mohon coba beberapa saat lagi. muter terus.. kemudian kursi sdh terjual, terus maaf server dalam pemeliharaan. Damn, mending gak usah diluncurin aplikasi kayak gini, nyusahin aja. kursi masih warna biru (ready) dibilang sudah dipesan, gak update payah. mending langsung uninstal, gak guna
3;Sering sekali error, kadang gak bisa bayar, kadang tiket gak keluar. Thx u tix id yang suka bikin org mudah tp ujungnya ke studio langsung gara2 suka error
5;Banyak diskon, dan sangat membantu sekali untuk menonton film yg diinginkan dengan diskon2nya yg memuaskan.
5;Sukaaa bgt sm aplikasi ini..tiap minggunya selalu ad promo di tiket ke 2 jd lbh hemaat..nonton jd lbh seruuu..makasih tix.id..loveee deh..
5;Mending gak usa pake tix.id . Gak ada kepastian dapet kursi ato gak dan bisa seenaknya cancel walopun uda smp di bioskop. Gak ada kejelasan. Hati hati klo di app tix.id tiket masih ada bisa tiba tiba dicancel krn alasan kursi sudah sold pdhl kita uda booking. Baca aja komen yg kasih ⭐ 1 byk yg sdh ngalamin.Cs ditelfon jg gak bs kasih solusi. Dr pd kecewa uda smp bioskop tp gak bisa nonton mending gak usa pke app tix.id ini. Pke gotix aja yg begitu slese transaksi lgsg dpt kode booking.
1;Useless bgt ihh. Pesen dsni proses nya lama bgt. Uda mw jam tayang kode booking gak keluar tau tau diCANCEL !!! Gak jelas!!! Gak ky yg lain. Bgitu transaksi slese lgsg keluar kode booking. GOTIX aja bisa kok pesen mepet jam tayang..Damn!!!!!!! Fix lgsg UNINSTAL!! Gak usa pd download..gak guna..
5;Mantabbb, pesen tiket nonton jadi lebih mudah dan gk perlu repot repot antri hehe. Tingkatkan layanan dan promo promonya yaa 😁
4;Setiap ada film terbaru pasti ada pemberitahuan dan kita dimudahkan untuk beli tiketnya tidak perlu antri dan bisa pilih bangku.
1;Mengecewakan, transaksi sudah menunggu lama, berhasil, tau-tau pembelian tidak berhasil. Refund langsung setelah itu sih, cuma mengecewakan aja karena rencana yang sudah dipersiapkan sebelumnya jadi batal hanya karena gagal pembelian.
5;Mohon ditambah fitur refund, dengan batas waktu misal 6 jam sebelum waktu tayang atau 24 jam untuk yg pre sale, kembali 90% pun tak apa, kadangkala ada keperluan mendadak sehingga tidak jadi nonton
5;Gak perlu nunggu antrian klo beli ticket nonton.. mantep la.. untuk pembayaran jg gampang langsung terhubung sama dana.. 👍👍 mudah² kedepannya pembayarannya diperbanyak biar bnyak pilihan..
1;Kalau mau ngasih promo yg jelas dong, labil banget! Baru kemarin ada promo diskon tket pertama sampai tgl 27 eh tiba-tiba hari ini diganti jadi promo diskon tiket kedua! Kalau emang mau kasih promo diskon itu yg konsisten! Tiket pertama atau kedua! Padahal dulu tix bagus bgt kenapa skrng malah labil gini!
5;Terima kasih sudah menciptakan app ini, dulu sukanya jauh2 ke bioskop cmn buat booking tapi skrg tinggal milih no kursi yg dipengen (belum lagi promo2nya 😘). Minusnya sih kl mau pesan di hari pertama penayangan film2 terkenal (superhero movie, dll) gt kadang pesanan kita direfund tiba2.
5;saya transaksi masih menunggu bangku.. terus tiba tiba refund 1 jam kemudian tidak masalah sih... kenapa saldo saya disedot kembali untuk transaksi jam 5 sore padahal saya ikut promo yang jam 10 pagi .. transaksi berhasil jam 5 sore movienya main jam 2.30 siang gimana ceritanya?
5;Aplikasi rese. Tiap buka aplikasi selalu timbul niat untuk nonton. Mana pas buka ada promo lagi. Fiuhhh. . .
5;Gampang,mudah dan nyaman pakai untuk beli tiket nonton dan Praktis klok nyampe ke bioskop tinggal scan barcode trus duduk sambil nunggu filmnya mulai deh.
3;Update Skrg Bagus sih ada CGV nya .. tetapi Sulit menentukan bioskop mana yang akan di tonton CGV/XXI tolong Update an selanjutnya ada sortirnya .. antara CGV Dan XXI jadi Lebih mudah menentukan Bioskopnya
5;"Aplikasi keren. Dulu saya kalo mau nonton harus cepet"" ke bioskop 1 jam sebelum tayang biar bisa kebagian tiket & tempat duduk paling atas, skarang saya bebas mau pilih tempat duduk dan ga perlu lagi antri beli tiket"
3;pilihan masih sedikit membingungkan, ui pilihan harus dapat terlihat dengan mudah dan pasti, twrmasuk bioakop tgl dan seat dengan pasti
1;"Parah banget! Masa saya beli tiket joker, giliran di print dg scan/input manual tidak bisa, tulisannya ""nomor telefon tidak dikenal"" atau apa gitu.."
2;TIX ID tambah lama tambah gak jelas, ada pemberitahuan ada diskon tapi pas pembayaran gak keluar, dan saya dapet voucher dari dana juga tapi gak keluar di pemabayaran.TOLONG DI PERBAIKIN. TIX ID GAK SEPERTI DULU
4;Memudah sih, tp metode pembayarannya masih belom lengkap, mudah2an lain kali bisa melakukan pembayaran dgn transfer atau dgn tunai di indomaret atau alfamart selain menggunakan dana, supaya lebih memudahkan lagi..
5;Sebelumnya saya pernah koment tentang tix id yg pemesanannya hanya cinema XXI. Sejak itu saya mls update,karena tdk bisa beli tiket di cgv(dulu belum ada)pas saya coba update ulang,ternyata sdh kerja sama dgn cgv. Thanks TIX-ID skrng saya ga perlu repot buat download aplikasi bioskop lain untuk nnton di cgv. Tingkatkan lagi,dan semoga makin bnyk yg download TIX-ID🎉🎉
4;Setahun setelah beberapa aplikasi update akhirnya lancar jaya. Gak ad lagi force close. Cuma biaya admin ny makin nambah, semoga promo promo tiket ny juga bertambah.
1;Masa dah lewat 30menit tiket sdah angus bikin rugi aja , jadi enak pesen tiket secara langsung, buat apa aplikasi tix kalo mau pesen tiket gak boleh lewat 30menit.
4;Aplikasi Tix Id sangat membantu sekali dalam membeli tiket. Sudah tidak perlu lagi mengantri dan capek berdiri. Untuk pembayaran kalau bisa diperbanyak lagi pilihannya. Melalui Alfamart atau Indomaret.
5;Customer service nya sangat membantu. Maaf atas kekurang pahaman saya sebelumnya yg memberikan kesan buruk thdp applikasi ini. Dengan d jelaskan secara baik dan tepat oleh customer service nya akhirnya saya bisa menggunakan app dengan baik dan semua lancar.
4;katanya ada diskon 50% untuk tiket kedua sampai tgl 20 oktober, tp pas mau pesen tiketnya, saya g pernah dpet diskon y, jdi syediihh,.pdahal dulu2 asik bngt suka dpet diskon jd bisa berhemat klo mo nonton.
1;Awalnya bahagia pas tau ada app yang dapat memudahkan tanpa perlu antrian,eh ternyata mengecewakan. Udah top up,tapi tidak bisa memesan tiketnya. Nyesell bgt
5;Sangat direkomendasikan untuk para pencinta film layar lebar. Memudahkan untuk melakukan pembelian tiket dengan proses cepat. Good
5;Sejauh ini oke, sangat membantu. Harapan pengguna tak lain tak bukan adalah agar selalu dapat meningkatkan pelayanan juga lebih banyak penawaran serta diskon diskon yg menarik lagi 😊
4;Semuanya sih udah oke, suka banget. Mempermudah banget beli tiket tanpa ngantri. Tapi biaya admin nya kemahalan 😌
5;Dengan tix aku ud garepot-repot antri di bioskop, ada diskonnya lagi (meskipun gak sering). Sering-sering adain diskon yaaaaa
5;Aplikasi ini sangat bagus dan membantu sekali dalam pemilihan tempat duduk. Jadi kita tidak perlu lagi untuk mengantri dalam membeli tiket. Apa lagi film yang akan kita tonton memiliki minat yang bnyk
5;Yg terbaik slama sy menggunakan aplikasi TIX ID ini sngat skali membantu dlm hal hiburan tontonan di bioskop mana pun,.. Smoga sllu di kembangkan acara diskon nya agar sllu mnjadikannya no 1 dlm memesan tiket scara praktis.... Trima kasih
2;bberapa kali beli tiket dan gagal !! mepet wkt ke jam tayang lagi konfirmasinya,, alhasil beli tiket manual di loket, untung masih available.
4;Sangat membantu apalgi di saat telat datang dan sudah booking duluan jadinya gak khawatir untuk mengantri, sering-sering promo juga yaa biar makin banyak instal app beli ticket gak perlu ngantri
2;Mohon tix id dengan dana diperbaiki lagi.. Saya lupa pasword dana jd ribet semuanya. Pengurusan nya pun di dana sangat rumit. Jadi saya tidak nyaman menggunakan nya. Dana sayapun masih beku sampai sekarang krn proses yg sangat ribet & rumit.
1;Dear Developer, saya cukup bangga dengan kinerja admin yang kurang profesional... Saya daftar akun tapi verifikasi nomer telpon tidak kunjung datang... Setidaknya dengan hal seperti ini saya sebagai pemakai jasa TIX ID cukup mengerti buruknya pelayanan app ini
1;Sudah beberapa kali mencoba mendaftar namun tetap tidak bisa, karena tidak bisa menerima layanan verifikasi sms, sudah di coba dan tetap gagal. Mohon bantuannya
5;Saya beli tiket lewat pembayaran via DANA, saldo sudah terpotong namun kode booking tidak terbit, saat nge e-mail costumer supportnya dengan semua bukti transaksi tidak ada tanggapan. Terima kasih sudah menanggapi email saya walaupun butuh proses lumayan lama, pengembalian dana sudah dalam proses. Saran untuk Tix ID waktu proses pembayarannya ditambah menjadi 15 menit agar kami para pelanggan tidak terburu2 dalam transaksi.
5;Praktis, sering ada promo, sekarang gak cuma xxi, udah ada cgv juga, semoga bisa tambah cinemaxx dan yg lainnya. Nonton jd lebih praktis, gak pernah kehabisan tiket. Mantab.
4;Saya mau nonton film sin dan mau beli tiket tapi jadwalnya kok gak keluar sih. Padahal udah di perbaharui malah gak isa dipake. Tolong dong dibenerin.
1;Ooyy please gw mao daftar akun tix id,tapi di respown nya lama banget pas nunggu kode veryfikasi nya,tolong lahhh di percepet kirim kode veryfikasi,gimna mau daftar kalo kode veryfikasinya lama banget,saya udah berulang ulang kirim ulang tetep aja gak muncul muncul kode veryfikasinya,tolong di perbaiki lagi min,jangan sampe app ini cuma sampah doang
4;Bagus sekali, sangat membantu dlm order tiket, jd ga prlu antri. Semoga kedepanny lebih bagus, dan klo bisa ada potongan lebih buat harga tiket, hehe biar lebih sering nonton.
5;Biaya admin 2 kali lipat dari mtix tapi top up mtix selalu dikenai biaya 5000. Sedangkan tix id tidak perlu top up karena sudah terintegrasi dengan dana. Dan top up dana tidak perlu biaya tambahan lagi.
3;Bagus sih apps nya tpi minusnya saya eprnah beli tiket . Udhh dibayar tapi pas mau printout tiba2 di refund . Terus setelah film diputar tiba2 tikwtnya udh kebeli ga bisa kepake
1;Penipuan! Udh beli tiket dan bayar. dan saldo nya udh kepotong. Tiket dan kode booking tidak masuk di aplikasi! Sudah komplain melalui email tetapi tidak ada respon sama sekali. Tolong kembalikan uang saya. Jika tidak aplikasi ini akan saya laporkan!
5;Trims... Selama ini menjadi solusi saya buat beli tiket nonton.. permudahlah trus menu2 d dlm nya.. dan perbanyaklah trus sale tiket nya 👍🏻 biar app tix.id selalu terdepan 😃
4;Sejauh ini nyaman sama apk ini, biki gampang buat beli tiket. Tapi sya pernah pas beli tiket, keterangan kursi belum ada yg booking, tapi pas udah bayar pakai dana, eh gagal dan uangnya di refund. Tolong kedepannya kalau ternyata posisi kursinya sudah di booking org langsung terupdate di apk nya. Trmksh
1;Awalnya suka bgt sm tix id,nyaman gampang mudah, gara2 dana pake pasword segala jd ke lock,,, shiiit un instal aja pake aplikasi lain sumpah gak nyaman prosesnya lama sekarang
3;Aplikasi terbaik, mantablah pokoknya..tapi ada 1 yang kurang,klo bisa tersedia juga untuk pembelian tiket Cinemaxx,supaya mempermudah pengguna jug memilih bioskop yang diinginkan tanpa harus mengantri lagi
3;alhamdulillah sedikit terbantu dengan pakai aplikasi ini dan aplikasi DANA ... semoga lebih bisa menambah fitur yg lebih fleksibel dan optimal
3;Udah pake tix, tapi masih banyak antriannya. Tolong diperbanyak lagi layanan scan barcode di bioskop2. Tq
1;"Pernah gagal pesan tiket, masuk notifikasi katanya saldo dana di return tapi gak masuk"" saldonya .. Padahal lumayan bisa dapet 2 tiket dengan saldo itu"
3;Mohon ditambah fitur refund, atau saat pesanan ingin dipesan ada final check karena beberapakali saya ingin pesan tiket diwaktu yang berbeda terkadang malah terpesan. Terima Kasih.
5;terima kasih sangat membantu , banyak promo an, wlopun sempat kesulitan ketika mau bayar dana dulu harus masukin pin, dan aku lupa sampe 2x mghubungi cs alhamdulilah akhirnya bisa diperbaiki pin nya 😍 kini kok tak perlu masukin pin lagi alhamdulilah semoga semakin baik lagi 🙏 pliss kak jgn minta d update muluk huwaaaaa 😭
2;Karena adanya TIX ID kita tidak perlu lagi mengantri panjang dibioskop jadi kita sampe tinggal tempelkan kode QR setelah itu muncul tiket selesai jadi jangan lupa dowlnod TIX ID ya TERIMA KASIH
5;mantap banyak diskon (perthankan ya :) ) , mempermudah pemesanan tiket bioskop udh paling TOP menurut gw app ini & sekarang udh nambah bioskop CGV. Saran nih min, tmbh satu bioskop pesaing lg donk biar makin keren.. Sukses ya tix.id :)
2;Ini gimana sih di update yang baru makin bingung, mau pesen yg di xxi gak muncul semua gitu movie nya, pdhal di aplikasi xxi nya masih ada movie nya, ada yg gitu juga gak ?
3;Promo dalam bentuk apapun tidak dicantumkan di laman tix id versi aplikasi. Tidak seperti aplikasi lain yang menginformasikan tentang promo di laman aplikasinya, membuat pelanggan merasa tertipu karena tidak mengetahui kalau sedang ada promo Tingkatkan lagi aplikasinya, masih kurang banget untuk sekelas tix id
5;Dengan adanya TIX ID kita bisa dengan mudah pesan dan booking tiket bioskop..dan yg pastinya ter percaya.. Btw mudahan slalu ada promo tiap mingguny.. Sukses
3;Bagus sih, cuma bisa booking kursi dan lihat film apa saja yang masih screening. Yang mengecewakan kuota promonya terbatas pada jumlah pembeli, coba promo/diskonnya ditentukan harian tanpa batasan kuota. Dan satu lagi ada biaya layanan Rp3.000,- per kursi. Masa jadi mahalan beli di aplikasi TIX ID dari pada beli on the spot.
4;Saya kemaren mau lihat danur dan lihat diskon 50% tapi saya selalu buka app nya tapi enggak pernah dapat yang 50% diskonya, jadi saya kasih bintang 4 lah ya
5;"Aplikasi yang membantu dan bermanfaat untuk kita lebih gampang dalam membeli tiket untuk nonton tidak perlu repot"" untuk antri SUKSES untuk TIX ID"
3;"Semantara ini saya kasi bintang 3 deh karena pembaharuannya sedikit ribet. Utk scroling ke bawah melihat jadwal bioskop harus ngeklik berkali kali ""Lihat bioskop lainnya"" yg dulunya cuma scroling ke bawah terus semua jadwal bioskop terbuka semua."
5;sangat memudahkan sekali tanpa ngantri memilih tempat duduk sesuai harapan dan selalu ada potongan harga.. hihihi
4;Sangat memudahkan saya dalam pembelian tiket apalagi ada diskon nyaa hiya hiya hiya tapi kadang agak susah saat penyelesaian transaksi (saat memeriksa kursi) heeemmm itu aja sihh
5;sangat dibantu dengan apl ini, ada promo diskon terus jadi hemat deh kalau mau nonton dan satu lg gak perlu ribet antrian beli tiket hrhehehe love dah... ama tix id
1;Di aplikasi statusnya sudah terpakai dan tidak bisa mencetak struk dgn di tambah tidak ada notif maks struk di cetak 30 menit sesudah penayangan dan saat di email slow respon. Dan sygnya tnpa ada pengembalian dana,mungkin pembaca bisa memilah siapa yg salah. Semoga kedepannya ada perbaikan lagi
4;knpa harus ada ke download versi baru sih. klo yg ram nya kecil kan jdi ga bsa dibuka lgi tix nya. mo pesan tiket jga jdi ga bsa
3;Setelah update dan adanya cgv, ada sebagian bioskop xxi yang hilang, contoh bioskop di bandung festival citilynk tidak lagi ada. Mohon di cek kembali bug bug seperti itu . . Jangan hanya upgrade saja.
2;Tadi saya lg nntn tp blm mulai karna proyektor bioskop tersebut ada problem, jd tiket nya di refund. Tp kok sampai skrg belum msk lg yaa Dana nya? Apa bener bener 1x24 jam?
5;Sukak.. Jadi lebih cepat Dan menghemat waktu dalam pemesanan tiket. Sayang nya. Kenapa ya setelah berhasil di buat kode undangan loyaltix nya tidak masuk
5;Maaf sebelumnya, sudah berbulan bulan saya tunggu fitur mengisi saldo tix ke alfamart kok masih belom bisa, tolong di percepat fitur itu untuk memudahkan bagi yg tidak memiliki bank atau atm. Terimakasih.
5;Memudahkan dalam membooking tiket dan banyak potongan harganya yang buat kantong lebih hemat, percetakan tiket juga simple sekali
5;Sejauh ini,saya nyaman² aja dengan apk TIX ID Promo nya juga asik²,mudah juga pemesanan nya,udah gitu jadi gampang kalo mau pesan tiket gak perlu ngantri Makasih buat TIX ID,perhananin performance nya ya Promo nya juga 😊
1;Sangat tidak memuaskan , karena tidak bisa melakukan transaksi melalui dana dan sistemny sangat tidak bagus. Mohon untuk di perbaiki , sangat meresahkan pengguna.
4;Tadi nya mau 5, tapi ada case kemarnlen jd nya 4 dulu. .dimana saya dapat tuh diskon yang Joker 20rb ( belum booking karena saya tanya tmn dulu ) nah pas mau booking setelah persetujuan dengan tmn ada notif untuk update agar bisa digunakan untuk CGV. Selesai di update qo diskon saya gagmuncul yah hikssss. .gitu saja tolong di baguskan kembali. .
5;Thankyou tix sejauh promo aku bsa sllu dapet promo nya ..pernah sih smpet takut sekali karna kode booking blm smpe krna lamaaa bgt biasanya cepet ,eh ikutin saran screenshot bukti transaksi kirim email kalo g salag ga lama langsng masuk deh kode booking nya .. thankyou yaa
5;Kinerja tix id paling bagus walaupun pernah refund tapi cara pengembaliannya oke,pernah tidak kebagian promo tapi seringnya dapat.Tix id server bagus tidak pernah loading lama dan tiba 2 promo hilang kayak bms yg paling sering begitu,ada cgv adalah kabar gembira utk film yg tdk tayang di xx1.Sayangnya di bali tidak ada,mohon utk park23diganti cgv .Biar antusias lebih besar ,disana sepi xx1.Galeria xx1 juga perlu dibenahi,kesannya kuno sekali.level21paling bagus ,kalau kesana experiencenya beda.
4;Gampang banget kalau mau pesen tiket nya tapi biaya penanganan nya mahal. Dan banyakin diskon nya hehhehheh
2;"Saya waktu itu pesan tiket ""makmum"" 2 tiket. Tulisannya di refund uang. Yang satunya saya cairkan uangnya. Yang satunya lagi mau sya cairkan uang yg katanya mau direfund tadi malah kepotong. Dan saya malah disuruh kasih rating untuk film trsebut. Kedepannya tolong diperbaiki agar tidak sembarangan potong saldo orang. Kalaupun harus di refund seharusnya tanpa potong dan benar2 masuk saldo dana! Pelayanannya perlu di perbaiki lagi. Saya sudah mencoba menghubungi nomor di tix tidak ada yang angkat"
3;Kalo saya beli tiket presale, trus minggu kemarin uda print tiketnya di bioskop... Film nya untuk tayang besok sich.... Nah tapi skrg saya lupa taro print an tiketnya... Kira kira kalo besok saya datang lagi ke bioskop utnuk print ulang tiket saya masi bisa ga ya?
1;Saya turunkan bintangnya! Karna saya kecewaa beli tiket disini dan ternyata double seat dengan yg membeli secara langsung😠 pdhal saya udh order duluan tapi terlambat masuk teater.
2;Saya udh daftar bca mobile untuk dapat voucher 100rb tik-id tapi ga dapat voucher tsb krn agak mengecoh penjelasan tik-id ttg cara dapatkan voucher tik-id yg 100rb tsb setelah daftar bca mobile tsb.
5;"Ngebantu banget buat dapetin promo tiket murmer, mulai dari diskon 50% sampe buy 1 get one :) cuman sayangnya kadang promo pre-sale film di tix.id tidak berlaku di beberapa bioskop. Padahal kalau di cek di tix, jelas"" bisa beli pre-sale karna digambar filmnya muncul tulisan pre-sale. Udah itu aja keluhannya. Selainnya sudah bagus"
5;Alhamdulillah pake tix id ga pernah di kecewain. Mempermudah bgt. Jaman digital skrg emg dibutuhin bgt aplikasi kaya gini, semuanya tinggal klik di hp . terus beri pelayanan yang bagus ya!tingkatkan trsss. Trimakasih
5;Sangat mengesankan, tanpa antri, dan diskon diberikan sesuai yg di iklan, 25 ribu langsung dpt potongan seperti saya, masukin kode referal HRNEGR. Dijamin bisa nonton dgn harga murah
5;Sangat terbantu untuk menonton film tanpa mengantri,yang kurang banyak promo diskon dan cashback pembelian di tixid.
4;Kayak nya mereka udh banyak perbaikan sih, udh beberapa kali beli tiket pake dana yg reject langsung refund uangnya. Good ! 👌🏼
5;Sangat direkomendasikan.. kapan lagi bisa nonton separuh harga. Transaksi jg sangat cepat dan sering ada promo2 terutama film baru.
1;Tix id banyakin promo dong kalo bisa tanpa harus pakai credit card, masa kalah sama tetangga sebelah. Bahkan pesan tiket di platform ojek online lebih murah bisa cashback.
2;aplikasinya bagus, dan walaupun kita gak pnya dana bsa liat seat. cuman pada saat terjadi gangguan/dana telah terdebet itu sangat sulit menghubungi pihak tix id. bisabisa filmnya udah abis dluan baru deh ada respon. Nomor call centernya juga percuma gak pernah bisa ditelfon. Sangat2 slow respon dalam menanggapi keluhan
5;Suka bangetlah sekarang di permudah banget nonton di bioskop, ditambah bisa nonton di CGV juga. Kalo bisa pembayaran nya juga di tambahin dong jangan di dana aja, di ovo atau gopay gitu
2;tix id nya lebih sering update skrg jdinya malah banyak abisin kuota dan memori kalaupun di update biasa aja ga ada yg diperbaharui menurut ku tolong dong jangan dikit dikit perbaharui gitu-_-
2;"Saya beli tiket presale pake DANA, transaksi juga sudah berhasil tapi langsung ada notif uang saya d refund. Oke gpp toh saldo juga sudah balik lg. Saya lihat review"" disini dgn kasus yg serupa pd bilang klo ke'esokan hari'nya saldo'nya kepotong. OMG, awas yaa klo saldo saya kepotong!!"
3;Aplikasi bagus sayang g ada refund dana klo mo batalin,,, terkadang kita booking kan tiba tiba ada rencana yg dadakan,, tolong dunk ditambah pembatalan ato bisa ganti hari diaplikasi na,, biar makin mantap,,,
5;Aplikasi keren pesen tiket gampang dan suka ada Diskon. Thanks untuk TIX ID dan untuk Developernya sukses selalu
1;Jelek bgt design nya, w pesen tiket pas pilih tempat duduk, lupa gak liat bacaan layar utama, jadi nya w pilih pling depan, w kira itu bagian belakang, seharusnya selain bacaan yg agak berbayang, di kasih tanda layar kek..., sua bgt dah...
5;"Keren bangetlah, semoga semakin berkembang dan semakin lengkap daftar film"" dan bioskopnya... XD Sangat"" membantu apalagi pas ada promo.. :v"
3;Sebel,, padahal udh berhasil selesaikan pembayaran,, dan transaksi seleai,, eh tiba2 jadi gagal transaksinya,, knp sih?? Gak boleh pake harga promo??????? Pake harga normal aja baru lancar,,,!!!! (Tambahan) saya kasih 1 bintang lagi,, karena ada promo,, (Tambahan) tolong dong klo ada costumer complain jangan nunggu sampe 1 bulan di prosesnya,,
4;Mantaabb, sangat membantu aplikasinya.. Cuma alangkah lebih baik lagi, ke depannya di aplikasinya ditambah untuk pilihan pembayarannya bisa dengan transfer atau atm, jdi bukan hanya lewat dana saja. Terus pilihan bioskopnya kalo bisa ditambah juga, jangan hanya xxi tapi CGV dan Cinemaxx juga ditambahkan.. Thanks
4;Baik. Sangat membantu. Belum pernah ada yg mengecewakan namun pernah satu kali transaksi sangat sulit. Mngkin saat it sedang tinggi pemesanan shingga sangat slow untuk proses n akhirnya brujung cancel. But it's ok 👍
5;Mudah dipakainya , nyaman, gak pernah terjadi masalah saat collect ticket dan banyak diskonnya 
3;Tolong ini kenapa tiap mau daftar kode verifikasi nya ga saya terima ya udh ditunggu trus d coba lagi malah ada kesalahan d suru coba lg terus, ini gimana ya?
5;Well done TIX.ID, mungkin ketika trafic lagi padat harus bisa handle semua prosesnya yaaa..itu aja sih masalah2 yg sering complained by customers
1;"kok rata"" disini pada kecewa semua ya .. padahal saya g pernah kecewa tuh sama tix id .. eh tp emang nggak pernah pake' tix id sih 😅😅😅 baca ulasan dibawah kayaknya ratingnya rendah banget .. semua ulasan dijawab otomatis ama Bot .. tidak ada tanggungjawab/cs yg menjawab relevan .. trimakasih.. bintang 1 .. eh stengah ding."
5;"Exaited banget, waktu mau nonton bareng sama temen"" gua dan pada mager banget buat antri beli tiket nggak taunya nemu aplikasi yg keren abis bisa mempermudah banget cukup download secara gratis trus daftar udh deh pesen tiket langsung tanpa ribet"" antri. So, thanks banget tix id 😊😊😊😊"
4;"ini kenapa ga mau diperbaharui ya? udah ngulang 2x tapi ttep ga keperbaharuin. sampe udh uninstal terus didownload lagi ttep gak bisa, penyimpanan ga bermadalah, koneksi internet juga. ini hp saya yg ga mendukung apa gimana? -,,-"""
5;Mantap promo nya .keren pembayaran nya di permudah lagi dong.. Indomaret, akulaku, atw kredivo sukses selalu
5;"Sangat berguna sekali untuk kita semua yang takut untuk gak bisa nonton karena gelisah tiket kehabisan dan juga sangat membantu untuk kita semua yang tiba"" ingin nonton..tinggal buka aplikasi dan pilih film serta jam nontonnya👌🏼semoga kedepannya lebih baik lagi🙏"
5;Mantap buat saya yg selalu nonton sendirian yaitu disc 50% untuk tiket pertama sdh muncul kembali. Hanya buat satu film saja ( Warkop ) krn yg lainnya tidak promo 🤤
4;Wajib DOWNLOAD!!karna sering promo buy 1 get 1,bisa liat bangku yg kosong beda dgn aplikasi lainnya,sgt mudah untuk registrasi& top up,pokonya sgt kebantu bgt dh!!
5;Aplikasi ini membantu saya untuk membeli tiket bioskop tanpa harus ngantri lama lama!!, bisa pesan di campus dan mudah banget bisa bayar makai dana :v
5;Pelayanan aplikasinya bagus, dan mungkin untuk kedepannya diperbarui lagi soal pemesanannya. Pas kemarin saya pesan tiket film sudah brhasil pembayaran brkali-kali direfund terus dan brulang-ulang. Sampai akhirnya tiket yg dipesan habis, tolong kedepannya kalo memang sudah dipesan dan pembayarannya brhasil jangan ada direfund. Kasihan yg lain bila mana sudah dipesan akhirnya direfund dan tiketnya kehabisan mungkin sedikit kecewa 🙏🙏
5;Promonya mantab, padahal di daerah saya masuk salah satu daerah yg harga tiketnya termahal di Indonesia, berkat Tix.id kami bisa menikmati nonton murah dan nyaman dalam hal pemilihan kursi dan transaksi.
5;Aplikasinya membantu, cuma ya itu kalo ada promo sering di phpin. Tingkatkan lgi ya pelayananya terus jgn lupa sering adain promo
1;Sejak awal sy suka apk ini tp semenjak promo 17agst an, tiket gagal booking dan refund. Akan tetapi sorean saldo dana dipotong lg (tix id ga rela refund).sampai skrg saldo yg dipotong sepihak tdk ada kejelasan dan blm dikembalikan. Udh email bbrp kali juga ga ada tanggapan yg bertanggung jawab. Kecewa berat ama tix.id
5;Interface-nya keren dan simpel. Pemesannanya juga gampang, bisa melalui DANA. Respon pembeliannya juga cepet. Keren deh pokoknya.
4;"Maaf, sdh 1 minggu g bs psn tiket lg, muter2 aj jg g msk atau keluar akun (mau masuk/cek akun yg lain) selalu mncl psn ""Telah terjadi kesalahan, mohon coba kembali beberapa saat"", tlng perbaiki tks"
2;Kecewa banget dengan promo tiket 50% pembelian pertama baru jam 10.10 wib saya coba tapi harga nya udah normal kembali, biasa nya bisa sampe malem, padahal kursinya masih banyak yang kosong, kecewa banget
4;Aplikasinya lumayan okee sich.. Mambantu biar gag lama2 antri bwt beli tiket nonton.. Bisa dpt promo diskon jg.. Sukses terus dan sll mengedepankan kepuasan pengguna. 👍👏👏
1;Gk salah salah promonya diskon 50% keterangan di mulai jam 10.00 wib giliran di atc jam 10.10 aja promosi udah habis sedangkan kursi masih kosong banyak hadeeeeeeeeh ini aplikasinya eror mulu !! Kalau ada aplikasi yg sama kaya tix aja gw pindah keaplikasi yg lain dah !!! Sayangnya blm ada sih !!!
1;Kecewa banget pembayaran nya cuma bisa lewat dana! Aplikasi yang gw gak pengen pake, aplikasi PHP SE-INDONESIA. Tolong dong pembayaran jgn cuma lewat dana aja, lebih di perbanyak lagi.. TERIMAKASIH
1;Apaan si anjeng, mo bayar pake kupon dana kena batal mulu, kenape si? Kalo gamau rugi gausa bikin acara promo segala lah! Kecewa saya, uda pake 2 tahun, kali ini bener bener sangat mengecewakan!
4;kurangnya hanya dimasalah pembayaran saja kenapa hanya harus lewat aplikasi dana ? kalo bisa ditambah pilihan metode pembayarannya lewat, mobile banking, alfamart atau indomaret misalnya, terimakasih.
3;Kemarin hp saya hbs di upgrade trs saya download lg tix.id tp kok ga bs pesen yaa , ketika saya mau pilih hari itu ga bisa 2 , saya bingung knp ga bs gini , mohon penjelasannya
5;Untuk sekarang bintangnya juga normal. Semoga pas promo tidak ada kendala lagi. Tiket terbatas gakpapa. Siapa cepat dia yang dapat. Tapi aplikasi/server jangan ngeDown. Tingkatkan lagi TIX. Thanks
5;Transaksi mudah, sering dapat disc.. Yg pasti tidak capek antri u/ bl tiket film..
5;Memudahkan pesemasan dalam kegiatan apapun.. Jadi bisa cek film film dan tempat tempat nonton yang ada disekitar kita. Pokoknya bisa multitasking ama ini app. Sambil baca sambil ngobrol sambil kerja dimanapun dan kapan pun bisa pesen tiket dan yang pasti bebas antre di bioskop. Mantap
4;App yang sangat membantu utk pesan tiket kapanpun. Yang perlu ditambah adalah metode pembayarannya selain DANA dan visa. Kalau bisa pakai Gopay, krn saya penguna gopay
2;Saya ada aplikasi promo tix id senilai 15ribu kenapa tidak bisa motong otomatis padahal masih ada masa berlakunya sampai tgl 16 sep 2019 tolong ya manajemen nya diperbaiki THX, PERCUMA dong klo kyk gini saya pakek tix id dan DANA
5;Sesuka itu sm app ini....gada lg ngantri2 panjang, ataupun kehabisan tiket...sangat membantu pesan tiket nonton ga pake ribet lagi
5;Lancar, memudahkan untuk pesan tiket nya. Harapan saya semoga selalu ada promo/vocer/bahkan tiket gratis bagi pengguna aplikasi ini. Biar lebih menarik untuk pakai aplikasi ini. Ok sukses selalu
1;Developer tolong di perbaiki aplikasinya, kemarin saya isi dana. Seletah pesan tiket, dan gagal. Ada pemberitahuan refund, tapi kenapa dana saya terpotong kembali. Ini sangat merugikan. Padahal saya tidak melakukan transaksi apa apa lagi.
5;Sampai saat ini masih oke bgt aplikasinya. Dan untuk pembelian tiket nonton tdk perlu ngantri dan pemesanan nya pun tdk ribet ditambah dpt diskon. Semoga trs meningkat diskonnya
1;Setelah saya lihat ternyata banyak yg mengalami seperti saya. Pada tgl 17-8-19 Beli tiket utk jam 4 sore dinyatakan berhasil dan dana dipotong setlah bbrp menit dinyatakan gagal dan di refund Otomatis gagal nonton,tpi pada jam 6 sore dana kembali dipotong utk pembelian tiket jam 4 sore. Komplain ke cs cuman bilangnya di cek dan cek sampai skrg gak ad hasil dana pun tetap tidak dikembalikan Kan kampret itu namanya Gak hallal juga lu makan duit gitu.
5;Puasssss dan bermanfaat banget pokoknya. Thanks Mtix. Semoga makin suskes lagi kedepannya dan makin banyak disc disc nya. 🥰
4;Saya kesulitan bertransaksi karena ganti nope, masalah nya tix minta memasukkan kode otp ke nope saya yg lama. Sedangkan nope saya yg lama udah ga aktif dan dibuang
1;tolong dong buat tix.id kalp mau refund tiket duit saya dibalikin tanggal 18 kemaren saya beli tiket di tix.id dan berhasil bahkan kode barkot dan kursinya udah ada tapi gk lama kemudian tiket saya di refund otomatis sama pihak tix.id tapi duit saya tidak kembali jadi mohon untuk duit saya dibalikin  udah dikecewain sama tiket direfund tiba-tiba masa duit saya jg gak kembali
3;"Sudah dipermudah dpt diskon lagi,, istimewa lah Edit : sekarang"" Ini diskon utk tiket kedua, utk saya yg sering nonton sendiri apadaya, jd jarang nonton krna gk ada promo tiket pertama kayak dulu"
4;Suka aplikasinya karena jadi ga perlu antri dan bisa preorder, tp biaya adminnya lumayan jugaa. Diskon jadi ga terlalu berasa 😂
1;Kecewa banget, sekarang ini sudah tidak bisa di andalkan. Pernah sudah booking dan di cancel sepihak tanpa ada refund, dan skarang saya mau booking sudah tidak bisa. Payah
3;Promo beli 1 gratis 1 makin jarang n lemot yah aplikasinya.. semenjak di perbarui terus jadi agak lemot yah lebih bagus yg versi sebelumnya. Tolong ditingkatkan lagi
5;Wihh seru banget nih pake TIX ID banyak banget promo nya. Cuma masukin kode HYUPNP kalian bisa dpt voucher senilai Rp 25.000 kapan lg nonton murah tanpa antri beli tiket. Cuss buruan download app ny 😉
1;sudah g ada disc tiket 50% untuk tiket pertama, harus beli dua baru dapat disc 50%. jadi yang mau nonton sendiri sudah tidak bisa nikmatin promo disc 50% nya. toh yg bisa disc 50% tiket pertama hanya untuk pengguna kartu visa itupun khusus hari selasa aja.
4;Mau kasih 5 bintang tapi ada fitur yg kurang yaitu ngak ada bioskop favorit seperti aplikasi xxi, biar gampang langsung cek film yg ada di bioskop favorit gak perlu scroll nyari bioskop favorit
1;Kecewa... tadi beli tiket udah berhasil udh dapat kode QRnya tinggal cetak aja. Eh pas berangkat mau cetak tiket dpt notiv klo di refund.. perbaiki sistemnya kalo emg kursinya udh dipesen duluan ya ngasih taunya lebih awal jgn udah brhasil trus refund.. dn saldo saya tetap terpotong
3;Aduhhh udh 2 kali aplikasinya bug , awalnya saya pesen 2 tiket di Jatos , ehh malah jadi ubertos . Kejadiannya keulang lagi tuh
1;Kecewa banget download aplikasi ini saya sudah pesan tiket sudah lama banget nungguin eh malah ke refund pas sudah maghrib pesanan berhasil dan saya tidak nonton flim nya soalnya muali 14.15 dan uang saya tidak di kembalikan kecewa banget saya sama aplikasi ini
5;Nice, but optimalkan sinkronisasi film yg update. kadang di TIX gk muncul. Padahal seharusnya tayang
1;Janjian nonton berdua sama temen buat manfaatin promo, transaksi di akun berbeda. Punya dia berhasil, punyaku tiba-tiba di refund. Akhirnya kami nggak jadi nonton karena temen ku nggak mungkin nonton sendiri. Niat mau untung dengan promo justru jadi rugi. Percuma ada promo,
1;masa udah sudah satu jam berhasil , terus di refund,. tiba tiba kursi sudah di isi , orang lain , kayak penipuan aja,. uang saya berkurang promo 17 ribu , untuk menonton 17-18 agustus adalah promo penipuan, kita adukan saja aplikasi ini kepihak yg berwajib , jangan lihat 20.000 ribunya tapi kalikan berapa banyak yg kena penipuan ini !!!
1;gara2 promo 17 agustus bukanya menguntungkan malah merugikan. awalnya pesanan gagal dan saldo berhasil refund. bersyukur karna saldo balik ke dana, ntah knapa sore2 cek aplikasi dana saldo kepotong, liat riwayat malah pesanan tix id yg tdinya gagal berubah jdi brhasil. sungguh mengecewakan krna saldo saya trpotong, bikin rugi aja ni tix id. yg parahnya lagi pas cek status tiket brhasil tpi tdk ada kode transaksi atau QR. gimana mau print tiket. saya sudah email cs tpi tdk ada tanggapan.
1;Aplikasi yang mengecewakan.. gw dapet notifikasi transaksi tiket gagal dan dana pembayaran di kembalikan.. dan tiba2 saldo dana gw kepotong buat transaksi film.. gw engga nonton filmya oi
2;Sebenernya suka banget ya sama aplikasi ini, cuma kemaren sempat beli tiket nonton tapi setelah nunggu diproses ternyata di refund. ya udah mungkin ada kendala atau gimana jadi udah lah gapapa di refund. Tapi yang jadi pertanyaan, hari ini waktu cek uang di dana ternyata uangnya kepotong seharga tiket yang di refund kemaren. serta di log transaksi itu tertera kata berhasil, namun di notifikasi tertera kalau tiket di refund. bagaimana ini ya? 😂 mungkin bisa di perbaiki lagi kedepannya. 😬
1;Pesan dari Tix ID pake Dana buat nonton jam 2 siang, habis beli, keluar kode QR nya. 15 menit kemudian refund. akhirnya gajadi nonton. tiba tiba sorenya uang dari dana nya ditarik lagi ! nonton gak jadi, uang di dana di tarik ! lapor ke CS Tix ID gak ada respon kejelasan ! Tix ID ngambil uang orang seenaknya, parahhhh !!
1;berhasil transaksi dan sampai dapat kode booking tetapi tiba tiba di refund alasannya kursi sudah tidak tersedia. kalau mau mengadakan prromo harusnya udah antisipasi masalah kayak gini. oh iya setelah di refund sempat balik saldonya tapi berkurang lagi tulisannya transaksi sukses, maksudnya apa? parah nih gak konsisten
1;Saya sudah membeli tiket, namun pd saat itu gagal, dihari yg bersamaan tiket sdh sy batalkan namuan dihari berikutnya baru berhasil dan saldo saya di dana berkurang, tolong kembalikan saldo saya, karena saya merasa tertipu
1;Mohon maaf sebelumnya, tampa alasan yang jelas kok tiba2 tiket saya refund sendiri ya? Dan ketika mau pesen lagi dikenakan tarif normal. Tolong perbaiki lagi aplikasinya saya gk suka, kalo gk mau ngasih diskon gpp, jangan membuat pelanggan berharap. Dan satu lagi dana tiket yg refund tidak di kembalikan arau tetap berkurang... Dasar aplikasi maling...
1;Buruukk,uda pesen tiket, gagal dan di refund. Uda klewat jam tayang ga taunya tiket sukses kebeli saldo kepotong tiket ga bisa digunain. Gajelas ini aplikasi,tolong perbaiki 😾
2;Kecewa sih, awalnya udah berhasil beli tiket eh sejam kemudian direfund dan dikembalikan saldonya. Tapi ternyata pas besok pagi cek saldo dana saya berkurang dan tiketnya tidak jadi direfund. tolong perbaiki, merugikan pengguna jadi bingung tiket udah berhasil atau belum
1;Kenapa tiket saya tiba tiba di refund 1 jam kemudian setelah itu besoknya tiba tiba juga dana saya udah terambil dan disitu tiketnya telah berhasil padahal sebelumnya tidak ada info apa apa lagi
1;kemarin saya membeli 1 tiket dengan promo 17 agustus, setelah beberapa saat muncul notifikasi bahwa saldo dana saya telah direfund karena tiket yg saya beli sudah tidak tersedia, namun setelah saya cek saldo dana saya tidak kembali/hilang.
1;Kemarin saya ikut promo 17an yang cuman bayar 20k inc adm. Awalnya transaksi saya pending cukup lama lalu berhasil dan saldo dana saya berkurang, tapi tak lama kemudian mucul notif pengembalian dana karena transaksi saya gagal dan saldo dana saya di kembalikan. Namun pada malamnya saya mendapatkan notifikasi saldo dana saya berkurang untuk pembelian tiket yang gagal paginya. Sangat mengecewakan 👎🏼
1;"pas, mau beli tiket kan berhasil eh tiba"" ada notif refund padahal aku engga ngerefund trs tiketnya dikembaliin sama saldonya di dana dah kembali, eh ko keesokan harinya masa saldo di dana tb tb berkurang, padahal ga ngelakuin transaksi apa"". sedih deh."
1;"Kemaren pas promo pesen tiket, udah berhasil bayar pake dana, tiba"" dicancel, dapet refund. Lah sekarang kok malah saldo dananya kepotong ada pemberitahuan transaksi yang kemarin berhasil, gimana sih kok plinplan gitu. Kecewa banget pokoknya!!!"
1;Kadang ketika transaksi sukses, eh pas 30mnitan transaksinya di batalin. Pas beli lagi eh tiket yang awalnya gagal ikut ikutan kebeli, jadi rugi tiket yang awal, karena angus gk ada yang make, udah gitubayarnya jadi double.
1;Setiap ada promo, down appnya. Kalo nggak mau di php in, mending ga usah instal app ini deh. Masak udah berhasil, terus dibatalin sih 😭😭😭😭 Udah gitu, habis filmnya tayang, tiket yg dibatalin jadi berhasil dan saldo dana terpotong lagi. 😨😨😨
1;Saya pesan tiket dan sudah berhasil transaksinya dengan pembayaran pakai dana tapi tiba-tiba tiket nonton saya dibatalin dan saldo dana saya dikembalikan dengan alasan yang jelas. lalu tiba-tiba pas sore saldo dana saya malah diambil lagi. Dasar penipu 👎👎👎
1;Aneh bin ajaib. Kmren beli tiket promo bumi manusia, transakai berhasil. Saldo dana udh kpotong, kode transaksi sudah ada. Kurang lebih 15 menit ada notif di refund, saldo di kembalikan. Sudah kecewa.. Selang sehari aku liat app dana kok saldo ilang lagi, aku liat notif pmbelian tike kmren kok berhasil lagi, aku buka app tix.id trnyata pmbelian tiket brhasil. Alhasil tiket hangus. Mungkin sistem sdg labil.
1;Kok kayak penipuan sih ya.. saya tadi siang pesan tiket udah bayar. terus di refund secara sepihak jelas saya ngak jadi beli tiket. pas sebelum magrib saya liat aplikasi tiba tiba saldo saya terkuras dan tiket yg tadijya di refund langsung berhasil. saya benar benar merasa di tipu kalau cari duit yang berkah mas mba
1;TIX ID lama2 tambah pelit ngasih bonus klo dlu aj. klo d periode disc tiap hr bs d klaim klo skrg aj tiap periode cuma bs d klaim 1x aj udah gitu tiap ada promo atw weekend slalu loading lama. hampir 2 jam ya klo berhasil klo ga berhasil kan kecewa tolong dong vendor nya mohon diperbaiki aplikasinya kesel bgt sma aplikasi ini kataetgl 16-18agust19 hrga tiket 17rb eh trnyata aq bru transaksi tgl 18 msak hrga normal. klo emg ga bs ngasih promo mending g usah promo deh
1;maaf min mau sedikit komplain ni, kemarin pesan tiket yg promo 17rb udh berhasil, tapi tiba2 ada notifikasi refund dana katanya g berhasil transaksinya krn kursi sdh tdk tersedia, ya mungkin karena banyak peminatnya jd begini, akhirnya saya g jd nonton, tp pas pagi ini saya cek tiba2 saldo saya udh berkurang lagi dan ada notifikasi buat review film yg tdnya saya mau tonton itu hmm 😕 misal trnsksi brhsil tlng di notifikasi min jgn tiba2 saya suruh review pdhl notifikasi trkhir transaksinya gagal
1;kemarin saya beli tiket, terus refund otomatis tanpa permintaan, eh malemnya ternyata refundnya batal, saya nonton udah nggak, saldo saya kepotong. kok begitu amat tiba tiba refund. tiba tiba nggak jadi refundnya. mana saldo di potong. dibalikkin juga enggak
1;Lag, loading lama, udh transfer tinggal nunggu loading malah di batalkan karna lag, trus d refund uangny, yaudh kan ya gppa udh d refund... Eh tiba2 udh d refund malah di dana keambil lgi uangny... Mantap...
2;Saya kemaren pesen tiket utk film scary stories in the dark melalui tix id dan mendapat harga 17000,tp selang beberapa menit, pesanan saya ditolak. Akhirnya saya ga nonton. Pas waktu malam. Kok tiba tiba orderan saya berhasil. Dan saldo dana saya dipotong. Mohon penjelasannya
4;"Kecewa dgn TIX.ID. Sebelumnya saya sudah booking kursi untuk 2 org, 1 yg promo, 1 nya lgi tanpa promo. tiba"" beberapa menit kemudian, ada notif kalo transaksi saya di-refund... Yaudah, gak masalah di-refund, yg penting uangnya dikembalikan. eh.. tiba"" paginya dpt notif lgi dri TIX.ID untuk memberikan tanggapan mengenai film yg kemarin dinonton, padahal kan tdk ada notif dri tix.id kalo pembelian saya sudah disetujui. Pas saya cek saldo, ternyata udah terkurang, dan saya pun tidak nonton film itu"
1;"kasih bintang satu sja soalnya sya kecewa dgn TIX ID, minggu kmrin udh booking film bumi manusia pke promo 17 Agustus malah d refund, alhamdulillah saldo kembali, dan kita spkat untuk tidak nonton krena tiket d refund,. ehh tau"" nya pas bsoknya saldo berkurang dan tiket d nyatakan berhasil d beli, otomatis saldo berkurang tanpa menonton. maksudnya apa coba, klw d refund, refund ajha. klw ada pembatalan refund, setidaknya ada notifikasilah, FIX TIX ID bikin kecewa dan akan gue UNINSTALL..😤😤😤"
1;Saya top up 50 ribu mau nonton lion king Kebetulan ada promo 17 agustus dan mau nonton jam 20.30 Dan tiket hanya 17 ribu Pertama tulisan pmbyran berhasil Tiba tiba di refund dan uang di kembalikan Saldo 50.000, bagi saya, gpp sih toh saldo juga kmbli full Dan pas waktu 20.30 tiket lion king jam yang tadinya gagal dan di refund sistem tiba2 mncul dan semua saldo saya hilang Apa apa.in ini Promo yang lucu
1;Tadi pesen tiket nonton film bumi manusia untuk jam 18.10 di lippo puri dengan pembayaran via dana, 10.46 ada laporan pemesanan berhasil 10.57 ada laporan tiket telah di refund, oke lah gapapa Eh 23.12 tiba tiba dapet notif bahwa transaksi berhasil dan disuruh kasih review dan saldo dana ikut kesedot padahal kita ngga nonton Gimana maksudnya ya ini sistemnya lagi ngerjain orang apa gimana
1;"saya membeli tiket nonton promo hanya bayar 17K+adm 3K pd tgl 18-9-19 jam 10 pagi setelah itu dana saya terpotong tiba"" direfund karena kursi sudah ada yg isi dana sudah dikembalikan . tetapi ko tiba"" ada notifikasi bagaimana komentar filmnya dan pas di cek dana saya terpotong jam 22.05 malam . padahal saya tidak jadi menonton karena pembatalan. KECEWA sama aplikasi ini padahal saya sering pakai aplikasi ini Mohon penjelasannya 😡😡😡😡"
1;aplikasinya mulai ngaco, hari ini mesen tiket angrybirds pake promo jam 10 pagi buat nonton di jam 16:35, terus udah keluar tiketnya. selang beberapa menit ternyata direfund tiketnya. terus pas cek lagi aplikasinya ternyata ada pembayaran berhasil pada jam 17:51 untuk tiket nonton di 16:35. tiket kebuang sia2, uangnya apalagi. tolong perbaiki sistemnya.
1;"kecewa tiba-tiba tiket di refund padahal transaksi berhasil dan menunggu lama, setelah itu beberapa jam setelah film tayang tiba"" berubah jadi tiket berhasil tanpa konfirmasi melalui sms ataupun aplikasi, lalu saldo DANA saya tiba-tiba terpotong dengan sendirinya tanpa konfirmasi lagi."
5;sempet kecewa pas td ada problem ketika tiket yg berhasil saya beli jd gagal dibatalin dr tix.id dan stelah saya complain di email dan trnyta sore nya itu tiket nya udh berhasil jd saya senang krna bisa nton pake diskon 17ribu dr tix.. makasiih tix.id
1;Saya mesen tiket untuk jam 14.25, tadi nya sempet berhasil. Saya juga sudah unduh kode QR nya, tpi kok tiba2 di refund ya. Untungnya dananya balik, tpi pas jam 17.15 tiba2 ada pemberitahuan tentang tiket nya berhasil. Otomatis Dana nya kepotong dong, dan Dana saya terbuang sia2. Udah ga jadi nonton, Dananya kepotong lagi.
1;Tiketku gak keluar kode booking dan udah lapor lewat email tapi hanya dapet nomer laporan 263040. Sampe sudah memasuki jam tayang tetep gak dapet kode booking dan akhirnya gak bisa cetak tiket yang mengakibatkan gabisa nonton, padahal saldo udah kepotong. Tix Id payah
1;"App PARAH... Ud berhasil transaksi tau"" di refund.... Cek punya cek ternyata kursi yg sdh saya book dan berhasil lalu di refund itu ternyata kosong. Tp di app kursi itu terisi. LUCU..."
3;Biasa nya kalau order belum pernah ada masalah. Tapi tadi pagi sekitar jam 10 ketika sudah membayar tiba-tiba ada notifikasi jika transaksi berhasil setelah dibuka kembali ternyata transaksi dibatalkan dan uang di Dana kembali. Baru saja mengecek saldo Dana berkurang padahal tadi jelas-jelas transaksi dibatalkan
1;Jam 10an.mesen tiket yg ada promo terus dikembalikan lagi duitnya, ehhh pas malem2 sekitar jam 9 ada notif pembelian berhasilll, angus deh saldonyaaa, 2 akunn loooh yg mesenn.
1;Saya beli tiket tadi siang tapi kok di refund kembali terus setelah saldo saya balik kenapa sekarang malah berkurang lagi padahal saya ga bisa nonton! Buat check out filmnya aja ga bisa masa saldo saya tetap ditarik!
1;Hari ini kecewa banget sama Tix ID, saya udah berhasil booking seat film Dora & The lost city of gold,& Saldo DANA juga udah terpotong. Lalu kemudian dapet notif Refund & saldo DANA jg kembali (Udah pasti gak jadi nonton). Tapi kok tiba-tiba 1 jam sebelum jam tayang dapet notif lagi kalo pembayaran berhasil & Saldo DANA berkurang. Kenapa Harus Saldo DANA saya berkurang...? POKOKNYA SAYA MINTA SALDO DANA SAYA DI KEMBALIKAN...!!!
1;aplikasinya merugikan , saya booking tpi di batalkan secara sepihak , setelah itu tiba tiba transaksi berhasil dan memotong saldo dana saya padahl jam tayang film sudah lewat , sangat sangat merugikan
1;Rusak ni tix id, gw beli tiket promo 17rban pagi jam 10 awalnya berhasil trs tb2 siangnya d refund, dan anehnya pas malem gw ngecek lg trnyta udh kepotong lg saldo dana gw dan trnyta kebeli tu tiket gw udah ga nntn dong siang td ggra di refund, aneh ni apl, rusak ! Rugi parah
1;kecewa bgt. udh mesen tiket buat jam 4 dan udh dibayar juga, eh trus tbtb dpt notif kalo refund berhasil pdhl gaada yg refund. saldo kembali dan akhirnya gajadi nonton. eh barusan cek tix id, masa katanya pembelian berhasil dan saldo dana gua dipotong dong. pdhl gua gaada nonton samsek karna pembelian gua udh di refund dri pihak sono nya. curang. mau ngomong kasar rasanya.
1;saya pesen tiket , saldo dana udah terpotong , tapi kode booking ga keluar .. udah coba pake scan ga keluar bar code nya!!
1;"Perdana pesan tiket lewat tix id (ternyata lebih ribet) Download app,bikin akun tix id,bikin akun dana,top up dana dulu,Finish Pas nyampe bioskop mau cetak tiket masuk akun tix id daannnnn ""pesanan anda dibatalkan"" why????? Akhirnya harus ngantri ulang beli manual. Yang artinya malah bikin orang 2 kali kerja. Baru ketemu aplikasi yang bisa ngebatalin pesanan seenaknya, walopun dana di refund, coba hargai waktu dan efford orang yang uda akses tix id."
1;server suka down dan parah banget, pas beli seenaknya banget main refund dan bukan cuma saya aja tp banyak banget keluhan soal regund tiba tiba. Tolong dong masalah begini diperbaiki agar nantinya tidak semakin banyak pengguna yang kecewa.
1;"KECEWA, saya udh pesan udh bayar udh dpet tempat duduk barcode udh ada, tibatiba 7 MENIT SBELUM FILM DIMULAI, pesanan saya berstatus ""REFUND'.. pdhal saya gakada klik refund dll boroboro mau refund, tau cara merefund aja nggak"
1;saya sudah bayar dengan dana dan saldo sudah berkurang dan berhasil, tapi dari TixIdnya belum muncul kode bookingnya sampe sekarang.. saya mau coba refund tapi yang bisa hanya pihak TixId.. saya jadi bingung mau datang kebioskop ato tidak.. tolong kedepannya diperbaiki lagi, kalo masih seperti bisa2 kalah saing sama vendor lain..
1;nyesel bangettttt, kmrn beli tiket di tix krn ada diskon hrg tiket cuma 17rb rela nunggu 1 jam lbih gak tau knp lama banget & gagal terus minta halaman diperbarui lagi & lagi. eh berhasil nih dpt, pmbyrn lwat akun DANA & udh terpotong saldonya, udh dong gak di cek lagi. Pas sampe di bioskop trnyt tiketnya direfund & saldo akun dana sy dikmbalikan. Kesel bgt. Jadi sy beli tuh lgsg di bioskop dan no kursi yg gagal booking di tix ternyata msh ada cuy. Kok bs gitu ya? Masalahny ape?
1;saya udah pesan dan berhasil, kode bookingnya dan barkot juga udah keluar, tapi kenapa tiba tiba refund? pdahal sudah berhasiill, mengesalkan sekali
1;kecewa!!!. udah pesen tiket, udah dapet barcode, pas mau cetak di bioskop tiba tiba tiketnya refund. saya iseng tanya ke petugas bioskop katanya itu mungkin bertabrakan. kalau memang gitu seharusnya ada opsi ganti kursi. jangan tiba tiba batal jadi gabisa bareng temen temen
1;Tolong nih pihak TIX.ID, lain kalau mau ngadain promo 17 rb harus siap aplikasi nya. Udah tau masyarakat indonesia itu bar bar akan promo. Saya udah booking tempat duduk dan udah transaksi. Gara-gara nge hang aplikasi nya, jadi nya transaksi saya di refund. Udah 2 kali di rendund padahal udah deal transaksinya. Saran saya mending gak usah promo kalau aplikasi nya masih sampah. Terima kasih
3;masa saya pesan tiket tau2 di batalkan padahal udah ada konfirmasi telah selesai tinggal tunggu tempat duduknya. mana promonya udah gak bisa di pakai lagi. mohon untuk konfirmasi bangkunya lebih d percepat lagi supaya tidak bentrok jika ada pemesanan di bangku yang sama
1;aplikasi sumpah ngeselin banget ,no recomended , pada saat transaksi pertama berhasil dan tiket serta no bangku sudah muncul ehhh selang brapa menit kmudian tiba2 tiket d refund seenaknya banget yah , i know its system but you must handling it !!!
1;"Ngajak gelud y min?!sy sdh order tiket pk voucher tix id dr app DANA pas ad promo agustusan ,nah trs pas sudah order ini nunggu bbrp menit ( hampir sejam ) ,tp g selese2 juga.Statusnya masi ""menunm lggu kursi"".Sy masi sabar ni nunggu notif ""transaksi berhasil"" dr tix id.Etapi sejam kemudian tiba2 dpt notif dr tix id ""refund berhasil!"",padahal sy g pencet tombol apa2 yg bisa membatalkan transaksi.Trs pas sy cb buka tix id lg,gabisa dibuka ""oops!ada kendala"" blablabla."
1;saya sudah berhasil bayar lewat dana, tapi di refund dan skrg jadi mubazir kan saldo dana saya. kecewa banget, mohon diperbaiki. mohon server aplikasinya ditingkatkan biar ga nge lag. promonya ga jelas.
1;baru pertama kali menggunakan aplikasi ini,udah isi saldo dana juga,tp pas beli tiket nonton yg katanya diskon krna hari merdeka dr tgl 16-18 Agustus,saya udah beli tiketnya dan berhasil,namun 20menit kemudian tiket yg saya beli di batalkan?!!jika sudah tidak ada diskon lagi kenapa masih muncul di hp saya ?!!!
1;Apilkasi ny tolong di perbaikin lagi , harus nya kalo promo itu pake no satu aja bisa beli 3 tiket tah , jadi gk usaha banyak2 hp , sekalingus bisa dua tiket dengan harga promo yg sama.jadi kan enak
1;"apaan nih udah berhasil beli tiket kok main refund gtu aja. gk profesional banget nih apk. ini untuk mempermudah beli tiket tpi berujung antri apa gmna? jelas"" tulisan sudah berhasil tpi pas mau di print tiket kok malah ke refund gak jelas."
1;kacau banget aplikasinya kalau lagi ada promo dan pas kebetulan ada film bagus selalu lemot parah dan ujung2nya ke refund pdhl udah nungguin itu tiket lama banget🖓mohon dijadikan perhatian ya🙏 terimakasih.
1;bikin promo ujung2 php...klu tidak mampu jgn bikin promo dunk min... sy udh cek sendiri ada barcode dan tiket keluar.. tapi mendadak di refund maksudnya apa min... sedangkan yg cek lagi bangku pesanan sy sebelumya belum terisi... pesannya dari jam 10 loh min..
1;uninstall aja deh, beli pake promo udh nunggu loadingnya lama! terus gagal lagi tolong di perbaiki deh systemnya, really BAD!
1;saya pertama sudah beli Tiket di puri XXI dan transaksi sudah berhasil saya sudah sampai di bioskop ternyata tiket saya di refund😭😭😭😭 akhirnya Bangku sudah penuh semua nya 😭😭 Gimana nih Tix id padahal dlu saya kalo mau nonton selalu banget beli di Tix id Gampan mudah cepet banyak Promo eh tiba tiba begini Nyesel jadi nya beli di tix id Tolong ya tix id !!!!!!!!
1;Sudah berhasil transaksi, sampai mendapatkan kode booking juga. Tapi kemudian di refund karena katanya kursi sudah tidak tersedia. Sungguh kecewa :( Saat mengadakan promo sebaiknya pengelola sudah antisipasi dalam menghadapi permintaan yang tinggi, terutama antisipasi agar tidak terjadi double book, dsb. Setelah membaca komentar lain, ternyata masalah ini sudah banyak terjadi sejak lama. Untuk apa sering ada update sistem tapi ternyata masih sama saja? Semoga sistemnya segera diperbaiki! Trims
1;Udah Sering Beli disini dan Lancar aja, tp Hari Ini kecewa banget sih Sama Tix ID, saya sdh melakukan pembelian dan transaksi sukses dan muncul notif berhasil beserta Bookig ID dan Barcode... Karna berhasil saya cancel meetup sama temen utk mlm ini... tp tiba2 8menit kemudian muncul notif tiket refund... Dengan alasan kursi tdk tersedia... ini aplikasi online... realtime... Lagian sy jg sdh berhasil aneh aja...Nonton gagal meetup gagal Thanks buat Refunds nya.
1;Applikasi yg gak siap buat ngadain promo,, bisa dibilang php!!! Bnyk bgt yg komplain mulai dr server down saat promo, pembelian yg sudah susah payah berhasil, kemudian di refund sesuka hati. Tolong kalau memang tidak siap untuk kasih promo, mending gak usah!! PHP
1;tiket saya tiba2 di refund, setelah berhasil padahal bookingan saya sudah saya pesan 30 menit sebelumnya dan masih loading setelah berhasil malah di refund, customer service nya ditelpon malah tidak bisa nyambung. sangat tidak profesional!
1;sudah beberapa kali saya beli tiket sudah berhasil, tiba-tiba di refund dan gagal, padahal kan udh berhasil ? knp harus berhasil dulu, baru gagal dan jeda dari berhasil ke tiba tiba gagal dan refund 1 jam.
1;sebenernya bagus, tp saya barusan aja mesen tiba tiba dibatalkan oleh pihak TIX ID tanpa penjelasan, saya sudah 2 kali kayak begini, saya sangat benar benar kecewa dengan TIX ID
1;Setiap pesan selalu tunggu tiket pending.. Sudah sukses, sudah dapat barcode.. Tiba tiba refund sendiri.. Coba pesan lagi sudah ga bisa.. Tolong benerin dulu deh.. Nyesel beli disini..
1;Aplikasinya ngk bagus, padahal saya udah beli lalu tanpa alasannya tiketnya dibatalkan oleh tik. Saya mau coba beli lagi dan promonya udah ngk ada. Saya sangat kecewa, jelek sekali!!!
1;Tix Id payah padahal saya sudah mendapatkan Promo malah tiketnya dibatalkan ... setelah saya coba pesan lagi malah tidak dapat promo lagi payah payah ... Bagusan M-Tix daripada tix id aplikasi gak berguna ...#uninstallTixID
1;Nice ih, gausa kek dulu harus jauh jauh ke bioskop nya buat booking tiket Yang atas itu review lama saya Review terbaru saya masa dah fix dapet tiket status dah berhasil eh tiba tiba di refund, di refund nya ga langsung lagi jeda satu jam. Kek gini kan jadinya pas mau beli tiket lagi promo ga dapet kursi juga ga dapet.
1;Pembayaran sudah dilakukan tetapi proses ambil kursi berlangsung selama satu jam bahkan hingga film sudah mulai, lalu baru proses transaksi gagal. harap diperbaiki lagi sistemnya :)
1;Udah berhasil dapet tiket malah di batalkan bebrapa menit kemudian padahal sebelumnya udah berhasil, error emang ni aplikasi!!!
1;"hobinya narik uang kita dulu tanpa kejelasan status tiket apakah udah berhasil atau belum. dan nanti tiba-tiba saat jam tayang sudah mendekati, ""transaksi gagal""."
1;Udah beli tiket angry birds, sekeluarga udah sampai di bioskop ternyata tiket direfund dong.. mau pesan lagi udah penuh.. ini baca balasan review dari tix untuk mengindari trafik tinggi tiket bisa dipesan sehari sebelumnya, ini saya buka aplikasinya bahkan ga bisa pilih untuk jadwal keesokan harinya.. jangan bego deh!!
1;tiket sudah dibeli dan sudah sukses sudah muncul barcode nya itu tandanya sudah final dan tidak bisa diganggu gugat tapi tix id malah membatalkan pembayaran saya seenak jidat bangsat
5;17 Agustus 17rb sistemnya php. awalnya berhasil, udah dapet kode booking. 5 menit kemudian, di refund dong wkwkwkkw. semua kursi jadi kosong shaayy, trs cek harga 17rb nya ilang beb, jadi harga normal dah tu. hahhaha jadi yang berhasil tu yang harga normal. yeuh samsudin dong. inces males jadinya huhu
1;kenapa hari ini saya pesan tiket promo kemerdekaan sudah berhasil malah di refund punya teman saya juga, tolong yaa ini gimana si aplikasinyaa!
2;kalo tidak siap dapat pelanggan banyak mending gak usah di adain promo, masak setiap jam promo, selalu loading, terus ujung ujung nya di refun
1;Udah onproses tiket, dan udh ada kode QRnya tbtb transaski di cancel, saya udh terlanjur beli tiket satunya dan onproses juga lama bgt. Parahhhhhh.....
1;ada promo 17an, udah berhasil udah dpt kode booking. tp malah direfund secara sepihak dengan alasan kursi sudah diisi. Logika nya kalo kursi memang sudah diisi, kenapa bisa berhasil waktu transfer? udah dikirim kode booking lg. Kalo niat kasih promo ga usah ada promo.
1;cukup kecewa, padahal kursi yg dipilih kosong dan udah bayar juga dan permasalahanya selalu setiap menunggu konfrimasi tiket lama banget nunggunya dan ujung2nya selalu dikembalikan tiketnya dengan alasan kursi sudah terisi, jelas2 yg udah duluan pilih kursi dari sini. Kalo kaya gini kaya mengutamakan beli langsng ditempat, percuma dong ada aplikasi tiket yang katanya gausah nunggu antri
1;udah pesen, udah payment dan statusnya masih nunggu kursi. ditunggu lamaaa gt sampe statusnya berhasil. udah berhasil eh tbtb di refund dr sana nya. dgn alasan kursi udah ga tersedia. kan sebel. mana nunggunya lama, nunggu dana dikembaliin juga lama. ah ga lagi pesen di tix id.
1;sebenernya baguss. tapi kecewa pas udh kebeli tikett masa tiba2 beberapa menit tiket di balikin lagi kecewa dehh. alesannya bangku udh penuh kan klo udh penuh harusny q g bsa check out .
1;udah dapet tiket, dan tulisannya sukses, 10menit selanjutnya uang di refund. alasannya kursi yg diinginkan sudah terjual 👎👎
1;Suka refund, padahal udah berhasil trus sejam kemudian di refund... apa'an dah kek gitu, udh 4 kali kek gini, jadi males pakai app ini!!
1;aplikasi ini sangat membantu, hanya saja saat booking tiket dana saya sudah terpotong namun masih menunggu kursi dan hal itu lama sekali processingnya. jika memang kursi yang saya pilih sudah di booking seharusnya ada pemberitahuan langsung bahwa kursi sudah di booking. jadi bisa langsung memilih kursi lain yang masih kosong. lalu saya pernah kejadian, tiket sudah dinyatakan berhasil kode juga sudah ada, namun tiba tiba setelah saya sampai bioskopnya di refund sama pihak tix id
1;tolong yaa...kalau tiket sudah ter beli dan sudah ada kode nya,jangan seenaknya di cancel.. kecuali pada saat masih proses di batalkan,ini dudah jelas2 sudah ada kode nya,sudah berselang 15 menit tiba2 di cancel.
1;Dapet promo 17 Agustus. sudah dapet kode boking. tiba2 dapet notif refund tiket tanpa persetujuan. mau boking tiket sudah ludess. yang disayangkan kenapa tiba2 refund padahal sudah dapet kode boking dan transaksi berhasil sebelumnya.
1;2x pesan sudah dapet kode booking,, tiba.tiba 5menit kemudian ada notif masuk refund berhasil dengan alasan kursi sudah tidak tersedia... pas saya cek kembali di aplikasinya kursi masih kosong,,, logikanya kalo kursi sudah gak tersedia kenapa kode booking sudah keluar,, kalau kode book sudah keluar itu artinya berhasil,, tapi secara sepihak tiket di refund... kalo gak mau rugi gak usah pakai embel.embel promo, aplikasi yg buruk...
1;Udh beli tiket, transaksi berhasil, udah ke bioskop. Eh pas sampai bioskop ga ada angin ga ada ujan tiket di batalkan oleh pihak tix id karena alasan kursi tidak tersedia. Wasting time bgt asli..
1;percuma ada promo. percumaa ada aplikasi ini utk bebas antri. nyatanya aku beli promo dr tix id sudah pembayaran ttp aja di refund grgr katanya kursi sdh ada yg isi. PELAYANAN PARAH SI PERCUMA PAKE APLIKASI TTP AJA KAYA NGANTRI . GAUSA DONLOT GUYS:)
2;Kebiasaan bgt nih tix! Udah dipesen, pembayaran udh berhasil, tiba-tiba dicancel! Sistemnya diperbaiki lg dong! Annoying bgt
1;saya sudah memesan kursi dan berhasil dalam pembayaran tiket dengan dana, sudah dapat kode transaksi juga. tetapi kurang lebih 25 menit kemudian ada pemberitahuan mohon maaf pesanan dibatalkan dan di refund mendadak. pelayanannya kurang dan mengecewakan
1;Saya sdh sering menggunakan tix id, tp entah kenapa belakangan ini mengecewakan . Sudah dpt kodebooking tp tiba-tiba di refund. Kalo memang blm bisa memberikan promo sebaiknya tdk usah. Karena malah buat customer kecewa dengan hal sperti itu. Ty
1;gimana nih tix id, Saya sudah pesan dan sukses terus tiba² di batalkan dan mau pesen lagi udah ngk bisa, kalo bikin promo jangan pake bohong dong, php aja bisa nya
1;Sumpah aplikasi ga bener! Barusan coba pesen 2 tiket dan pembayaran berhasil, udah terima juga gambar kode QR. Tapi 10 menit kmdn terima notifikasi kalau tiket direfund alias dicancel. Jelas2 dari sy tidak ada batalin pemesanan. Paraahh! Aplikasi sampah!
1;Sudah berhasil booking tiket dan dapat kode transaksi tapi direfund dgn alasan kursi sudah diambil orang, tapi kenapa keluar kode transaksinya? bintang 1 masih terlalu bagus.
1;saya sering banget ya book tiket, udh sukses. baru mau di scan di XXI tiba2 ke refund alasannya kursi sudah dipesan. lah gua gimana anj, jelas2 udh ada kode booknya tiba2 ke refund, giliran book lagi promo udh abis..
1;aplikasi ga berguna bangsat 30 menit yang lalu pembayaran berhasil eh 1 menit yang lalu telah di refund kan goblok gitu ,padahal gue ga melakukan pembatalan
1;Aplikasi bangs*t, pesen 2 tiket sebelahan udh ada konfirmasi tiket berhasil dibeli. 10 menit kemudian tiba tiba 1 tiket di refund. Mau di pesan ulang ga bisa.
1;"Jelek bnget, kapok banget. Lain kali gak akan termakan promo di aplikasi ini lagi! Awalnya psen, lalu udah berhasil transaksinya udh ad muncul kode dan barcodenya. Tiba"" Refresh"" Lagi, malah transaksi anda gagal. Dan uangnya gak dikembalikan."
5;Semenjak pake TIX ID, saya tidak lagi mengantri yang seperti ular saat beli tiket di bioskop. Kini tinggal klik langsung dapat tempat duduk sesuai kemauan kita. Ayo tingkatkan lagi aplikasi TIX ID dan perbanyak promo-promonya :D
1;niat ngasih promo ndak sich, sudah pesan transaksi sudah berhasil, namun tiba tiba berubah lagi dan mengembalikan refund, bukan masalah uang kembali atau tidak cuman merasa di php
2;eror banget pas mau dipakai. betuli sistem lu dulu baru gua tambah bintang ny. yg bilang ini itu dll . ak lebih tau. hp ak lebih mahal dari kamu. dan semua teman ku juga sama eror pas lg rame dll
1;kok bisa keserobot? padahal saya udh pesen tinggal nunggu tiket. malah gagal katanya dimudahkan kalok pesen lewat tix.id. padahal pesennya udh jam10 persis sambio direfresh, eh udh berhasil terpesankan eh malah gagal apa.an itu
1;Payah.. Koneksi server lambat.. Kalo sudah ada yg beli.. Yaa cepat di update dong ketersediaan tempat yg kosong... Pembatalan gbsa.. Masa kita suru menunggu proses pembatalan dari server.. Coba di perbaiki.. Seiring customer yang meningkat...
1;Aplikasi ini penuh suka dan duka, tapi seringnya sih duka yang saya dapat. Promonya gak bisa diambil, susah masuknya, buffering terus dll... Jadi ya bintang 1 aja cukup lah ya...
2;udh pesen di tix statusnya menunggu kursi terus, padahal udh bayar. please deh kalo emg server gak siap mending gak usah promo 17rb, kaya gini kan jadi kendala di semuanya.
4;bagus sih aplikasinya bisa lihat film yang sedang tayang atau akan tayang, booking film di bioskop seluruh indonesia. tapi yang aku kecewain kenapa gak bisa pake akun dana yg baru padahal aku dana lama udh ga aktif. jadi ga bisa booking film lewat aplikasi ini deh gegara akun dananya ga bisa di pake 🙁. mungkin ini jadi saran juga buat aplikasi tix id
4;hari ini, 17 Agustus 2019. Tix Id ko sangat susah ya diakses, loadingnya lama sekali untuk melihat jadwal (biasanya tidak). Apa jaringan saya? tp coba main game, streaming, googling, sosmed yg lain lancar. Apakah sedang Maintenance?
1;Buruk sekali saya pesan tiket jam 12.00 sedangkan film main jam 15.05 awalnya sudah dapat kode tiket nya pas sudah di perjalanan sekitar jam 14.30 lewat jakbar-jakpus di refund tiba tiba dan sampai sana akhirnya gajadi nonton,payah di perbaiki lagi yaa aplikasinya karena merugikan waktu dan tenaga,trimakasih
1;Discount harga 17rb hanya pencitraan semata, kalau tak niat kasih discount kemerdekaan gak ginu caranya dong. bisa kali lah server error dari jam 10 sampai jam 12 siang. tibanya udah bener eh promonya udah ga ada. hebat sekali bagian marketing kalian. btw saya titip salam ya sama beliau beliau yg berada dibalik layar !!
1;saya sebagai pengguna setia TIX ID merasa kecewa kenapa promo nya tiba tiba hilang terus tdi pesen tiket jam 10 malah eror ,, mohon jangan kecewakan pelanggan terima kasih maaf saya turunin lagi bintang nya mohon di perbaiki lagi aplikasinya
1;sudah sukses payment tapi barcode tidak segera keluar, waktu tunggu hingga 2jam. kenapa barcode tidak langsung keluar? jika begitu membuka kemungkinan untuk orang lain bisa di kursi yg sudah kita booking sebelumnya. tidak seperti metode yg dulu dan biaya admin nya lebih mahal.
1;saya pesen tiket yang promo 17, sudah hampir 3 jam pembayaran berhasil tapi bercode blm ada. hubungi cs tidak bisa, email tidak direspon. tolong kalau ngasih promo jangan begitu ya
1;Kacau ini mah aplikasi , udh pesenan di gantungin , berhasil atau engga nya kaga jelas , trus dana nya ketarik , malah di suruh ampe maksimal sejam sebelum tayang, kalo bangku samping gw keburu di tempatin orang trus gw sendiri gitu,nonton nya ?? Gila kali ya , di telpn minta cancel dan refund ga bisa , sedangkan udh nunggu sejam lebih, GA DANTA
1;saya sangat sangat kecewa,pesan tiket pas promo selalu ngga berhasil,,mohon diperbaiki,awalnya sih pembayaran berhasil tapi harus lama banget nunggu prosesnya selesai,eh tiba tiba malah di batalkan,pas mau pesen lagi ya kuota promo nya udah abis lah,,mohon diperbaiki lagi.!ini sudah ke tiga kalinya saya begini
1;susah untuk masuk.. susah untuk memesan.. nunggu verif lama, pas udah verif gak lama tiba tiba di refund.. GAK JELAS KECEWA PUOL rencana nonton sama temen² jadi berantakan
1;Sangat kecewa. Boking tiket promo jam 11 sudah berhasil pembayaran. 2 jam menunggu kode boking malah ada pengembalian dana. Server lemah tidak siap. Kalo buat promo cukup 1 akun 1 promo tanpa pembatasan kouta. Sangat sangat kecewa sama tix id 👎👎👎
1;Mesen tiket udh berhasil udah dpt nomor booking dan barcode. Eh tb tb refound. Kalo sistem gak siap menimpa akses yg bejibun ga usah ngasih promo. Kesel gue
2;kenapa yaa kan saya udh bayar tiketnya tapi ttp mengecek kursi padahal itu sudah lama tapi masih belom selesai juga,sedangkan pas saya pesan kursi lagi yg ini langsung selesai ,saya harus bagaimana ya
1;aplikasinya menipu katanya ada promo 17 agustus berlaku 16-18 pas saya mau pake promonya katanya promosi sudah tidak berlaku, kalo ngga bisa ngadain promo ya ngga usah kan costumer jadi mengharap, aplikasi yang mengecewakan
1;Kalo bangku nya udah terisi oleh orang lain tolong berikan option pilih bangku yang lain, misalnya saya udah sampe di bioskopnya malah di refund, kan jadi kesel, mana server nya gangguan lagi tadi
1;Aplikasi Ga mutu, saldo terpotong, awalnya ada promo, pas di klik ga bisa, yasudah saya order yang tanpa promo, pas di klik beli ga bisa bisa, tutup aplikasi , dibuka lagi, dicoba order lagi, malah saldo di dompet dana sudah terpakai di transaksi sebelumnya, padahal tidak ada notifikasi apapun, ini terakhir saya pakai tix, ga lagi lagi!!
1;Sangat kurang memuaskan, nomer CS ditelfon susah, dan yang paling parah disaat promo besar-besaran server lost koneksi tidak bisa menampung user dalam jumlah besar di waktu yg sama. Terimakasih
1;"baru kali ini sih kecewa, ikut promo 17an ... nungguin dr jam 10 pas, sampe jam 11 slow bgt loading terus, pas udh dapet kursi dan tinggal bayar, pembayaran gagal, pesan kursi yg lain and ""tidak bisa membuat pesanan"", 10x nyari kursi yg beda beda ... jam 11.20 akhirnya bisa di akses tanpa loading, but promo nya habis ... udah manjat ke genteng nyari sinyal, panas panasan ... ttp aja pengorbanan ga dapet apa apa ... makasih tix ..."
5;parah tix id klw tgl merah nasional selalu aplikasi nya gak bisa d pakai, klw promosi nya uda gak ada baru bisa, ngindari promosi namanya ni. untuk apa d kasih promosi
3;"Mohon untuk meningkatkan / Memperbaiki servernya , Karena setiap ada promo tiba"" app ( / Mungkin dari servernya ) Tidak merespon. Bahkan sudah di refresh berkali"" tetap , Server tidak merespon."
2;Setelah di update versi terbaru malah sering terjadi kesalahan jadi tidak bisa buka aplikasinya, harap segera diperbaiki!
1;setiap ada promo tix id susah masuknya, udah pesan bangku gagal terus, udah bisa lagi malah udah keisi maunya apa coba, kalo setiap ada promo kaya gini mah mendingan ga usah ada promo
1;drtd mau pesan tiket gbs terus. masa tidak ada film yg diputar gitu terus. signal pdhl ada. utk youtubean sm ig nan lancar jaya. ini utk tix gbisa load trs.
1;Ini aplikasi gada niatan buat diperbarui kah? udah sering bgt error loh waktu pemesanan terus ujung2nya gagal, saldo dibalikin nya juga lama, aplikasi juga sekarang lemotnya parah. coba dicek lah aplikasi nya ini bermasalah bgt sekarang
1;tolong perbaiki dulu server anda jika ingin membuat transaksi online, saya sudah top up uang saya ke dana tix id tapi tidak bisa membeli tiket karena jaringan servernya selalu gagal setiap ada promo, saya tidak ada masalah dengan jaringan provider ataupun wifi saya, ini masalah server tix idnya.
1;kalo lg ada promo kayak 17 an dan sudah tau ini aplikasi laku dan di favoritin, jangan kuota customer masuk aplikasi di batasin... berani modal lah, beli sever besar dengan kuota mencapai ribuan customer bisa in aplikasi. payah....... klo gini trus ga bakal di minatin lg nih aplikasi, bakal di hapus!
3;kalo ada promo sistem nya langsung down, tiket gabisa dipesan. tulisan nya selalu engga ada kursi engga tempat duduk. tolong diperbaiki lagi sistem nya klo lagi ngadain promo
2;Harus bgt diperbarui, upgrade terooss, kalo hp yg memorinya kecil rada PR sih, soalnya kalo gk diperbarui gak bisa dipake
1;Katanya ada promo 17 Agustus ,setiap jam 10 wilayah setempat bisa klaim diskon tiket pertama senilai 17.000 Tapi ketika jam 10 , mau buka aplikasinya aja gabisa
1;apaan masih jam 10 tinggal bayar doang aplikasi lgsg gabisa. kalau mau ada promo diperbaiki dong sistemnya biar ga berat jd yg mau akses ttp mudah
1;Iya sih ada promo 17 Agustus yang 17.000 untuk tiket pertama. Tapi begitu jam 10.00 mau pesen aplikasinya gabisa diakses. Tidak profesional sekali TIX.ID!!!!
1;"Udh pesen tiket, diproses terus, lama, tiba"" muncul notif berhasil, eh gak lama udh itu, tiba"" tiket saya di refund. Very bad👎👎👎👎"
1;kenapa aplikasi ini tidak bisa di download di hp saya padahal awalnya bisa trs saya juga sudah memakai nya setelah saya buka lagi untuk pesan tix id minta update tapi tidak bisa terupdate padahal memori dan kuota saya masih banyak setelah itu saya mencoba meng uninstall tix id dan saat saya mencoba download lagi malah tidak bisa kenapa ya tolong dong bantuannya
5;sangat memuaskan banyak promo menarik dan lebih mudah untuk transaksi tak perlu mengantri hanya dengan duduk di rumah saya bisa beli kapan saja dan dimana saya. terima kasih tix id. banyak banyakin promo menarik lainya ya biar tambah endess hehe
4;keren banget aplikasinya.. bisa dapet diskon buat nontok bisokop menggunakan aplikasi ini, pokoknya kalau pakai TIX ID bener-bener gak bikin ribet deh untuk dapetin tiketnya... kalau bisa lebih banyak lagi diskonnya.. terima kasih.
4;sangat baik... banyak promo nya,apalagi pas pembelian pertama... kasih 4 dulu yah utk penggunaan pertama... kalo sdah lama penggunaan nya dan makin baik akan di tmbahkan deh bintang nya 😁
5;Mantap TIX id ada promo 17 ribu buat semua tiket pertama. Gitu dong, saya yang jomblo jadi senang ada promo seperti ini... Jangan promo 50% tiket kedua lagi ya! Awas kalo ada promo gitu lagi aku uninstall lagi 😁😁
1;Walaupun sempet kecewa pernah memesan tiket hampir 7 kali pemesanan dalam 1 hari tidak berhasil terus, untung aja pihak Tix id cepat menanganinya, terimakasih..
5;aku sgt berterimakasih kpd apk.tix id karena ada tik.id aku ngak perlu repot2 tanya temen flim apa yg sedang dinputar di bioskop karena tix.id aku bisa menonton flim dengan cara mudah dan simple
4;cukup simple, hanya saja Saat mengisi saldo ada minimal ngisi nya sehingga tidak bisa bebas .. tapi gapapa masih bisa dipake sisa nya 😂
4;pakai tix jd gak perlu ngantri2 beli tiket on the spot, tinggal bk aplikasiya jg bs milih bangku yg kita mau, jg sering ada promo dskn 50%.
4;awalnya bingung, karena pembayaran lewat kartu kode yg dikirim lewat pesan ternyata gak di kirim tapi akhirnya top up, jadi aplikasi ini sangat membantu
1;CGV blitar square tidak ada, padahal di go-tix ada. kecewa karna sudah terlanjur top up utk beli tiket tapi gk ada dan mau tarik tunai agar bisa beli tiket di go-tix, TIX ID adalah aplikasi yang kurang maju
4;2 kali transaksi di refund terus, info nya tidak dapat terhubung ke bioskop.. mohon di perbaiki, biar ngga perlu ngantri, dan efisien
2;di timeline tertulis diskon 50% untuk pembelian tiket ke 2 setelah dicoba ternyata hanya ada potongan 5.000 itu mah bukan 50% tapi 15% yg jelas dong kalau mau kasih promo ya promo aja jgn ada tulisan 50% tp alhasil dapat nya hanya 15%
4;aplikasi ini sebenarnya sangat membanguu, hanya saja setelah salah pin dana apk terblokir sementa ( 1 jam menurut info), tp sampai 13 jam kemudian masih dalam pemblokiran. mohon untuk dapat ditindak lanjuti. terima kasih atas tanggapan yang diberikan tix id saya dapat digunakan seperti semula.
5;mempermudah kan saya pesan tiket tanpa antri dan anti habis bangku, kl pesen langsung suka udh penuh bangku nya trs dateng nya harus dr jauh jauh jam, kl pake tix id tinggal liat film, pilih film, pilih bioskop, pilih jam tayang, pilih bangku, pembayaran udah selesai!!
1;sebenarnya ini bagus tapi kenapa pas sy top up kemarin 100 ribu ( udah sy check masuk) tapi pas sy mau nonton tiba2 saldo berkurang padahal Jujur saja sy belum memakainya sekalipun🤒😭😭 Kecewa banget !!!
5;sangat membantu untuk saya yang sibuk beraktivitas. informasi tentang film juga update, booking tiket juga sangat mudah. terima kasih tix id. #nontongakpakekribet
5;bagus...bisa mengurangi waktu untuk antri.. tapi sayangnya untuk tiket premier belum bisa dipesan dari aplikasi ini..semoga kedepannya disegerakan.. bisa pesan premier untuk aplikasi ini...
5;Alhamdulillah, Dengan menggunakan TIX ID kami sekeluarga jadi sering nonton, apalagi kalo film baru kami tdk ketinggalan, karena diskonnya luar biasa. Kami jadi mudah u pesan duduk untuk nonton yg enak,
3;Awalnya suka banget dengan aplikasi ini karna sering ngasi diskon untuk nonton. Tapi makin kesini kok makin dikit ya diskon nya, banyakin lagi dong min kayak dulu lagi.
4;Bagus. Membeli tiket jadi lebih gampang tanpa harus ke bioskop. Kalau bisa dikembangkan supaya bisa langsung transfer tanpa perlu aplikasi pihak ketiga diantara kita.
5;aku salah satu pengguna setia tix id dan selalu bayar pake dana. sangat suka dan membantu supaya gak antri byk diskon pokoknya looove bgt. gak nyesel download ini smoga diskon terus ya.. love n like it so much 10 star ada gak
3;usahakan kalo ada yang beli tiket tp gak jd, kursi yg sebelumnya dipilih otomatis jd kosong lagi. Krn selama ini kalo ada yg batal transaksi, kursi itu tetep gak bisa dipilih di tix id. Seolah memang sudah terisi. Padahal transaksi sudah dibatalkan
5;mantap banget... tidak perlu antri... cukup klik dan klik trus udah bisa pilih kursi juga... cuma sayang, 😏😔 diskon e dan promo e udah berkurang.... tambah i lagi lah diskon n promo nya... heheheh... udah diksih ⭐5 loh
5;hobi nonton tapi males antri untuk beli tiket? ini aplikasi yg cocok buat kamu. sekali buka aplikasinya bisa pesen tempat duduk dan film yg mau ditonton, langsung deh dapet tiketnya tanpa antri lagi, buat ga terhalang untuk memilih tempat duduk kamu harus punya Smartfren 4G biar lancar dalam memesannya
5;aplikasi yang sangat membantu disaat mau pergi kebioskop tapi gatau ada jadwal film apa yang seru. banyak promo. tapi sayang aplikasinya minta pembaruan terus 😂
4;Duuuh kenapa sih dari tadi pagi pengen pesan tiket malah refund muluuu kesel tau padahal di gambar seat seat nya masih tersedia pas udah di pesan muncul notif pengembalian dana , kursi yg dipilih sudah tidak tersedia mohon diperbaiki tidak puas saya dengan kinerja aplikasi nya
1;aplikasi terburyk untuk pesan tiket nonton diskonnya bohong semua. Loading lama tiket sedang diproses lama seklai. aplikasi yg sangat smapah.
3;mau beli tiket hari ini tapi tanggal nya kenapa error ya tix.id ?? jadi gabisa transaksi (tglnya belum update masih tgl kemarin) 😣 tolong diperbaiki lagi sistem nya
2;pas make kok tiba tiba hanya halaman splash screen aja,, lama banget,, dah ditunggu eh malah tau tau keluar sendiri
5;Untuk mendapatkan tempat duduk yg comfortable jd lebih simple skrg krn TIX ID. Saran jg , pembayaran bisa lewat OVO ID dong next.
5;aplikasinya bagus, mempermudah, jadi ga antri antri. tapi coba dong min di bagian artikel/news dikasih fitur komen biar seru :v
5;pake TIX ID sebenernya untuk beli tiket bioskop online aja bair engga ribet antri, namun banyak keuntungan pake aplikasi ini karena banyak diskon dan cashback pastinya! biar makin lancar beli tiket nonton nya pakai Smartfren 4G LTE.
4;beli tiket d sini discount terus, bsa jd alternatif supaya gausah antri tiket dan qta dpt tiket lbh cepat ga repot..cuma satu nih yg d sayangin klo qta uda pilih seat, hrs lsg d payment krna klo qta kluar menu pas balik lg mau pilih seatnya itu uda ga bsa statusnya sdh ada yg pesan pdhl td qta blm smpet bayar atau mau mikir dl selang 1 menit pun statusnya sdh terjual, pas d bioskop pun seat itu kosong pdhl nanya k mba nya sdh terjual jg, usahakan saldo dananya cukup dan jgn byk mikir hehe
1;"suka banget sama aplikasi ini beli tiket jadi lebih gampang gak perlu antri, sering""ngadain diskon buat film yang baru tayang ya min"
1;saat pemilihan tempat dudu tidak di perlihatkan posisi layar, tiap studio itu ada yg sesuai abjad ada juga yg sebaliknya jd gk di rekomendasikan buat yg gk tahu denah dr studio
5;Sangat membantu di jaman yg serba modern ini. Lebih diperbanyak aja promonya, terlebih cashback atau potongan harga agar lebih menarik. Overall good, Terimakasih
5;Aplikasi bagus, tapi saya pernah kesulitan untuk mengaksesnya sehingga saya gagal untuk menonton film. sudah komplain lewat email dengan no.laporan 202276 dan lewat ig sm twitter, sudah ada respon namun permintaan refund saya belum di terima. 1 bintang dulu karena itu
5;wihhh...canggih..keren.. gak perlu antri. dan diskonnya KEREN dan proses pembelianya gak ribet... I like it.. terima kasih TIX ID... nb : kalau bisa diskonnya tambah donk hehehe..
1;mulai ga guna nih aplikasi ... ngadain promo potongan tapi tiap kali pesen di refund terus ... kadang pending lama ... ga jelas ... pembelian full ga pake promo juga sama aja ...
5;praktiks, bayar mudah. udah kerja sama dgn app dana juga. sering promo lagi. cuma kayanya update kursi agak lambat.
1;semakin lama semakin parah suka keluar sendiri aplikasi nya , lalu terkadang lemot banget lagi koneksinya untuk terhubung . tolong lebih di tingkatkan lagi aja .
1;ini apaan deh udah seminggu aplikasi masih eror gabisa booking jadwal di hari selanjutnya. Ini emg aturan baru kaya gini atau error nya ga beres2? Ga berguna kalo gini trs app nya !
5;bagus sekali aplikasinya membantu dan tanpa ribet ngantri. kalo bisa di tambahin untuk paket diskonya yaa min makasih . ini saya kasih bintang 5 karna keren sekali
5;Gua Heran sama yang bilang ticket nya sering refund. selama pake ini gk pernah tu bermasalah tapi beli yang normal ya. kalau promo atau ada potongan ya wajarlah namanya juga berebut tapi juga paling lama 45 menitan dan promo biasanya dimulai jam 10.00 ya jgn pesan yang jam 11.30 lah
1;gak jelas kali tix id ini masa mau belik tiket minta code pas di pembayaran dari nmr lama sementara nmr lama nya udh hilang, eh malah gabisa diganti nmr lamanya jd terbuang duit sia sia, gak ada lagi solusi dari tix id gak guna ini
3;suka sih karena up to date cuman kadang kalau numpuk antrian alias banyak yang pakai apps ini kadang error tak tertahankan bikin badmood
4;terima kasih tix id.. atas promo2nya walaup sering berkendala jika melakukan pemesanan di waktu mepet karena trafficnya tinggi. tapi karena promo2 saya bisa lebih hemat nonton bioskop dan ga usah antri tiket 😃
4;makasiih TIX ID karena sering banget kasih diskon.. tapi kadang diskonnya hanya untuk film tertentu. alangkah baiknya selalu diberlakukan diskon untuk semua jenis film. jadinya kan pengguna bebas mau nonton apa aja..
5;aplikasinya keren banget bisa liat film sama waktunya terus bisa beli tiket di aplikasinya pula habis itu juga dapet diskon 50% untuk film tertentu mulai dari jam 10 sampai selesai pokoknya aplikasinya keren banget dah diskonnya bisa berguna kalo uang lagi nipis good lah aplikasinya 👍
2;tolong dong diperbaiki. setiap pembelian tiket selalu lama di kursi nya. kalo mau direfund ya jgn terlalu lama. ini sudah dr tdi masih jd 'sedang proses menunggu kursi'
5;saya kasi lima bintang deh, aplikasi nya sangat membantu, thank you TIX ID, buat kalin klo mau nonton biskop saya saran kan untuk gunakan aplikasi ini aja aplikasi nya sangat bagus.
5;sangat membantu, tidak membuat antri, dan pengaplikasiaannya mudah. terima kasih tix id. puas dengan pelayanan anda 🙏🙏🤗
2;kenapa pas saya masukan nomer kartu debit tidak ada masukan pass aplikasi atau notif kalau dana kartu debit visa saya akan terpotong,ini malah langsung terpotong begitu aja. harusnya ada keamanan masukan pass aplikasi, kalau kaya bagitu bisa aja orang pake nomer kartu atm visa saya tanpa masukan pass. mohon untuk di perbaiki aplikasinya.
5;terbailah ini aplikasi. banyak promo tapi juga cepet abis. kalau bisa biaya adminnya sama dengan M-Tix.. sama kalau bisa kedepannya bisa buat semua jenis bioskop bukan cuma XXI groups aja
5;promo banyakin lg dong. mantap. mudah cara pakainya. topnya juga bisa seusai kebutuhan. ga kaya akun sebelah. thanks TIX ID
3;"kok pemesanan tiket agak bermasalah ya akhir"" ini. misal kalau mau pesan pas tanggal berapa gt tetep gabisa di klik. mohon penjelasannya"
1;sangat bagus sekali ini aplikasi,sangat membantu saya dalam membeli tiket bioskop dgn mudah tanpa antre,saya sgt mengapresiasi aplikasi Ini,TAPI BOONG,INI APLIKASI MEMEK
5;karena klik mau pesan tiket nonton gak ribet dan ada daftar semua bioskop terdekat dengan saya hd gak perlu antri lagi tinggal tentu in jamnya dan gampang. dan ringkas
5;sangat membantu agar kita tidak mengantri lagi. Tapi kadang saya kalo pesan tiket, kadang kode ticket utk mencetaknya lama masuknya. Itu harus di tingkatkan lagi ya tolong untuk yang lainnya sudah baik kok.
5;Terima kasih TIX ID. Proses refund dana tergolong cepat, dan pihak TIX ID sangat baik dalam melakukan pelayanan yang membuat saya merasa senang. Walaupun kendala pemesanan tiket kemarin memang sering terjadi, saya harap kejadian tersebut tidak pernah terulang kembali
1;parah nihh, tiap verivikasi ga bisa mulu. Tulisannya error terus. Uninstal lebih baik nampaknya.
5;Mantapp mantapp... gua bagiin ni, coba masukan kode ini saat mendaftar sebagai pengguna baru (UHZTT3) ada banyak promonya dan juga diskon yg sangat menguntungkan
3;karena hari ini aku jadi kecewa berat sama tix. Sampe pukul 06.40 pun jadwal yg disajikan masih hari sebelumnya, nggak berubah jadi hari ini (saya tunggui sampe gak tidur semalaman) Heran aku tu. aplikasi booking bioskop cinema sebelah itu bisa booking dua hari sebelum bahkan seminggu sebelum rilis. aplikasi ini bookingnya malah di hari itu juga, dan jamnya nggak jelas. harusnya jam 12 malam teng, udah bisa booking dong untuk hari ini. ini udah mau jam 7 pagi belum ganti juga harinya. hmmm....
1;Sejak download, sudah 3x coba beli tiket selalu gagal dan refund. Pakai M-Tix langsung bisa. Kalau ngga mau ngasih diskon, terutama di week end, jangan banyak omong promosi dong...
1;aplikasinya bagus, namun saya sangat menyangkan memakai pihak DANA. sya isi saldo dana karna pin lupa malah dibebukan. saldo gabisa dipakai. pin tidak bisa di reset. ribet memakai dana. lebih enak makai ovo
5;keren! saya slalu dapat diskon 50% untuk pembelian tiket pertama film terbaru dan tidak perlu mengantri,walau bayarnya sdikit lebih mahal dibanding ngantri ke bioskop👍👍👍
3;kadang saat promo..karena banyak peminat dan jam sibuk saya sering tidak mendapat tiket, tetapi untuk pengganti biaya antri oke deh😁
5;tix paling oke , sangat membantu bikin hemat kl mau nontn film terbaru... kendala memang ad tp cpt refund ny... kl ad org bilang suka kendala, aplikasi ini jelek ato appun itu mending cek kembali internet anda mungkin cuma numpang wifi ato gk punya kuotaa ..😹😹
5;sangat mengecewakan tix id udh berhasil bayar bisa direfund seringkali kehadian gitu sekarang juga direfund kayaknya makin lama makin sering error wa kecewa mending mtix atau dari traveloka ja aman kapan aja beli pas dapat tiket
4;kurang dapat diandalkan kalau pesen berdekatan dengan jam tayang, mohon menjadi perhatian. pengembalian uang apabila melalui dana sudah cepat, ada peningkatan dibanding sebelum-sebelumnya
4;app nya sudah bagus, tapi tetap saja saya berharap tombol help / bantuan mudah ditemukan dalam aplikasi. Untuk servis nya setelah saya hitung ulang dng fee untuk kanal pembayaran ternyata lebih murah 3.500 selama D+NA masih fee Rp O untuk admin.
1;mau daftar aja gadapet terus kode verifikasi.... susah nya minta ampun... berturut-turut nyoba tetep aja gabisa. payah total
1;udah bayar, tapi di kabarin kalo udah penuh kursinya pas 9 menit sebelum filmnya mulai.CS ga ada yang angkat tlp. apa namanya kalo bukan bikin kesel ? pengen ngatain aplikasi ini bangsat, tapi ga jadi ah terlalu frontal.TERIMAKASIH TIX ID
2;mau pesen di tix.id tp hrs update aplikasi dlu..setelah diupdate malah ngga bs pesen sama sekali..klik jadwalpun ngga berfungsi.ngga bs pilih hari.. bahkan pilih beli tiket pun ngga bisa..
4;sangat baik, hanya saja periode dan kuota promo lbh di maksimalkan krn saya sbg pengguna pertama tdk bisa menggunakan promo krn keterbatasan kuota
1;Pesan tiket lama banget mengecek kursinya udah itu gagal , jadi kursi yang mau dipesan keburu dipesan sama yang lain. Dulu pake tix id pesen tiket cepet ga kaya sekarang lambat banget jadi terpaksa harus pake aplikasi sebelah kalau gagal terus pemesanannya
4;Aplikasi cukup bagus, terimakasih sudah menyediakan layanan visa. Semoga tidak ada error saat terjadi transaksi online. Sebagai saran perlu adanya publikasi lebih perihal TIX ID lebih mendalam kepada pengguna baru. Seperti cara pembayaran, cara cetak tiket dan lain sebagainya.
2;kok skrang setiap pesen tiket slalu proses lama ya, padahal saldo udah berkurang. tapi masih proses. kode boking ga keluar keluar sampe seharian sampe film nya udah lewat tayang masih proses terus, udah beberpa kali seperti ini
2;kecewa,.pas lagi di butuhin buat nonton di biokop gangguan ga bisa dapet kode transaksi buat nyetak tiket,,udah nyoba di refund di ulang lagi nyetak tetep ga bisa.,.giliran udah pulang ke rumah ,ehh tiket sukses,.!! mana film nya udah kelewat jam tayang, mau nonton udah di rumah,saldo jadi kurang ,film ga ketonton,.sue banget kan,.
1;burukk burukkkk. saya urgent mau beli tiket bioskop. smua pin yg saya pakai salah. lalu akun dana dibekukan slma 1 jam . aplikasi gk mutu!! hubungi customer service aja failed terus. lo gk ush bikin aplikasi kalao mempersulit. astaghfirullah emosi gw. ktinggalan tiket nonton
3;aplikasi bagus dan memudahkan. tapi sering kali di akhir pekan malah lambat dalam pengecekan kursi. sdh ditungguin sampai 1 jam gak juga ada kepastian. padahal filem dekat mau tayang. akhirnya malh beli manual lagii
1;"Setiap di pakai pesen tiket, udah berhasil bayar tapi stop di menunggu kursi mulu... Ujung""nya gagal... Kan percuma di bikin aplikasi kya gini"
1;saya hari ini memesan tiket untuk hari jam 15.40 tiket sudah saya pesan jam 14.10 tapi sampai skrg belum ada kode booking yg berikan, masih status pesanan menunggu, pdhl saldo saya sudah terpotong bagimana ini vendornya? masa hampir semua pengguna mengeluhkan masalah ini
1;aplikasi bikin susah. udah boking prosesnya lama. sampe jam film nya tayang proses blm selesai. aplikasi bukan memper mudah malah mempersulit. aplikasi idiot.
1;aplikasi jancok, kalau ga sanggup kasih promo jgn di promosikan... bukan masalah uangnya. tp udah nunggu trus ke cancel sehingga ga jadi nonton itu yg bikin kesel. kalau deket tempat bioskopnya.. kalau jauh.. mana layanan supportnya sulit lagi... hati2 sama tix id kalau gunakan di weekend dan ada promo... mending pakai yg lain.
1;aplikasi ga bermutu bgt. udah 2 kali beli tiket disini dan selalu gagal pada saat cetak tiket. lalu untuk customer service susah banget buat di hubungin sampai menghabiskan banyak pulsa buat ngehubungin. kecewa sekali!!! gak bakal pesan lagi disini
1;Ini gmn sih uda pesan dr 2 jam lali msh aja proses uda di bioskop kursi di cek msh kosong tp ada org lain yg dtg pasti diksih lah, ga kaya tetangga sebelah nih enak cpt, padahal ini ga diskon lo harga normal, tolong donk jgn kaya gini filmnya uda mulai, taeeee nih
1;Sy sdh lama pakai tix id dan ini yg paling parah. Pengecekan kursi lama banget, sudah nunggu 30 menit ternyata pembelian tiket gagal karna kursi tidak tersedia. Ini sudah yg ketiga kali, 👎 untuk tix id. Sorry sy uninstall.
1;mohon maaf ya ini ko proses aja padahal udah transaksi dan sudah kepotong ..bahkan sampai mau mulai filmnya aja belum juga berhasil. kalo memang harus gagal ya sudah langsung proses refund tapi ini lama banget ya..
1;kecewa banget, beli tiket 2x, yg pertama udah beli ehh tiba2 refund, yg ke 2 beli lagi tapi memproses tiketnya lamaaaaa banget, sampek jam tayangnya sudah mulai, dan akhirnya gak jadi nonton. sumpah bener2 ngecewain bgt😒😤😡
1;error system hari ini tgl. 7 juli 3019. Nyesel banget, sdh top up mau nonton spiderman, ternyata sistem error, untungnya uangnya dikembalikan via DANA..... kacau ya pelayanannya......
1;Jelek banget. Loading tiketnya lama banget di refund pula saat jam mulai tayangnya uda lewat. di telpon CS nya juga gak guna. kecewa lah
5;Aplikasi yang membantu dan memudahkan pembelian tiket nonton bioskop. Ditambah adanya bonus potongan harga. Semoga Bisa ada terus dan diperbanyak bonusnya 😀. Juga diperbanyak lagi jaringan bioskopnya
2;habis top up saldo knapa justru tak bisa digunakan, setiap pembelian selalu gagal. trs bagaimana cara tarik kembali saldo saya ?? tolong perbaiki aplikasinya agar tidak error seperti ini.
1;refund mulu ,apa ngga bisa sistem nya diperbaiki ,utamakan pelayanan bos kalo pelayanan nya bagus orang ngga akan Pesan ditempat lain eleh gimana ni aplikasi ,PELAYANAN NYA BURUK
1;"saat mau login tp sy lp pasword..lalu sy cb reset pw..tp sudah selama seminggu..entah sudah brp x saya cb..ga pernah bisa..alasan nya "" trjadi kesalahan. mohon cb beberapa saat lg.."" saya sangatsangatsangatttt kecewa"
3;kenapa setelah update kok sekarang setiap pembelian tiket harus menunggu ketersediaan kursi dulu ya? padahal di versi sebelumnya jauh lebih mudah dan cepat.
1;"udah 2x kayak gini mulu. tiket ga dapet, tpi saldo di sedot. kali pertama, ga muncul proses transaksi nya. waktu itu saldo saya kepotong 81 ribu. saldo ke potong, TIKETNYA ZONK. kali kedua, bilang nya ""memproses"" mulu. tapi saldo saya sudah ke potong duluan. dan akhirnya ga jdi nonton lgi. saya beli tiket kisaran jam 1, dan nonton jam 16.20. selama itu kah proses transaksi nya? tolong pihak tix id nya memperhatikan lagi masalah2 spt ini. kalau udah tau berhasil dapat kursi, baru potong saldonya."
1;saya beli 2 tiket dan sudah selesai melakukan pembayaran tapi sampe film nya selesai tayang, kode booking untuk print tiket sama sekali tidak dapat, ini terjadi 2 kali dan customer service dari tix.id sama sekali tidak ada yg merespon..
1;Mohon Di perbaiki lagi, saya suka tix id yang dulu, sekali beli langsung dapet. daripada yang sekarang tix id ada proses pengecek an kursi terlebih dahulu, sehingga lama, dan keduluan oleh orang lain yang beli langsung. uang saya sudah 2× di refund gara gara gagal beli tiket. mohon di perbaiki.
1;pengecekkan kursinya terlalu lama. setelah 30 menit lebih masih belum ada konfirmasi apapun padahal ini udah transaksi kedua hari ini. yang pertama nunggu hampir 20 menit tau taunya malah di refund. Padahal cek lagi di jam yang sama dan kursi yang sama belum ada tanda telah dibeli. (btw, tiket kedua ini di jam dan kursi yang berbeda) tapi 30 menit lebih masih aja menunggu. Udah dm ke ig official tix id dan sent email juga no respon.
5;Sangat suka sekali. Bisa akses film terbaru dan ter update di tiap bioskop. Thanks lah. Moga2 bisa ditingkatkan lagi bug dan perbaikannya. Thanks
1;ribet, udah isi saldo malah gabisa dipake malah disitunya lupa password terus, isi dana gampang tapi gabisa dipake, heran deh, hubungi customer service jg gabisa terus, mu pagi siang sore malem jg
5;"Jelas, aplikasi ini muncul utk mempermudah orang"" utk mendapatkan tiket secara cepat dan mudah. Semoga kedepan makin banyak pembaharuan yang tidak memberatkan dan menyusahkan pengguna. Terima kasih."
1;saya kecewa dengan tix id. tiket saya tidak kunjung terbit, bahkan 20 menit sebelum film dimulai. padahal saya sudah booking tiket nya 1 jam sebelum film diputar. sampai saya harus booking tiket lain lewat akun saya yang lain ketika film selesai diputar, baru saya dapat notif bahwa tiket saya sudah terbit. saya dirugikan. ketika saya menelpon costumer service, jawabannya hanya tunggu beberapa saat, tanpa lanjutan mohon pihak tix id, Saya mohon sekali kepada anda, perbaiki sistem booking. trs 🤝
1;jelek,udah pesen,gak nerima kode,gak di refund lagi,makin sini makin turun ni aplikasi.udah kirim lewat email&dm instagram,telat semua balesnya,harusnya professional dong,gimana si gak professional
1;saat update app ,akun keluar dan login kenbali password salah, saat meminta reset passwod di lupa password muncul error layanan bermasalah coba ulangi nanti lagi, begitu seterusnya. tolong diperbaiki.
1;Saya pesan tiket bioskop hangus saldo DANA saya karena memakai aplikasi ini. Gimana nih saya udah rugi waktu sama uang. Tolong diperbaiki lagi yaa... Masak gaada call centernya
4;bagus praktis sering ada promo. cuma sekarang pas udah pembayaran proses penerbitannya agak lama gk secepat dlu.
1;uninstall ja dh...sdh kejadian terus menurus tiket ke refund, ga cm 2/3x tp sering apa lg klo ada promo!!! pernh smpe sdh ke XX1 nya film mulai msh blm tercetak tiketnya, payah alaesan server ini itu call center di tlp blas sibuk smua ga stu pun ke angkat!!! mndng pke mtix lah, ga ada promo gpp seengganya aplikasinya mumpuni ga ky gni. 👎👎👎
1;tolong adakan cancel pembayaran, karna sekarang sering kali transaksi berhasil tapi kursi diproses dan dicancel sistem dengan selang wakti yang lama, aplikasi ini bukan mempermudah memesan tiket namun mengulur waktu!
2;saya kasih bintang 2 karena kmren saya pesan 3 hari sblmnya film spiderman...pas sudah nyampe studio # gagal...skrng pesan msh bermasalah🥴 pengecekan kursi...bgmn ini?? info donk padahal kursi msh kosong
1;duh peak, jadwal film sudah dimulai, tapi tiket masih status menunggu kursi.. gatau deh kedepannya gimana, yg jelas saldo udah kepotong, cancel order pun gabisa.. ampas dah
1;udah pesan tiket pengecekan kursi yg sangat lama belum lagi filmnya udah mau mulai terpaksa beli tiket lagi langsung di loketnya. sangat mengecewakan
1;setiap beli tiket loading nya lama banget, dan selalu gagal trus.. mentang2 promo. FIX sy copot aja. percuma juga di download tapi ga membantu.
1;Sudah melakukan pembayaran tp tiket msih dlm proses pdhal sudah 1/2 jam bayar tp nomer booking tiketx blm keluar2. sementara 1/2 jam lg filmx tayang.
1;bermasalah terus. sudah coba 3 kali dari kemarin tetap aja. pas di cek di aplikasi lain masih kosong kursinya yg saya pesan. apa apaan sih tix.id. kalau misalkan penuh langsung di cancel aja. masa harus nunggu berjam jam 👎
2;skg memproses tiketnya lama sekali, mohon diperbaiki. karna kita jg butuh kepastian. sudah nunggu hampir 6jam ternyata dananya direfund kan jadi kecewa , sudah lama nunggu.
5;aplikasi bagus , membantu banget buat beli tiket tanpa harus ke bioskop . tp suka ada kendala dalam pengambilan kursi , yang tiba2 ga bisa di proses mohon di perbaiki lagi supaya lancar jaya
5;lebih simpel dan cepat update terbaru film.yg mau tayang bnyk promo disc y tingkatkn terus buat TIK ID perdana beli tiket di aplikasi ini
1;Wah parah sih ini, masa pesan tiket direfund terus, mending kalo sebentar ini prosesnya lama sejaman, kalo emang kursinya udah gak ada gak usah dijual yg akhirnya malh gak dapat juga! Membuang waktu sekali! Mau udah berkali kali kaya gini gak ada juga peningkatan! Percuma ada call center ditelpon bilang sibuk mulu, di email gak jawab, di dm ig juga lambat balasnya, ga guna!!
5;aplikasinya sangat membantu untuk menghemat waktu beli tiket di bioskop, karena suka banget nonton bioskop dan kerja terus. jadi kalo pake TIX ID bisa pesen tiket di kantor, pulang langsung go nonton.
5;Aplikasi bagus, sangat memudahkan, banyak diskon, tetapi kadang untuk proses tiketnya sangat lama. Tolong ditingkatkan lagi
5;aplikasi udah bagus stabil.kalo bisa turunin dong biaya tambahan nya .kemahalan tuh.sengaja order pake tix id biar dpt promo tp gara ² ad admin nya sama aja jatuh nya....
1;kecewa,utk beli 1 tiket aja udah kena 5 kali refund terus, dari awal mesan bangku paling atas terakhirnya dapat yang paling dekat layar,percuma lah banyak promo tapi kaya gini terus 👎
1;dongo! call center di telponin gak bisa2. gua mau ngecancel tiket aja susah, padahal dr td blm berhasil skrg udh berhasil jd mubazir bangke
4;Aplikasi lumayan cukup bagus,,selalu ada promo potongan,,yang menarik,, saran saya sih kalo bisa tambahin fitur ticket cancellation,, karena fitur itu sangat dibutuhkan sekali,,,thanks
1;kemarin kira2 jam 8 pagi beli tiket untuk film spiderman yg tayang jam 12.30..tp kode boking tiketnya sampe jam 12.10 gak dikirim juga..tiba2 jam 12.15 ada notip transaksi anda telah di batalkan..dana telah di kembalikan..padahal kita uda di studio dari jam setengah 12..di kirimin email jawab nya sedang di proses ..dan menunggu kursi...gak propesional sekali nic aplikasi..
5;"Good App jadi gampang klo mw ntn g hrs ngantri2 lgi hee yu join install app nya, masuka kode ""ENCEME"" biar dpt bonus 5000 coin. bisa di pake untuk beli voucher di Aplikasinya lho. ayo buruan keburu hioang"
1;saya beli tiket di apk ini, namun saat di bioskop dieng plaza malang jatim, pihak bioskopnya tidak bisa untuk cetak tiket/tidak ada alatnya/tidak kerja sama dengan apk ini. pesanan saya akhirnya gagal. segera di atasi. terimakasih
5;sangat membatu... karena nggk perlu lagi ngantri untuk beli tiket dan bisa atur jam dan tempat duduk sendiri... good job tix id, sukses selalu 😊
5;Sekarang kalau mau beli tiket nonton jadi lebih mudah, sangat membantu + banyaak promonya, sipp lah pokoknya, semoga semakin baik terus
3;tolong dong proses pesennya di percepat, udah prosesnya agak lama mending kalo udah pasti dapet, kalo ternyata gagal krn lbh di utamakan yg antri di bioskop kan nyesek
1;saya udah 2 kali menunggu dan memesan sampai jam nya kehabisan terus. saya memesan 4 kali gagal atau recended saya biasanya tidak pernah mengalami hal ini mohon untuk diperbaiki lagi tix id agar kita memesan ticket dengan nyaman tanpa menunggu .
1;sangat sangat kecewa..tiba2 refund tiket saya tanpa sebab !!! saya beli 2 tiket, 1 tiket kena refund secara sepihak !!! sudah sampai di bioskop tiket tidak bisa di gunakan dan di bioskop tiket sudah habis !!! tidak mungkin donk saya nonton sendiri ??? apa apa ini tix id refund tiket seya secara sepihak ???? dan hasil nya tiket saya yg 1 lagi hangus !! sungguh kecewa
4;Cukup puas pakai TIX ID, beli tiket mudah tanpa perlu antri. Awal awal pakai TIX ID banyak promo dan menguntungkan. Semakin lama promo semakin sedikit. Jadi agak malas buat nonton, paling saat ini hanya sesekali aja. Semoga semakin baik kedepannya dan semakin banyak promonya, jangan kecewakan pelanggan 👌
5;cara pembayaran yg mudah, banyak pilihan biskop jadwal serta kemudahan pesan kursi, promo nya mantap, semoga menjadi lebih baik lagi
1;Kenapa tiket saya direfund terus? Alasan kursi sudah tidak tersedia, sedangkan keterangan di aplikasi kursi tersedia. Dan saya coba di beberapa kursi yang lain tetap seperti itu, direfund dengan alasan yang sama. Pesan untuk jauh hari tidak bisa on the spot, tetapi pesan lewat aplikasi malah kayak gini!!
3;saya beberapa kali tidak bisa pesen, padahal saldo ada, tempat duduk tersedi.. kalau sudah normal bintang akan saya tambah.. thanks
1;setiap mau nonton selalu ke refund sampai 5x,lama juga ke refundnya, tolong lah ini gimana solusinya, pas udah beli tiket dibioskopnya malah tiket berhasil dibeli, jadinya bayar 2x. tolong lah di perbaikin yang kayak gini.
1;Terlalu Lama Untuk proses Tiket.. pembayaran sudah selesai, mengecek kursi na lama banget.. hampir Setengah Jam.. itupun belum jaminan Berhasil dapat tiket.. terkadang gagal ada Note Kursi tidak tersedia.. padahal Jelas Jelas kursi kosong.. mohon di perbaiki Sistem Untuk Proses tiket jangan Terlalu lama.. terimakasih
1;aplikasi yg ribet, ga asyik. mau nonton aja kok susah. pembayaran cuman bisa pake dana aja. uninstal aja. bikin kesel. mending nonton di bioskop yg lain, aplikasinya lebih mudah.
1;aplikasi apaann kya gini. hari ini saya mau pesen spiderman far from.home. nontn jam 15.10. pesen jam 10.00 kenapa lama banget keluar kode boking nya.. eh tiba tiba. ada notif. Refund berhasil. dengan.alasan kursi tidak lagi tersedia. padhal.jelas jelas kita masih pilih kursi. dan langsung bayar. komunikasi. Tix dan XXI gimana tuh. pokonya Lemot parah aplikasi Bobrok.
1;maaf dikasih bintang satu, dr awal dev ini muncul memang agak kurang suka pake ini, mending pesan langsung lewat bioskopnya tapi teman nyuruh juga pake promo di tix sempat gak mau dan dicoba ternyata benar emg gak srek mau download ini dr dulu, udah ada feeling sistemnya gak bagus😂
5;aplikasinya bagus dan sangat membantu ...tapi skrg untuk mendapatkan kode kursi butuh waktu yg sangat lama...mohon diprrbaiki secepatnya agar bs cepat memilih jadwa yg lain
3;pelayanannya makin bobrok. tiket yg dibeli susah terbitnya dan butuh waktu lama. dan yang paling ngeselin di refund setelah menunggu di bioskop. benar-benar menyebalkan. tolong diperbaiki donk sistemnya
4;aplikasinya keren sih, cuma terkadang proses validasi kursinya agak lama, dan bikin kepikiran karena uang uda dibayarkan, tapi kalo dibatalkan pasti ada refund nya, jadi gada masalah.
2;untuk pengecekan kursi nya terlalu lama, kadang selalu gagal. dulu tidak seperti ini, tolong di tingkatkan kembali. makasih
1;aplikasi ini skrg sangat mengecewakan.. busuk!!! gara2 gagal nonton terlanjur bayar DANA tp pembelian gak berhasil,,refund lama. gak jd nonton tambah jd ribut sama suami. kampret lu tutup aja aplikasinya!
1;sistemnya payah, proses order tiketnya sampe nunggu proses yang lama.. saldo udah terpotong tapi tiket belum muncul.. udah nunggu hampir sejam, eh ternyata transaksi gagal.. pas mau booking tiket lagi, ternyata udah habis.. tolong sistemnya diperbaiki. thx!!
1;proses pelayanan payah, pembayaran sudah tp tiket belum keluar ujung-ujungnya refund cs yg bisa dihubungi tidak ada hanya via email yg lambat proses nya
1;diskonannya banyak, tapi sayangnya sekarang proses memakan hampir satu jam itu pun belum tentu berhasil pembelian. agak kecewa karna harus nunggu lama tapi malah di refund gara-gara kursi sudah ada yg pesan.
1;goblok nih app, gua mau beli tiket. pembayaran udah berhasil, menyiapkan kursi mulu, alhasil tiket gak keluar2. sampe jam teater mulai pun, tiket blm keluar. hadeh,, niat mau permudah malah sulit
1;Tix Id yang berbahagia, mohon maaf tolong dong area mojokerto juga di tambahkan ke aplikasi, kalau memang belum di tambahkan juga saya alan uninstal app nya. terimalasih
2;duh saya udah pesen tiket beberapa kali selalu penyelesaian nya lama? kenapa ya? tolong perbaiki dong jadi saya selalu telat nonton padahal pembelian tiket udah jauh jauh sblm jam tyg d mulai, kalau kaya gini mau pindah ngga akan pesan d tix id lg deh.. makasih
1;tix.id mohon kalo memang belum 'matang' menyediakan jasa pemesanan tiket secara online, ya jangan dipaksa. Lelet banget walaupun udah booking dari 2 jam sebelum tayang belum juga dapet kode tiket. Saya mengerti mungkin karena pemesanan membludak, tapi seharusnya sudah bisa diantisipasi dong. Kalo di refund terus pesen secara online, mending gini nonton ke bioskop sebelah. Kasian jg kan yg mau mesen offline harus berebut sama yg mesen online jg tp nyatanya pelayanannya payah juga.
1;aplikasi sampah wkwkwkw, kasih bintang 1 aja semua masa untuk pemesanan lama banget dan tiket pun lama, setelah masuk kursi sudah terisi dengan orang lain, tapi gpp sih cuma 33 doank wkwkw
2;Ko makin lama makin leomt ya aplikasinya.. Pertma saya down load dr pmbayarannn ke tiket lsg dapet skr pembayaran berhasil ehhhhhhh tau2 refund n gagal trs.. Saya kasih bintang 2 dl klo dh ga lemot lg saya kasih bintang 5
2;Sekarang pesen tiket pendingnya jadi lebih lama. Padahal dulu prosesnya gk sampe stngh menit udah selesai. Mohon perbaikan sistemnya.
5;Sangat membantu buat pecinta film bioskop.. Krn nggak perlu repot2 buat ngantri tiket, mana sering ada promonya lagi.. Recomended apps deh..
5;aplikasi simpel, mudah dimengerti, tidak repot2 antri beli tiket, dan bisa tau film2 terbaru. mantul deh 👍
1;gatau kenapa punya saya tidak bisa di gunakan selalu muter2 terus saya kira paketan saya yg habis pas saya isikan Pulsa masih sama muter2 terus.. maaf saya kasih bintang 1 setelah beberapa kali di update punya saya malah Error Hp saya Xiaomi Redmi Note 5 Ram 4Gb
5;Ok bget TIX ID .. sangat mempermudah memperoleh tiket dan asiknya lagi dapat diskon 50%.. nyesel gak dari awal dow nya .hehehhe Maksih TIX ID
5;Aplikasi ini sangat membantu dalam mendapatkan tiket tanpa perlu repot-repot mengantri cukup buka aplikasi ikutin langkah-langkah berikutnya selesai. sangat mudah deh. Terima kasih tixid.
5;Bagus,Cepat,Simpel dan Praktis tanpa harus Antri di Lokasi Bioskop. Tingkatkan lagi Update nya dan Kualitasnya. makasih, slmt mencoba
5;Aplikasinya sangat membantu untuk para movie lovers yang g mau ribet antri dan cek film lgsg di bioskop. Kalau bisa ditambah lagi promo2nya, terutama utk film2 blockbusters.
1;tanggal 29 kemarin saya dan anak saya ingin nonton annabelle di jam 14:30, sdh pesan tiket, tapi sampai jam tayang mulai tidak dapat kode booking kursi,baru dapat confirm pesanan berhasil jam 14:50, karena batal nonton saya dan anak saya pulang, sdh tlp customer service dan kirim email ke Tix juga sampe sekarang saldo Dana yg terpotong belum juga di refund... gak ada itikad baik dari Tix untuk me refund saldo para konsumen yg terpotong, apakah ini hanya modus tix aja untuk mencari keuntungan...
1;bagai mana dong ini pihak tiix saya baru saja melakukan pembelian tiket di mall boemi kedatoen lampung,setelah melakukan pembayaran kok keterangan waktu terlalu lama mohon ulang kembali,tetapi saldo dana saya kepotong habis
1;akhir2 ini aplikasi ini bermasalah. Saya beli tiket dengan kepastian jam dan kursi tertentu. Pembayaran sudah lunas. Ternyata ketika sampai di bioskop tiket dibatalin sepihak. Yang jadi ngak enak alasan pembatalan diajukan oleh pembeli. Padahal dibatalkan oleh tix.id sendiri. Uang memang kembali ke Dana. kebayang kalau pake kartu Kredit Urusannya pasti tambah ribet.
1;Untuk pihak yang berwenang di TIX ID, tolong dipermudah yah. Setiap kali butuh pembaharuan, aplikasi tidak bisa diakses. Hal tersebut, secara kasar memaksa costumer untuk melakukan pembaharuan. Akhirnya, karena malas tidak jadi mengakses. Dan akhirnya karena malas juga, tidak jadi membeli tiket lewat TIX ID dan beli tiket langsung di bioskop karena lebih praktis.
5;bagus tapi sayangnya sering terjadi gagal transaksi, pembayaran dibatalkan oleh pihak TIX ID, alasannya kursi sudah tidak tersedia, padahal ketika dicek masih ada
1;saya dapat poin dari bulan januari-juni katanta kadaluarsa dibulan desember. tapi akhir juni sudah kadaluarsa. babi pembohongan publik saya uninstal aja...wkwk lebih baik beli tiket langsung aja.... aplikasi gak guna juga
1;ini kenapa ya akhir akhir ini tix susah banget di buka..jadi kesel..uda top up ternyata aplikasinya gak bisa ke buka
1;kenapa sih di refund mulu padahal kursi masih kosong? beli fulll ga ada discount tapi di refund mulu. udah refundnya lama. tolong perbaiki dong developer team.
1;pemesenan selalu di gagalkan, padahal saya sudah memesannya terlebih dahulu, buat apa ada tix id kalau pembelian selalu digagalkan, sedikit cerita
1;Aplikasi tidak berguna, kalau pesan harus jauh2 hari tidak bisa on the spot. Hari ini saya udah pesen tiket jam 11.30 untuk jam tayang 13.15 + pembayaran berhasil tp nunggu tiketnya lama banget ketika saya confirm ke counter kursi yg saya pesan sudah terisi orang lain. Bersamaan dengan saya ada konsumen yg mengalami hal yg sama dg saya, justru dia smp film udah tayang baru dapat konfirmasi kalau kursi udh terisi orang lain. Masak kita udah bayar lebih per tiketnya tp pelayanannya kyk gini?
1;2x pesan tiket. setelah melakukan pembayaran, menunggu kursi. lamaaaaaaaa sampai akhirnya di refund dan mesan lagi dan terus begitu. sampai akhirnya saya malas untuk menggunakan aplikasi ini. krn pemberitahuan transaksi berhasilnya membutuhkan waktu yg terlalu lama.
2;Dear tixx id, knp susah sekali untuk booking tiket, pdhl sy pilih harga normal,, sy sudah isi saldo tp susah untuk booking!!!! Setiap pesan dana selalu dikembalikan
1;susah nya mendapatkan tiket alasan kursi penuh padahal sy booking langung bayar. dan refund nya sekitar satu jam sejak bayar baru ada notif, terpaksa membeli ulang tiket nya , itu pun biaya layanan 3rb tidak di refund.
1;Hari ini saya membeli tiket untuk jam 11.45. Sudah berhasil pembayaran dan tinggal nunggu barcodenya saja. tapi untuk menunggunya sangat lama. jadi tiketnya batal/direfound. sampai sekarang saya mencoba tetap refound terus. mohon diperbaiki!!
1;customer seevice nya parah bener...di hubungi tidak mao memjawab....mengecewakan....saya sudah beli tiket...saldo pun sudah terpotong...tp kode booking nya blm di kirim...apakah aplikasi ini penipuan...
3;Aplikasi ini sangat membantu dan mempermudah. Tqpi saya kurang puas, karena saya sudah pesen tiket dan direfund. dan setelah saya pesen lagi pun prosesnya masih lama, padahal film yg saya pilih sudah ingin tayang. Mohon di percepat proses konfirmasi tiket, biar tidak terlalu lama dan akhirnya tidak dapat tiketnya. terimakasih.
1;sangat mengecewakan hari ini jam 10 pagi saya beli tiket utk hari kamis mendatang dan uda berhasil pembayaran tp setelah hampir 1 jam di batalkan gt aja.
1;aplikasi tak berbobot....hanya menyusahkan saja....udah beli tiket melalui TiX tetapi dalam proses menunggu kursi hingga 4 jam,, udah di email pihak TIX malah suruh nunggu dan sudah beberapa kali d email jga, dan akhirnya tiket pun sukses setelah jam nonton selesai, aplikasi ini sangat merugikan saya...gue unistal aja
1;kenapa akhir akhir ini pesan tiket lama banget yahh? ujung ujung nya di refund. terus pas mau pesan ulang, ehh udah ke isi seat nya. lama kelamaan saya pindah aplikasi lain kalau gini terus
3;Kadang lama loadingnya pas udah selesai transaksi, biasanya pas transaksi weekend. Semoga lebih ditingkatkan lagi sistemnya biar ngga lama loadingnya & langsung keluar QR code pembeliannya.
4;kenapa yah tiap saya buka aplikasinya suruh perbaharui aplikasi terus, padahal setelah diperbaharui ga ada bedanya tampilan aplikasinya..
1;hari ini saya pesan 2 tiket dan selalu gagal..percobaan terakhir saya pesan lagi 1x namun pemberitahuan nya hanya memproses saja..sy pesan tiket pukul 13.00 utk penayangan pukul 14.30 & smp jam tayang datang ket. di aplikasi masih memproses..sampai pd akhirnya pukul 14.46 baru ada konfirmasi bahwa tiket berhasil & saldo saya kepotong Rp. 66.000. Bagaimana bisa sy pesan tiket utk penayangan pkl 14.30 dan bru dikomfirmasi pkl 14.46 & saldo sy terpotong ??? sy harap saldo sy bisa di refund kembali !
1;Sangat kecewa.. Saya udah pesan ,Tpi proses kursi terus.. Krena lama terpaksa,sya beli lagi di bioskop. bangsat. Sudah stngah jam mulai,Baru kluar kode ny cetak tiket.. Mau untung aj ini dev anjingg. Kesel bnget gua, Pihak bioskop gak mau tanggung jawab lagi... Yaudah saya ikhlasin aja..Smoga dapat balasan ny..krena udh mmbuat rugi saya ,mngkin yg lain juga ada yg sama
1;"hari ini saya membeli tiket jam sekitar jam 10 jadwal nonton saya jam 12, tiketnya gak dapat padahal udh mencoba kontak ke IG, gmail dan via tlfn"".. jadi saya membeli tiket di outlet 21 secara langsung, ehh sehabis nonton tiketnya di tix.id baru selesai prosesnya.. kapok pakai tix lagi. tolong refund uang saya."
1;Pesen jam 10 untuk nonton jam 12 siang, tp pas udah di bioskop tiket blm berhasil masih memeriksa kursi padahal film udah mau tayang, udah chat ig email dan telepon cs nya tp gk dibls dan gk diangkat.. Sampai jam stgh 3 sore tiketnya baru berhasil pdhl udah beli offline, jd tolong balikin saldo dana saya..
1;parah... pesen tiket sekeluarga (4 tiket) 5 jam sebelum pertunjukan tapi sampai pertunjukan mau di mulai belum juga ada konfirmasi kursi. kami sekeluarga terlantar di bioskop nunggu kepastian yg ndak jelas. padahal pembayaran udah berhasil. yang lebih parahnya lagi, pesanan tersebut baru berhasil setelah kita beli tiket baru dan sudah nonton didalam bioskop (pertunjukan sudah jalan, kursi baru dikonfirmasi) Parah banget.... sama saja bayar 8 tiket untuk 4 orang.
1;diubah dari 5 sampai 1.. karna gk bisa mengontrol kondisi di high traffic pemesanan.. mesen duluan bangku kosong, nunggu lama akhirnya refund uang, gk jadi nonton sama keluarga akhirnya dibatalkan semua karna ada yg refund tempat duduknya di isi org lain.. perbaiki lagi kecepatan untuk masalah ini..agar semua konsumen tidak gelisah untuk nonton bersama kerabat dekatnya
1;payah,,pembayan sudah ok,dana sudah terpotong nunggu tiket nya lama,tlp customer service ampe 3 jam ga ada yg bisa bantu jawab,,ampe pulsa abis ga ada jawaban,,ngapain bikin aplikasi kalw cm bikin ribet orng,,kalw bs ga ksh bintang ga akan oernah kasih bintang
1;pesan tiket dari jam 10.15 WIB sampai pukul 13.30 WIB kode booking nya ga keluar keterangannya masih menyiapkan kursi padahal film tayang jam 12.45 WIB, pas di jalan pulang liat lagi kode booking baru keluar itu jam 13.35 WIB parah bgt tix id bikin kecewa...nnton ga jadi, saldo dipotong juga, PARAH terus ini tiket buat apa??? film udh selesai... BALIKIN SALDO SAYA
1;pesan tiket dari jam 10.15 WIB sampai skrg kode booking nya ga keluar keterangannya masih menyiapkan kursi padahal film tayang jam 12.45 WIB, parah bgt tix id bikin kecewa...nnton ga jadi, saldo dipotong juga, PARAH kecewa parah..
1;Jangan suka nge cancel tiba2 dong,orang kan booking nya udah dri 2 jam lalu dan pas sampai bioskopnya belum dapet kode booking,masih proses terus kalau emang udah tau kursi penuh gausah loading nunggu nyari kursi harusnya pas orang udh booking dan bayar transaksi lunas detik itu juga dapet kode booking buat print di m-tix jangan pake proses lama 2 jam setelah film baru mo mulai baru dikirim kode nya sumpah ya server nya terlalu lama untuk verifikasi kursi nya
1;saya tarik kembali ulasan saya!!! aplikasi super parah! masa ga dapat dapat kode booking dari tadi. sudah 1/2 jam ga muncul muncul kose booking!!!!? dari tadi memerika kursi terus !!!!!!!!?!!!percuma dikasih no 1500849. no bohongan!!!!!! TIDAK BISA DITELPON!!!!!! langsung putus!!!!!!!!!!!! ini niat jual tiket apa ga?!!!!!!!!!!!!! kalau sampai gagal transaksi saya mau REFUND uang saya.
1;lama respon pemilihan kursi tunggu lama2 tiba2 muncul refund pilih kursi yang lain tunggu lagi lama banget tiba2 muncul refund lagi kalau responnya lama gitu lama2 gadapat tiketnya dong mending beli langsung d bioskop kalau apknya gini terus
1;"Pesanan tiket saya ngak dapat diproses sampai melewati jadwal film yang di pesan padahal saldo ny ud di kurangin ny, lalu dihubungi costumer berkali"" ny ngak respon."
1;Setiap weekend atau setiap kali ada tiket promo pasti aplikasinya selalu bermasalah. ini bukan pertama kalinya kejadian seperti ini. sepertinya tidak ada pembenahan dari vendor. 3 kali pemesanan, semuanya di refund. mana mesti nunggu satu jam per transaksi untuk kejelasan tiketnya. jika berhasil sih enak, ini gagal. tolong dong vendornya lebih memperhatikan aplikasinya yg sering banget error ini dikala weekend atau ada tiket promo
1;saya barusan pesan film spiderman,gara2 promo 20 ribu...jadi hilang kursi favorit saya... ini aplikasi sebenarnya niat kasih promo atau tidak.... tolong sistemnya di bagusin lagi
5;aplikasi ini membantu sekali . tapi kendala nya kdang suka sudah beli tiket tp menunggu kursi dan itu prosess nya lama . jdi was was
3;oke si aplikasinya, cuma kalo kita mau pesan tiket terus ngecek kursinya lama sekali... tolong di perbaiki
1;Biaya layanan nya mahal, tapi aplikasinya tidak realtime... masa ada jeda lama untuk konfirmasi pembelian berhasil (menungu konfirmasi seat)... Kan bego kalau ada customer banyak di waktu yang sama...
5;MANTUL!!! Dulu tiap ada film yang BOOM baru bisa nonton karena selalu keabisan tiket. Tapi setelah menginstal aplikasi ini, hidup saya berubah. makan lewat mulut, minum di telen. nafas dihirup dan hembus. wah pokonya menyenangkan. Terimakasih TIX ID
3;"sebenarnya aplikasi yang bagus. tapi saya sering mengalami ""tiket sedang diproses"" nungguin sampe setengah jam tapi gak muncul2 jg. bahkan sering dibatalin. tolong diperbaiki. kalau memang kursi sudah dipesan sama yang lain, yaudah batalin yang cepet. jgn lelet. kesel bgt."
5;simple praktis gak perlu antri, cuma tgl besok dan lusanya gak bs order kecuali film box office.
5;penggunaannya mudah dan simple. dan untuk yang suka ga kebagian tiket pas nonton langsung download ajà , owkieyy. rekomendasi banget dan bayar pun buat yang belum punya atm atau kartu debit biaa bayar lewat minimarket terdekat . . . jangan pernah mengecewakan ya sukses terus tix id 👍🏻👍🏻👍🏻
5;Tix id pembayaranya lebih mudah dibanding aplikasi sahabatnya yaitu mtix. Terutama bagi saya pengguna debit online, sangat terbantu. Selain itu antar muka yang tidak begitu rumit. Semoga TIX ID atau bioskop Cinema21 terus ditingkatkan kualitasnya.
1;kecewa saya. pas mau pesan selalu refund. pembookingan kursinya kalah cepat dengan aplikasi lain.. alhasil saya ngga jadi nonton..
3;aplikasi ini membantu saya dgn tidak perlu repot untuk antri² beli tiket. namun kenapa sekarang saya tidak bisa nge-booking tiket presale , atau ngebooking tiket untuk jadwal di hari lain, padahal dulu bisa. masa saya harus booking tiket di hari itu juga saya nonton.
1;Setelah UPDATE VERSI malah makin LEMOT. Setiap LOGIN CEK SALDO / TOP UP DANA harus VERIFIKASI no.hp selow respon parah, dan kadang Tidak ada respon. Sangat MENGECEWAKAN.
5;sangat-sangat menghemat waktu, tenaga dan praktis... Diharapkan fiturnya ditambahkan lagi untuk kedepannya.
5;Aplikasinya bagus, diskon yang diberikan pun menarik. Namun sering terjadi kendala dalam pengecekan kursi yang membutuhkan waktu yang cukup lama. Mohon untuk ditingkatkan
5;nonton bioskop ga perlu ngantri tiket lagi.. rekomended banget deh.. udah gitu ada beberapa promo yang buat tiket jadi lebih murah.. i love it..
5;cepat mendapatkan upgrade film film terbaru dan lokasi bioskop serta memudahkan pembayaran tanpa hrs mengantri lg.
1;saya kasih bintang satu. hari ini saya membeli tiket untuk film annabel di artha gading xxi dan sheet saya itu di h4 menggunakan saldo dana. ternyata pesanan saya dibatalkan padahal waktu saya mem-booking sheet tsb sheet tsb memang kosong. Kalau memang sudah terbooking dengan kata lain saya kurang cepat membooking, seharusnya saldo dana saya tidak jadi di potong dong. dan kalau memang terpotong dan bangku saya sudah terbooking, seharusnya ada email pemberitahuan kepada saya bahwa transk. gagal.
3;mau tanya dong om tix...klo sdh psen tiket itu kira2 waktu y dibatasi brp jam? supaya gak kena refund atau pengembalian dana krn kehabisan waktu utk scan barcode
1;kenapa ga bisa login di tix id ?mau ganti password karena lupa password yg lama asal dicoba ganti password muncul terjadi kesalahan?
1;Makin kesini makin jelek, apalagi pas lagi ad voucher diskon kalo ga app-nya jd lelet, ya status pemesanan kursi ga real live dan lamaaaaaaaaaa pake banget...bisa gagal dan di refund sampe 3x gw, dan beli ke 4 baru sukses... parah!!! jadi itil.id aja drpd tix.id
2;Dulu kalau beli tiket cepat, skrg kalau beli lama.. pake proses segala, padahal kursi kosong dan udah transaksi, juga prosesnya ga sebentar alias lama, dan ujung2nya dana di refund krna kursi sdh ada yg pesan.. halo.. kan udah pesan duluan kenapa malah dijual ke yg lain?
5;sangat membantu banget.... tidak perlu ngantri,.. tapi kadang kadang kenapa pesan tiket tuk hari yang akan datamg. kadang tidak ada menu nya lagi ya
2;uda adm naikk loading untk dpt kursi pun lama!! dan paling gk suka uda nggu lama gk dapat kursi dgn alasan kursi sudah d psan. nah saya nggu 30menit woy . d prbaiki deh bagus yg awal. makin kdpn gk tmbah baik makin jlk
3;bagus, tapi sekarang kenapa pembayaran lewat bank BRI tidak di berlakukan yaa. dulu enak bisa top up pake bank BRI sekarang kenapa gk bisa.. sedang dalam perbaikan tapi kok lama yaa... jadi jarang top up sekarang. mohon koreksi nya..
4;Beli tiket bioskop tanpa perlu repot datang lebih awal ke bioskop... dapet diskon 50% klo hari selasa... sayang, mulai promo jam 10.00 n quota 10.20 udh abis... janjian beli bareng2 ada yg kebagian ada yg ga... but over all, saya suka dan terbantu dg aplikasi ini...Thx TiX ID, bikin hidup jdi lebih mudah...
2;parah sih ini, kenapa point royal tix saya tidak pernah bertambah padahal saya pelanggan setia tix id, setiap setelah melakukan transaksi point saya tetap 1rb dan itu point pada saat saya registrasi saja, mohon bantuannya agar akun saya tetap bisa mendapatkan benefit royal tix
5;aplikasi ini sangat membantu saya untuk booking tiket bioskop dengan lokasi bioskop yang lengkap, cara daftar nya juga mudah. terutama bagi saya karena saya selalu berombongan bersama keluarga jika ingin nonton di bioskop. (o‿∩)
5;Saya suka dengan UI dari TIX ID, ditambah TIX ID suka memberikan promo. Tapi saya tidak yakin akan menggunakan sesering sekarang jika promonya sudah mulai dikurangi.
5;sukak banget karna sering banget promo diskon 50%, gak perlu ngantri, bisa dateng pas ngaret tempat duduk dapet yg enak, topupnya gampang (pake debit minimal 10rb, kirim kiriman dana minimal 10rb, topup dana alfamart/dandan minimal 50rb). sebelum ada tix id aku jarang banget mau nonton bioskop, eh sejak ada tix id jadi sering nonton bioskop hahahaa
4;"So far so good.. Worth it lah sama promo"" dan potongan yang ditawarkan, apalagi klo paymentnya lewat dana. Tapi entah perasaanku aja nih atau emang sekarang kalau beli tiket, promo yang ada udah gak bsa dgabungin lagi sma voucher potongan harga yang didapat dari dana? karena perasaan dulu bisa, tapi setelah update baru, malah gk bsa dgabung""in. kasian kan klo vouchernya kadaluarsa.. kesannya tix id semakin besar, semakin pelit. Sma klo bsa, film yg coming soon, disertain jadwal tayangnya dong."
5;aplikasi tiket dan info film paling keren, banyak diskon dan promosinya juga, lebih bagus daripada aplikasi tiket dan info film lainnya
3;saya suka memang membeli ticket di tix. tpi knpa kok setiap saya mngdundang teman menggunakan refrensi saya, tidak dapat point yang di janjikan oleh tix. mohon solusinya
5;awal nya gw pakai yg Mtix, tapi ternyata Tix Id lebih banyak untungnya, banyak promo potongan nya. top up minimal hanya 10 rb, malah bisa disesuaikan dg budget nonton. please tetep pertahanin promo2 potongan tiket nya ya, amat sangan berguna 👍
4;suka dengan diskon dan promo promonya, sering seringin adain diskon & promo lah yaa... biar yg punya duit pas pasan masih bisa nonton film di bioskop. hehe😁
5;saya suka karena membantu mempermudah mendapatkan tiket tanpa antri namun ada hal yang kurang pas yaitu biaya admin seharusnya tidak di hitung dr jumlah tiket tp 1x kena di hitung dr nomor hp.
5;bagus sih ada aplikasi kayak gini jadi gk usah cape kalau mau beli tiket ,tinggal tisuran trus pergi ke bioskop buat cetak tiket dan udah deh ,santaiiii
5;kalo bisa jangan di stop pemesanan tiketnya walaupun jam tayangnya sudah dimulai. maksudnya. Saat jam tayang 21.40 saya tetap bisa melakukan transaksi 5 menit sebelum atau saat waktu yg sama atau 5 menit setelah bahkan.
5;Aplikasi tidak jelas.. Isi saldo bisa giliran Beli tiket tidak bisa... 
Nyesal deh; pasti mau alasan trafik di TIX ID tinggi... Apa bukan penipuan 
nih? Beli tiket ngak bisa tapi giliran mau top up lancarnya minta ampun ;
loading ngak sampai 5 detik tapi giliran beli tiket loadingnya sampai 3 ;
jam;" mohon ditambahkan tombol buat penarikan dana deh kl seperti ini..."""
5;Lebih mudah untuk bioskop2 ternama, namun untuk bioskop kecil dan belum ternama kurang, misal seperti New Star Cinaplex. yang jangkauannya per kabupaten2 kecil.
5;aplikasi yg simple, bagus dan sangat berfaedah.. jadi gaperlu lg antri tiket dibioskop.. bisa pilih bangku mana aja 🙂 semoga untuk kedepannya promonya jgn dihilangin ya.. kembangkan terus ya aplikasinya.. good job TIX ID 😉
2;pernah beberapa kali di refund terus,katanya kursi nya udah ga ada lagi. tapi pas udah sukses beli tiket lain,tiket awal itu kursinya ada lg
2;ketika proses tempat duduk tolong dipercepat atau diperbaiki agar tidak membuang-buang waktu saya.. pengalaman tadi menunggu lama ternyata dikembalikan dan harus cari tmpat duduk yang kurang sesuai keinginan
4;saya sangat senang dgn aplikasi tix ini, karena terdapat banyak promo yg menarik untuk memesan tiket!!! dan yg terutama bebas antri loo!!
1;Jangan gila dong . Uda jauh jauh datang ke xx1 . Sampe sana tiket belum masuk . Dan setelah film sudah mulai tiket baru di refund . Tekor buat ongkos jauh jauh . Sumpah kecewa sama pelayanan tix.id.  Bukan masalah uangnya . Ini  refund ko film sudah mulai . Nonton engga kecewa iya
1;kecewa proses loading tilet sejak update lbh lama lbh dr 15 menit, sblm ny masih oke nunggu lama msh dapat tiket, eh td pesan tiket dr rmh masih loading jg kirain bakal sukses , taunya gagal kursi sudah terjual , klu tiket g pasti dapat kyk gitu meski dana d balikin biaya adm 3rb kemarn, beli d sini kyk beli ama calo blm pasti dapat tiketnya, tergantung antrian,barusan beli 2x gagal udh ngabisin wkt, pengen liat tanggapan adminya dtanggapi atw g ,yg komen muji d komen yg komplen d komen jg gak
1;mohon kalau memberikan promo khususnya pelanggan tix harusnya lebih di prioritaskan. kalau alesannya karna traffic penuh, untuk apa dilakukan pembaruan apk? malah semakin buruk. dulu suka ya pesen disini karna banyak promo dan cepet. makin kesini pesen tiket pemrosesannya lama, refund terus dengan alesan kursi tidak tersedia. waktu dicoba lagi, kursi yg saya pesan tadi(yg sdh ter refund) ternyata masih kosong. padahal pemesanan saya lakukan lebih dr 1jam sblmnya.
3;proses kursinya lambat ya,harusnya bisa lebih cepet sinkronisasi antara tix id dgn bioskopnya,udah nunggu lebih dari 30 menit buat konfirmasi kursinya.
1;10 kali kena refund terus. di cek padahal tiketnya belum laku padahal. kalian niat bisnis ga??! ga perlu aku promo2 otomatis. gara2 promomu jadi refund terus. saldoku jadi sia2 gabisa dipake. udah nunggu lama. refund pula, di cek tiketnya ga laku2 sebenarnya. maumu apa?? !!!!!
5;Buat pengguna baru yang mau dapat potongan 25rb bisa pakai kode vocher undangan ini yaa EMXHLD. Kalau sulit untuk dimasukkan kalian bisa salin dulu di note lalu copy paste. Thx.
5;emng mantul TIX ID, skrng gk perlu antri lama lagi. tinggal klik langsung pesen deh. terima kasih TIX ID
1;Parah katanya mengundang teman dapat point 5000 ini sudah yang ke-5 kali saya tidak mendapatkan apa apa, solusinya bagaimana saya sebagai pengguna lama aplikasi tix id cukup kecewa, masih mendingan versi yang dulu mengundang teman lalu mendapat voucher semakin kesini semakin menurun
5;kenapa mau top up ke bri udh ga bs lg.!!! dri bank lain kenak cas 5rb, blm lg mau nonton kenak biaya admin lg,, huffttt.. tolong dong bs gaa diperbaiki, jd mls buat pesen tiket dsni lg!!!!!
5;sangat membantu apalagi saat ada penayangan film yang penontonnya membludak, dengan Tix Id jadi bisa dapat tiket. sering2 kasih promo ya😁⭐
5;aplikasi ini membantu untuk pemesanan tiket agar lebih cepat dan mudah, tidak perlu antri beli tiket lagi, tinggal pesan lewat tix id, print tiket, nonton deh, nice👌👍
1;pesen tiket digantung. berhasil kaga. gagal kaga. sampe pesen di counter ternyata kursinya kosong belum dibooking. perlu di perbaiki koneksi tix ke xxi. anehnya kalo konfirmasi pembayaran cepet bener...
1;aplikasi ini semakin idiot, update setiap minggu tapi beli tiket sering dikembalikan dan otomatis diskonnya hangus, biasanya langsung bisa dapet nomor referal tiket, tapi sekarang menunggu kursi dulu, semakin laku bukan semakin baik malah semakin mengecewakan
5;sya sebagai pecinta flim makin merasa di untungkan, dengan hadirnya TIX ID pertama di mudahkan, dan murah karena sering ada promo dari DANA, jaman skrang memang sangat keren, coba aja TIX ID sdh hadir dari 9 tahun yg lalu
5;Thank youuu TIX ID. Karenamu kami bisa memesan tiket nonton dimanapun kami berada tanpa antri dan bisa memilih seat favorit. Bagi pengguna baru masukkan kode TSNAIY saat mendaftar pada kolom kode referal supaya mendapat potongan sebesar 25.000. [Kode: TSNAIY]
4;nggak terlalu suka sama kena cash tiap tiketnya. tapi lumayan buat nyari2 bioskop. soalnya lewat gotix juga bioskopnya nggak terlalu lengkap. Kalau ada yang baru download silakan pakai kode undangan SIHYMS biar dapat point baru yaa
5;Terima kasih tix id berkat aplikasi ini saya jadi lebih mudah untuk menonton bioskop dan ngga perlu lagi tuh yang namanya antri makasih ya dan semoga selalu sering ngadain promo promo:))
5;kok sekarng tix id transaksi tiketnya jadi lama? biasanya kalo beli tiket baru 2 atau 3 menit, transaksinya langsung berhasil, tapi sejak maret nunggu transaksinya berjasil lama banget
1;Nyebelin nih sekarang, masa sekarang kalau mau pesen harus tunggu sms kode OTP, mending kalau langsung dapat kodenya. ini udh berkali kali meminta kode OTP nya gk dapet dapet jadi males gue pesen di tix lagi.
1;Emosi aku, transaksi pembayaran berhasil, Tapi tiket gagal, proses gagalnya sangat lama, makan waktu hanpir 30 menit!
2;kenapa klo beli tiket yg pake promo diskon sering gagal dan di refund? setelah itu d cek promo ny hilang??? klo mmg gk bsa d beli pas ada promo. mending gk usah buat promonya
4;knp yang by 1 get 1 ga pernah ada lagi padah sih lumayan banget buat anak2 muda yang mau nonton, kalo bisa sih di adain lagi soalnya udah apada tau juga cara pakenya ke gimana
1;Udah 2 kali mesen di tix id mengecewakan banget, bukannnya memberikan kemudahan malah jadi nyusahin. Kalo misalkan gak bisa dipesen bangkunya yaa di itemin biar gak bisa dipilih, jangan tiba2 refund seenak jidat aja.
4;Update perhari tiap jam berapa sebenarnya? Kenapa loadingnya lama banget ya padahal tempat saya wifinya full.
1;kecewa berat.. kualitas sudah menurun, terlalu sering REFUND! proses pembelian tiket memakan waktu yang SANGAT lama.. perbaiki ..
1;sangat buruk. walau promo tapi selalu refound. kalau gitu gak usah promo aja. JIJIK LIHATNYA apa lagi loading buat beli tiket lama. kerja lelet. sangat lelet. JASA TERBURUK yg pernah aku dapat. lebih buruk dari MTIX
1;aplikasi geblek,udah pesan tiket,prosesnya lama benget,sampai jam tayang udah mulai,tolong aplikasinya di benerin,aplikasi setan,🖕...terpaksa beli tiket manual,aplikasi gak guna.
4;promonya cuma sekali. tapi untuk top up tidak ada admin. untuk tambahan admin saat pesan tiket, tolong dikurangi dibawah 3ribu dunk, ganti per transaksi lebih oke
4;aplikasinya sangat bagus dan membantu banget untuk memesan tiket tanpa harus antri, cuman saya kurangi 1 bintang karena ketika saya booking 1-2 kursi, dan prosesnya sudah dibayar lalu sudah keluar QR code nya itu brarti sudah resmi kursi tersebut di booking. tapi kenapa waktu hampir 5-7 menit waktu di cek di hape lain, kursi itu masih available? seharusnya kan sudah di booking. semoga tix id lebih memperhatikan hal yang seperti itu yaa dan diperbaiki lagi!
5;Keren bgd ada aplikasi ini..Jd memudahkan kita utk bebas antri nonton film. Apalgi kalo pake kode DECFTJ saat install, dijamin bakalan dapet voucher gratis senilai 25.000 utk nonton. Dicoba aja yuk, jgn lupa pake kode DECFTJ saat daftar
4;UX nya nyaman, navigasi bagus tampilannya oke, ditingkatkan lagi ya, o yah, harusnya ada banyak PROMO
1;maaf sblmnya. for the first time pake app ini, tidak memuaskan samsek. aku pesen tiket tidak bisa dan auto refund. awalnya tidak tau, tp ternyata pas sampe d mall, ga masuk bookingan saya :). akhirnya terpaksa pake cash percuma sudah ngisi saldo :))
5;kalo bisa jangan ada biaya tambahan lagi dong yaa. biar ga kalah sama sebelah kalo beli tiket di apllikasinya ga dapet tambahan harga lagi.
5;sangat membantu sekali apa lagi ada promo2 menarik untuk nonton dengan biaya lebih murah dibanding aplikasi tetangga, thank you tix.id
4;mantap aplikasinya, tapi kurangnya cuma tbtb jadwal dimundurin secara sepihak sama si tix.id ini. but overall appsnya keren abis. segampang itu.
4;lebih mudah dan banyak promo, tolong di tambah fitur ganti nomor untuk dananya yang di tix id soalnya kalo nanti kartunya sudah habis masa berlakunya ribet juga buat mindahin saldo yang tersisa di dana nya
3;TIAP BULAN KOK UPDATE SIHH .... TAPI Lumayan buat mantau film apa aja yg mau tayang .... . Tapi saya gak pernah pesen tiket di tix id .. Karena pembayaran tidak bisa melalui indomaret ...
5;awalnya install tix id cuma karna males antri tiket buat nonton endgame. tapi lama lama ketagihan karna banyak promo menarik karna kolabs dg dana dan bisa baca baca berita soal film film yg sedang tayang/coming soon. nonton jadi lebih gampang, sangat bermanfaat. terima kasih tix id
1;mengecewakan sekali ini aplikasi mau register aja lama sekali lelet respon parah ni operator ny kurang makan,di aplikasi manapun kalo mau verifikasi no telp itu gak ada yang sampe 5jam
5;suka banaget pake aplikasi ini mudah dan gampang. Jadi ngga perlu lagi repot - repot ngantri di loket bioskop... THANKS y...💕
5;Alhamdulillah, setelah beberapa bulan mencoba menggunakan aplikasi ini, sungguh memudahkan kita mulai dari notifikasi di HP, proses pembelian tiket, sampai promo2nya juga lumayan. Semoga bisa ada peningkatan layanan yang lebih innovatif kedepannya.
3;aplikasinya bagus. kalo mau beli tiket gaperlu ngantri. tapi yang bikin sebel itu tiap saat aplikasinya harus diperbarui. saya harus hapusin aplikasi2. tolong dong, kurangin perbaruinya bisa??
5;Aplikasi penyelamat nonton bioskop. ga pake antri. topupnya mudah gampang banget. banyak promonya lagi. maju terus tix id
5;Terima Kasih TIX ID telah menjadi vendor pemesanan tiket bioskop online, Kita tidak perlu antre tiket bisa dilakukan di rumah. Ayo Pengguna baru masukkan kode QUSBRU saat mendaftar dikolom refeal ya dan mendapatkan voucher 25.000 untuk potongannya. Terima kasih
5;Pilihan ok buat yg hobby nonton. ngga perlu repot nyari bioskop dgn tiket yg masih tersedia. Milih kursi dan waktu yg lowong sesuai dgn kegiatan juga mudah.
5;Mantap,, aplikasi bejalan lancar,, pembayaran nya juga gampang.. Tapi mungkin agak sedikit membingungkan bagi yang belum punya Dana karna harus punya dulu..
4;Makin Di update Tix ID makin parah, pas dulu film barat trailer ad terjemahan nya sekarang malah tidak ada. Dan film indo sinopsis ada yang inggris kasian yang tidak mengerti bahasa inggris. Cukup segini aja saran saya. Saya kasih bintang 4 dulu kalo udah bener saya kasih bintang 5
3;bagus cuma sebenarnya kebijakan Tix Idnya saja yg sedikit rancu ketika diperhadapkan dgn iklan yg muncul. Promo dan segala bentuk informasi yg disampaikan terkesan menarik namun dibalik itu, terdapat kebijakan yg sejatinya bertentangan dgn dalih dalam promo. Semoga dijadikan bahan pertimbangan sebelum akhirnya dituntut. Tq
5;aplikasi ini sangat membantu sekali, terutama bagi para pencinta bioskop XXI di seluruh Indonesia. Yang mana aplikasi ini membuat pencinta biokop tak perlu lagi membuang waktunya untuk antri di bioskop untuk mendapatkan tiket yang diinginkan. dengan aplikasi ini juga, para pencinta bioskop dimudahkan untuk mengetahui informasi film-film apa saja yang akan keluar dan jadwal tayang film yang diinginkan. Pada prinsipnya aplikasi ini membuat waktu dari para pencinta bioskop efisien.
3;Sebenarnya saya sangat senang telah menggunakan tixid ini..karena bisa cek jadwal film dan melakukan pesanan tiket langsung,sangat membantu sekali. Namun untuk dikoreksi kembali soal harga total pembelian,kenapa harga memakai tiix lebih mahal dari pada pemesanan secara langsung, bs dikoreksi jika saya salah,sebaiknya jika telah ada kerjasama ada baiknya harga disamakan saja dengan harga pembelian secara langsung..atau jika memungkinkan lebih murah lagi harga tiketnya dari harga biasa..
1;pertama aplikasi ini sangat mantap sekarang setelah update malah tidak bisa pesan tiket di tanggal yg kita inginkan. Percuma donk punya aplikasi tix id
5;Keren bgd ada aplikasi ini.. Jd memudahkan kita utk bebas antri nonton film. Apalagi kalo pake kode XYKIIO saat install, dijamin bakalan dapet voucher gratis senilai 25.000 utk nonton. Dicoba aja yuk, jgn lupa pake kode XYKIIO saat daftar
5;itu sangat bagus sekali untuk saya jadi saya nggak usah ke mana-mana Ngelihat dia nggak usah ke sana tinggal di situ jadi saya lihat di tinggal di situ Oke deh mantul mantap betul mantap betul
4;Interface sangat nyaman, mudah diakses dan dipahami, metode pembayaran beragam. Promo sangat variatif dan menarik. Kekurangan hanya saat banyak transaksi secara bersamaan maka server down sehingga banyak pemesanan tiket yang error. Mohon perbaikannya. Terima kasih
2;Sebenernya ini aplikasi bagus banget. Membantu buat gw yg males ngantri beli tiket nonton. Tp hampir setiap gw buka pasti ada pembaruan. Klo ga diperbarui ga bisa dibuka. Kan kesel:(
5;sejauh ini pakai aplikasi ini very good . sangat membantu saya yg punya baby karna ga perlu antri lama² dtg pas jam tayang film nya karna semua serba mudah di tix id cuma udah jarang bgd skrg promo nya sayang sekali . hihiihi . tq tix id 😁😁
5;mudah dipakai, tapi biaya admin lumayan tinggi sampe 3rb per tiket. enaknya ada gratisan tiket nntn bila sdh nengumpulkan poin tertentu..
5;bagus, aplikasi sangat membantu..kalau bisa tambah lagi di deskripsi film nya biar ada gambaran yg jelas alur nya.. tp sejauh ini cukup puas dengan tix id. trims
5;sukaaa beli tiket online di tix.id, tanpa antri, bs pilih tempat duduk, minimal top up cm 10.000, jd ga' sayang kebuang sisa top up nya, and sering banyak promo, sayang promo BOGO dh ga' ada lagi, biaya adminnya jgn naik lagi ya...
1;baru kali ini beli tiket nonton di tix id jam tayang gak ada. parah tix.id proses refundnya jg susah banget. sudah tunggu seminggu, dana blm jg diterima. diemail gak dibales. ditelpon terus jg percuma, dana gak balik. pasti bilangnya lg diurus tim terkait kami. ya sdh pasrah deh. lg apes tiket dak dpt duit ilang.
1;Tidak ada peningkatan fitur seiring dengan seringnya update aplikasi, semakin sulitnya mendapatkan tiket dimana seringnya terjadi REFUND dengan alasan yang TIDAK JELAS! Banyak syarat dan ketentuan yang MEMBERATKAN CUSTOMER.
1;saya membeli dan membayar tiket untuk nonton proses sudah berhasil dan menungu, saya telp ke call center 1500849 ga di respon sampe pulsa saya habis sama kaya beli 3 tikettt..kecewaaa. tolong ditingkatkan
3;next dari b1 ke b3 karna msh kurang puas dalam hal pelayanan mohon di kembangkan kembali dari segi fitur simulasi pemilihan tempat duduk yang sangat sulit di tentukan jika memperkecil ukuran gambar
1;Maaf yah 1 bintang. Karena ada film yg tidak bisa dipesan di hari berikutnya, hanya bisa pada hari itu saja. Tekunci untuk hari2 berikutnya. Apa gunanya aplikasi ini kalau bgt, lebih baik beli tiket langsung di bioskop. Kalau dibilang tidak antri bohong. Mau cetak tiket yg sudah dibeli antri kok. Sama aja kan?
5;aplikasi bagus memudahkan mau pesan tijet dan tempat duduk.anti ribet2 klub. tapi sebaiknya jangan sering update.
1;tolong di Klarifikasi TIX ID, kenapa harga tiket pembeli an di sini lebih mahal dari pada kita beli sendiri ke bioskop , seperti saya chek di aplikasi harga tiket (60ribu +3ribu untuk tax) untuk hari ini, dan saya chek untuk membeli langsung harga nya 50Ribu,( itu beda 10ribu), ini terlalu merugikan bagi pelanggan ..., udh lebih malah 10Ribu dan di kenakan Tax 3Ribu. ini saya chek di Bioskop di Denpasar
2;semenjak pembaruan jadi kesulitan pesan tiket. 2x pesan tiket di refund semua, padahal udah coba pesen di 2 cinema berbeda 🤦🏽‍♂️ kadang bingung, yang trobel sistem e-ticketing nya apa hp gue ya..
1;Kurang menarik dan diskon yang diberikan harga nya sudah dinaikkan terlebih dahulu dari harga tiket bioskop/cinema. contoh: cinemaxx1 godzilla II. hrga 25rb di CinemaXXI mal krwang, klo di tix jadi 33rb (naik 5rb plus 3rb biaya layanan). mungkin ini keterangan yg saya maksud tidak menarik. Semoga aplikasi ini semakin kasih banyak benefit, bukan diskon yg notabene...
5;keren dapat membantu untuk pembelian online secara otomatis membantu pekerja yg malas klo harus cek film dan harga secara manual.. lebih mempermudah + dapat diskon mantul!
2;membantu bnget dalam pembelian, tpi tolong donk tambahkan opsi pembayaran, jngan hanya menggunakan DANA/kartu kredit saja, karna tidak semua orang pegang kartu kredit, tambahin opsi pembayaran via virtual account, transfer atm atau lewat alfa / indomart, biar mempermudah pembayaran nya. jadi gak ribet. lgi
5;Aplikasi ini sangat berguna buat nonton film tanpa ribet antri. Bisa PO tiket juga loh buat film yg bisa PO. Bukan krn org dalam w bisa beli tiket tanpa antri dan takut kehabisan tiket. Thanks tix id
5;sangat mudah dan efektif tapi saya harap update aplikasinya mohon diminimalisir sebab saya pernah waktu akan scan code di tkp eh aplikasi ini lagi update dan alhasil gabisa dibuka pada saat itu
1;ga jelas, loading lama, coba lagi mulu ampe cape, bikin akun gak jadi jadi, terjadi kesalahan mulu padahal koneksi baik baik aja tolong diperbaiki ya
3;seharusnya kalau mesen pake aplikasi tixid jauh lebih murah , ya walaupun ada promo tapi gada promo 1 get 1 yang ada hanya potongan harga aja , saya si ga kecewa banget , dan biasanya setiap hari Rabu tixid ada promo 1 get 1 , sekarang tidak ada ! KALAU GITU MENDINGAN MESEN OFLINE AJA DI XXI NYA
1;ini kenapa ya udh gabisa buat booking dari jauh jauh hari?? apa harus booking pas hari H nya yaa baru bisa? kan supaya bisa aturr waktunya klo mau nonton pas off.. tolong diperbaiki lagi dong
3;kalau bisa fiturnya di tambahkan jadi bisa pesan beberapa hari sebelumnya..makasih semoga cepat di upgrade jadi lebih baik
2;Dear TIX ID Tolong jangan terlalu sering memperbarui aplikasi terus, baru sebulan yg lalu diperbarui sudah harus diperbarui kembali. Saat saya ingin memakai ternyata tidak bisa dikarenakan harus mengupdate ke versi yg terbaru dulu dan itu memperlambat proses transaksi. Terima Kasih.
2;Dear TIX ID mohon untuk tidak terlalu sering menyuruh pengguna untuk updrage aplikasi. karena tidak ada perubahan yg signifikan ketika sudah di upgrade, malah hmpir tidak ada perubahan mnurut saya. aplikasi ini sudah bagus, lbih bagus lgi apabila tidak terlalu sring upgrade, justru dengan di upgrade mlah makan tmpat penyimpanan yg lbih besar. mohon untuk pihak TIX ID mempertimbangkan kembali untuk tidak mengupgrade aplikasi ini trlalu sering. Terima kasih
5;aplikasi recomended buat yg mau nonton ke biskop👍🏻, masukan dari saya adain event undang temen Get voucer 25k lagi, semenjak ada event itu saya setiap minggu 2x nonton menggunakan tix id, tapi setelah promo itu gaada saya jadi jarang pakai tix id :( itu aja si dari saya. makasih..
1;Dana di potong tapi kode booking ga ada.. gimana seh? suruh isi ini itu liat sistem nya aja.. di tanya knp di blgnya karna lama di pmbayaran,tp saldo di potong.. gimana seh? kalo emg tiketnya di batalin harus ada pemberitahuan apa kek.. kyk kesan nya mo nipu gitu.. baca sistemnya,suruh DANA balikin saldonya,masuk aplikasi DANA jg kyk tai,pin nya di blg salah terus... dulu xlo batal lgs di balikin saldo nya,ini engga.... mo byr THR pegawai,jgn ambil saldo seenaknya dong..bkn gini cara nya...
5;Aplikasi yg sangat membantu saya sebagai orang yg suka nonton film, apalagi film yg sangat saya tunggu.. saya sangat berharap bahwa tix id bisa merefund atau paling tidak, bis membatalkan tiket yg sudah dibeli (tidak usah di refund), sayangnya tidak bisa karena sudah ada kebijakan dari tix id dari dulu.. overall great aplikasi, terus ditingkatkan
1;sebelumnya pake baik2 aja, tp hari ini dateng tiba2 card gabisa di print , katanya dibatalkan tiketnya tp transaksi suksesss... masalahnya bukan uangnya balik gtu, tp effort ke bioskopnyaa, jd ragu mau pake tix lagi. tolong aplikasinya dibetulkan seandainya emang di batalkan info donggg di aplikasi
4;The best Aplikasi.. thank you so much😍😁😘.. bila perlu promo beli satu gratis stu nya sekali2 di adain lagi yaa hee.. biar makin seru nton nya..karna aku slah satu pencinta Filem,Tiap minggu psti nonton filrm2 bru,, hee😁😁
1;transaksi di batalin mulu.. dengan alesan bangku sudah tidak tersedia... tapi setelah di cek lagi bangku masih kosong.... pindah bangkubpun tetep gagal... tix ngepet.. aplikasi cap djemboet
2;tolong dong pihak TIX ID beri kenyamanan ga mesti update melulu. cuman karna bentar2 ganti logo. merugikan kuota,setidaknya kenyamanan pendownload diberi kepuasan!!!
5;Applikasi yang sangat membatu saat mau nonton jadi gak perlu ngantri dan gak perlu takut ke habisan. karna kita bisa pesan sebelumnya.. semoga applikasinya lebih baik lagi
3;saya harap pembayaran tidak lewat dana tapi langsung trnsfer ke rekening tix .karna menggunakan aplikasi pihak ketiga dalam bertransaksi uang itu sangat menggangu sampai ini di perbaiki saya kasi bintang 3
5;membeli tiket lebih mudah dan nyaman,, tidak perlu antri lagi... sangat bermanfaat aplikasi ne sangat membantu... 👍👍
1;tolong jangan kebanyakan update, menuhin memory nambah fiturnya ga banyak. atau diberikan opsi update nanti saja/lain kali jadi aplikasi ttp bisa digunakan
1;Layanan mohon diperbaiki, tolong diberi menu untuk membatalkan pesanan atau ganti tanggal main movienya, saya rugi 500K, aplikasi ini seolah-olah memaksa orang untuk beli, demi kenyaman pengguna.
5;Membantu saya dalam memesan tiket bioskop tanpa harus ngantri, jadi kita ga takut kehabisan tiket pluss banyak diskon di bandingkan beli langsung... Thanks TIX ID semoga kedepannya lebih banyak diskonnya
4;Sebenarnya aplikasinya bagus,tapi yang membuat tidak nyaman harus rutin diupdate.. untuk promo atau diskonnya,oke..
5;Aplikasi yang sangat menyenangkan dan berguna sekali bagi para penghobi nonton. Pemakaian aplikasi jg sangat mudah. Udah usah antri lg deh..utk beli tiket nonton. Mantapp👍
4;app nya bagus... membantu sekali buat beli tiket dan bnyk promonya jg... tapi ada tapinya nih... ko sekarang sering bngt update sih??? 1bln bisa sampe brp kali.. 😤 jd hrs deletin app lain kan krn memori penuh sebel 😣
3;Mo beli tiket promo styp Rabu mesti lemot nya kebangeten ! Udah g lemot giliran promonya yg habis 😑 bikin customer kecewa aja ! Mending gak usah ngadain promo beli 1 gratis 1.. Mohon diperbaiki lagi !! Terimakasih !
4;perlu perbaikan bug. kadang nge-lag saat akan cetak tiket atau nge-lag sekedar buka aplikasi. tapi untung ada sms kode bookingnya.
4;kalo bisa vouchernya jangan otomatis kepake atau jagan otomatis masuk ke daftar pembayaran padahal baru cek harga gitu lhoooo.
5;"Lumayan membantulah, pas sibuk""nya, terus film yg di tunggu"" sudah muncul, bisa langsung pesan lewat aplikasi ini. mantul 👍🤘"
1;"bikin emosi, take tempat duduk nggak bisa"" , saldo cukup, jaringan hp oke, loadingnya berjam"", jadi ketinggalan film yg di tunggu"". mohon lah di perbaiki, di perhatikan."
2;mohon untuk tidak terlalu sering menyuruh pengguna untuk upgrade. aplikasi bagus tapi kalau hampir setiap minggu minta update kan pengguna jadi kesal. mohon untuk dipertimbangkan
5;bagus,mudah. kemarin baru update,terus besoknya update lagi iya sih demi kebaikan wkwkwk RIP my internal storage tapi. semangat !!!!
1;Ini aplikasi kok ngk bisa bantu buat konsumen yang baik, sebenarnya saya mau kasih bintang 5, eh saya ngk usah kasih bintang karena saya sudah boking buat film Aladin tgl 22 Mai di XXI Transmart Padang, sdh keluar bokingan saya, eh ternyata bbrp menit kemudian manajer d XXI sana telp saya untuk pindah bangku dan jam tayang film, mohon bantuannya tix id untuk menindak ketidak puasan saya thd hal ini.
5;aplikasi ini bagus banget jadwal dapat ditentukan kapan saja tanpa antri bayarnya aja langsung makanya semuanya serba gampang banget makanua saya kasih bintang 5
2;saya tidak terlalu suka dgn update yg terlalu sering dilakukan,update ny juga terlalu besar,dan biasanya update ny hanya mengupdate logony kok bisa sebesar ituu updetanny.fitur di dlm ny juga ga ngaruhh.jadi tolong TIX ID kalo ad update jgn maksa org itu biar ngupdate apl ny.kyak kebanyakan apk kalo pas ad update org itu hanya dpt notif mau di update ap ga,kok di apl ini harus bgt di updateny.kalo ga di update apl ny ga bisa di buka.tolong sekali lagi TIX ID pengertianny
4;sering sering kasih promo buy 1 get 1 atau disc 50% yaaa . walaupun sekarang kalau pake tix nnti cetak tiket nya bisa antri bgt melebihi yang pesen di bioskop langsung tp aku tetap suka dgn tix
5;oke. suka deh memudahkan untuk bisa booking tiket. walau unk penggunaan kartu kredit dan debit masih suka kurang support . pdhl berlogo visa😁
3;awal instal hampir 1 th yg lalu selalu ok ini aplikasi. makin kesini semakin lemot dan pembelian tiket terakhir di refund otomati tdk tau knp pdhl kursi lg banyak kosong
4;promo diawal bnyak diskon, dan kode ungngan biasanya dapet voucher. sekarang udh rame yg make malah g ada sama sekali ya... sedikit kecewa.
5;Aplikasinya bagus, banyak promo dan bisa pay dengan atm. Cuman sayangnya kalau promo cepat habis kursinya dan appnya jadi lelet, jd yang tdk mau beli promo pada gabisa buka app nya
5;Suka sekali tolong di tingkat kan lagi lebih baik dan mantapp lahh pokok nya, tolong promo buy 1 get 1 nya diadain lagi agar yang nonton lebih rame lagi
5;keren banget nih aplkTIX ID saya hobby nnton jd lebih gampang untuk pesen tiket tanpa antri .. bisa d lakukan dmn saja kapan saja .. tp sekedar masukan untuk buy 1 get 1 nya di banyakin ko skg udh jarang bgt ... thanks TIX ID
2;awalnya bintang 5. karna senang banyak promo. tapi pas ada kesalahan uang saya terdebet dua kali, padahal transaksi gagal. penanganannya sangat buruk, saya di oper2 sperti bola pingpong. katanya minta Email ke pihak DANA, mnurut DANA email ke Tix ID. Akhirnya stelah sekian lama, uang yg dikembalikan hanya satu kali. trims
2;Kok saya mau pesan tiket selalu gagal, padahal di app pas pertama buka kursi tersedia pas saya sudah mau pesan tiba tiba sudah terisi saya sudah coba di kursi mana pun hasilnya tetap sama, saya minta tolong bantuannya. Terima kasih
3;hampir setiap kali ingin digunakan selalu update. kalo bisa aplikasi jgn memaksa harus di update setiap saat. karna jarak update aplikasinya terlalu singkat. saya bolak balik harus update padahal sering digunakan.
3;min..min.. jgn bentar² uodate dun... memory lama² abis inih... saya jadi gak bisa update karna memory gak cukup. sedangkan apl yg di hp saya semuanya penting. haduw.. saya jadi curhat... :(
3;mohon untuk tidak terlalu sering menyuruh pengguna untuk memperbarui aplikasi tix id. saya sudah 4 kali mengupgrade ke versi terbaru dalam kurun waktu kurang dari 1 bulan. bahkan tgl 17 mei kemarin saya baru upgrade dan hari ini saya harus upgrade ulang. mohon untuk tidak terlalu sering upgrade. thank you
1;Belum lama perbarui udah minta di perbarui lagi, sedangkan kalo nggak di perbarui nggak bisa di buka tuh aplikasinya, saldo saya kan ada mau di pake, setiap mau order minta di perbarui mulu
1;"aplikasi sebenernya membantu untuk pembelian tiket tanpa ribet .... tpi tolong dong jangan dikit"" update muluk blum sebulan updatenya udah berkali kali .... kalo mau memperbagus aplikasi nya sekalian dong jangan setengah"" gini bikin ganyaman kalo misal mau pake dadakan buka tb tb harus update lagi update lagi .... kesel banget ....."
3;Awalnya keren bgt nonton lebih mudah tapi semakin rame penggunanya kok malah buat kecewa. Saldo dana sudah kepotong tinggal nunggu kode tiket eh tau tau di refund.. Kecewa!!!!!
5;Aplikasinya user friendly banget ga bikin orang yang gaptek kaya saya bingung.. terus suka ngadain promo sering banget. bagus deh tix.id
5;Hari rabu mulai jam 11:30 siang aplikasi ini sudah mulai lambat karena 
terlalu banyak peminat yang menggunakan aplikasi ini di waktu bersamaan. ;
"Mohon di perbesar spek servernya agar tidak lambat seperti ini""";
5;Kalau bisa aplikasi onlibe nya 24 jam krn kalau pesan pagi tidak aktif. Siang baru bisa pesan tau tau sdh full sit
4;aplikasi gembel, di deposit udah sejak awal desember, sampe skrg ga ada kelajutannya...ilang aja udah duit nya...di email balas nya cuma suru tunggu2 aja...tunggu apa nya...tunggu masalah nya ilang bgtu aja? system gembel koq di publish, CS nya juga bego aja dipake, ga bisa kasih jawaban
5;Ga pernah beli pake yg lain. Tix Id paling oke, sangat membantu terutama buat saya yg hobi banget nnton bioskop ❤️ top up nya jg gampang banget.
1;sekarang knp kalo buka lama ya, padahal udah pakai wifi dan buat buka yang lain lancar2 aja. dan skrg ga kayak dulu. potongannya ga banyak, masak cuman pengguna baru
4;aplikasi ini sangat membantu, apalagi bagi para pekerja tidak perlu mengantri bila ingin menonton sepulang kerja bisa langsung nonton tanpa perlu terburu2 datang untuk mengantri tiket.
5;gak ribet kalo mau beli tiket nonton, tinggal klik aplikasi TIX ID, pilih film, pilih kursi, dan bayar, gak perlu antri antri lagi deh kalo mau nonton,, the best pokoknya
5;tolong dong untuk tix id jangan sering nyuruh update. selalu aja suruh update mana semakin besar penyimpanannya. kalo ga di update gak bisa di buka
5;sangat membantu menghindari antrian dan bisa tahu informasi film terbaru, klo bisa di banyakin bonus nya buat pelanggan TIX ID nya
5;Aplikasinya bagus,memudahkan kami pecinta film dalam pembelian tiket tanpa harus antri lama dan panjang dibioskop. juga metode pembayaran via DANA juga sangat menolong dalam proses pembayaran tiket yang mudah dan aman. harapan saya semakin berkembang aplikasinya,semakin banyak model diskon untuk pecinta film di tanah air,dan pertahankan keamanan dalam proses pembayaran maupun setelah tiket berhasil di beli agar tidak mudah dicuri oleh pihak yang nakal. sekian trims
5;Buat kalian pengguna baru TIX ID jangan lupa daftar dulu ya gaes. Dapatkan voucher senilai Rp. 25.000 dengan cara menggunakan kode WUXECT dan kalian langsung dapat vouchet tersebut. Gampang banget kan 🤗
1;Menurut saya aplikasi ini buruk karena saya sudah 2x dikecewakan oleh sistemnya, saldo saya berkurang namun tidak ada pesanan tiket yang dapat diakses.
1;sebelumnya saya memberi bintang 5, sekarang mohon maaf hanya saya kasih 1, sudah 2 kali mendapatkan masalah dari sini, yang pertama tiket saya bisa ke refund sendiri, dan yg kedua sudah pesen tiket tapi kode bookingnya belum muncul padahal saldo sudah berkurang, lebih baik yg versi dulu dari yang sekarang.
5;Sangat membantu. Lebih praktis gausah ngantri ke bioskop. Cuma perasaan terlalu sering di perbarui
5;saya sangat suka pake aplikasi tix id karena benar benar memudahkan saya dalam transaksi pembelian tiket dan discount yang selalu ada. mksh
5;very good.. sangat mudah mendapatkan tiket untuk nonton film yang diinginkan.. rekomendasi banget untuk aplikasi ini.. thanks TIX ID
3;Aplikasi yg sangat luar biasa.. Sudah bayar kode booking tidak muncul.. Tlp customer service ktnya 2 jam sebelum tayang diksh kode nya.. Ditunggu tidak ada.. Tlp lg ktnya 1 jam sblm tayang..ditlp lg sdh tdk bisa.. Mantap... Mohon diperbaiki aplikasinya sistemnya..
5;menggunakan aplikasi ini lebih mudah untuk saya membeli tiket. apalagi kalau filmnya lgi diminati bnyak orang. sangat mudah untuk membelinya.
3;suka sih , mau nonton jd lebih mudah , apalagi pas ada film yg emang lagi ditunggu2 banyak orang yg udah pasti antriannya bejibun , tp gak sukanya pembaruan mulu , padahal blm lama 🤐
4;oke , lebih praktis ga pake antri , cuma kalo nonton promoan tiket suka agak lama munculnya ... overall mantap dehh
5;Banyak promo dan yang paling sukak untuk top up nya mudah ga ribet, nominal terkecilnya aja cuma 10rb
3;aneh gua mah, kok setiap nyari kursi. kursi kosong nya di depan mulu. kalo udah lewat semingguan baru dah banyak kursi belakang yang kosong. untuk yang lain nya ga masalah. tolong lah gua pusing kalo nonton harus didepan mulu.
5;Aplikasi yang sangat membantu, apalagi buat yang sering nonton. promo hari rabunya tepat, karena kebanyakan film bagus tayang perdana di hari rabu. untuk masalah error sudah diatasi dengan baik akhir-akhir ini. tinggal nunggu sabarnya aja dari kostumer yang lainnya :v
1;selalu minta update buat minus, apakah bisa jngn mnta update terus... 6 bulan sekali atau 1 tahun sekali aja minta update atau kalau mmg urgen 3bln sekali aj mnta update, thks
5;ada apps ini bagus bgt, pesen tiket pake apps, apalagi klau ad promo ny. promo awalny lumayan beli 1 gratis 1. tapi belakangan ini cuma disc 50% untuk tiket pertama. tapi ga ap kita pesen pake beberapa hp sih. hihiihihi....😎😎😎😎😎
3;Pilih, bayar, sukses, tiket ga muncul langsung uninstall dan rate 1. Tidak akan saya ganti meskipun sistem sudah benar dan tidak seperti sekarang. Mending pake mtix jelas tidak membuat kekisruhan di masyarakat
2;kenapa saat saya mau mesan tiket cuma bisa pd hari yg sma misalnya saya mau nonton pd malam minggu dan mau mesan tiketnya dari hari jumat,Tapi tidak bisa mohon bantuannya developer tix id. klo harus bli tiket di hari yg sama percuma, karena pilihan kursi sisa sedikit
4;dear TIX ID knp setelah pembarua apps pilihan untuk membeli tiket stidio imax tidak ada, hanya ada pilihan all dan reguler, tolong penjelasanya min
1;Aplikasi penipuan.. uang saya sudah terpotong tapi kode booking tiket tidak muncul. Saya sudah telepon customer care nya tapi saya tidak mendapatkan solusi yang jelas. Uang saya tidak dikembalikan. Bagaimana ini solusinya dari pihak tix id????
5;keren bisa dapet diskon 50%,tapi jangan hanya karena baru download aplikasi nya dan No telepon nya. kedepannya harusnya ada promo terus 30%, 50%, 75%.
5;Aplikasi ini sangat bagus bagi orang yg suka nonton di bioskop. Pesen tiket jd mudah. Jika transaksi gagal, pengembalian uangnya cepat. Tapi kok sekarang promonya sudah mulai berkurang. Promo buy 1 get 1 free udah jarang ada. Sekadar saran aja si, poin loyaltixid sebaiknya bisa digunakan selama punya akun aja. Sbg tanda loyalnya tix id ke pelanggan. trims
5;makin suka TixID promonya makin banyak, nonton lebih hemat, cara pemakaiannya & pembayarannya mudah, lebih nyaman pake TixID daripada m-Tix, di TixID gada minimum top up, teteplah seperti ini trus jangan berubah. Thanks,TixID !!
5;udh yg ke 2 beli tiket pake aplikasi ini, pembayaran ga ribet, pesen tiket tanpa harus ngantri, bisa pilih seat juga. keren dah nih aplikasi
5;aplikasi tix id sangat membantu pembelian tiket nonton lebih mudah & cepat &, banyak diskon nya... terima kasih TIX ID, sukses terus ya.. 😍😍😍
5;Good App! mempermudahkan pengguna untuk memesan tiket nonton (presale dan non presale), meskipun biaya adm nya lebih malah 2x lipat dibanding Mtix.
1;Kecewa beli tiket tiap selasa..Untuk Diskon pakai Debit/visa card nonton tiap selasa nggk pernah dapat. Jadi percuma beli tiket pakai TIX karena Promo dibatasin.
4;dipunya saya ga ada pilihan langsung bayar via tf atm... harus isi saldo dlu baru beli... kok saya rasa agak ribet.... tapi overal membantu sih dengan adanya tix ini jadi agak ga repot kalo mau pesen tiket... dan satu lagi kenapa bri tidak tersedia untuk isi saldo?? mohon di fix
4;semua memuaskan namun ada kekurangan di metode top up Saldo Dana yaitu tidak bisa pakai SMS Banking dan Kartu Kredit, juga belum menggandeng swalayan Indomart
4;suka banget sama aplikasinya, memudahkan beli tiket tanpa antri + suka ada diskon! tapi kadang suka lama banget proses bookingnya, udh nunggu 30menitan trs suka dicancel dan refund tb2. Terus csnya masih susah dihubungin (slow respon banget)
4;Mau ngasih bintang 5 tapi kemarin ada kendala... ya udah bintang 4 dulu ya. Smg semakin baik lagi 😊 Sejauh ini puas dengan pelayanan tix dan terutama promonya yang diskon 50%. Sudah bolak balik purcase pakai tix. Tapi baru kemarin mau pilih kursi, tulisannya udah terisi. Sampai d bioskop ternyata tidak ada yang mengisi dan banyak kosong.. Tolong diperbaiki agar lebih akurat ttg booking tempat. Dan mudahkanlah agar kami bisa memilih kursi meski 1 kursi di sampingnya kosong..
5;bagus..puas..tapi kalau bisa..masuk studio tunjukin barcode ajaa,jd ga perlu antri print tiket,,krna kdg antri jg buat printnya....tks
5;Lebih mudah untuk memesan tiket bioskop dan lebih leluasa bisa melihat tempat duduk (seat) yg d inginkan dari aplikasi ini.....
5;Butut loading n gagal terus, pas berhasil bayar normal, ya kalo ga ada promo mending ga usah mempersulit beli tiket juga ayah banget payaaaaaaaaah php«« itu dulu versi terbaru sangat bisa diandalkan
2;isilah saldo sesuai tiket yang anda pingin beli. kalau isi saldo lebih dalam waktu lama tidak di gunakan saldo anda akan lenyap, saya sendiri mengalaminya, semoga cukup pelajaran buat saya jangan sampai anda menjadi korban.
4;saya kasi bintang 4. karna klo 5 itu sempurna.. kesempurnaan hanya milikNYA semata.. aplikasi yg bagus.. banyak diskon.. walaupun terkadang tdk bisa beli dijam2 tertentu.. ditingkatkan lagi...
1;tolong perbanyak lah kotanya.. masa dikota saya sampit gak ada. biasa di malang pake TIX id tapi dibkota2 kecil yang ada biokopnya malah gak ada.. tolong ya didaftar banyak lagi kotanya biar setiap pengguna kapan pun dan dimanapun nyaman buat transasksi pake tix id
1;Masukan KOTA TEGAL di daftar kota buat nonton,, biar gak sia sia instal ini Apk kalau cuma bisa di pake di kota tertentu saja. UPGARE DAFTAR KOTANYA
4;Yg aku suka, sudah baik, cepet lagi, tp aku gasuka nya kalau online harus dibayar dgn dana, jd kalau yg gapunya dana bingung mau bayar gimana, saranku, mending pesen dulu baru bayar lewat atm atau minimarket. makasih
1;tiket ga dapat. padahal keterangan berhasil payment dan saldo dana sudah ke potong. tp ada notif kadaluarsa. terus saldo saya kemana yaaa???? tiket ga ada! saldo juga ga balik! udah 2 minggu di email nunggu2 doang. leled amat. apa emang begitu cara kerja nya ? tipu2?
5;tidak perlu ngantri..beli tiket online..dapatkan promo menarik diskon 50%.. segera instsll dan gunakan refrensi HVZU50 maka anda dptkan 5000 point setelah lakukan transaksi pertama lewat dana...
1;maap... terpaksa kuhapus lagi. padahal baru saja install. pembayaran sangat susah plus ribet. harusnya bisa lebih fleksibel. contoh, pembayaran bisa lewat alfamart atau indomart. seperti aplikasi yg lain itu looohhh....
1;Bank BRI macam didiskriminasi dari bank2 lain... Masa iya gak bisa Top Up pakai BRI, katanya bisa transfer via bank lain kalau mau pakai BRI tapi waktu saya coba GAGAL TERUS.. Sumpah KECEWA saya, harusnya sih kita dipermudah ya untuk transaksi pembayaran Mohon ditingkatkan lagi deh biar bintangnya saya naikin
1;ribet pake updat updat, udah gitu maksa lgh haru updat kalo ga. ga bisa lihat filem tiket ga bisa pesen.. ribet lu tai. emang setipa orang punya hp memorinya banyak cuma dihp cuma mw sisi aplikasih lu dong tai. perbaiki lgh tu jgn keseringan updat anjing lu
1;masih terbilang ppn terlalu mahal 3000 pertiket dan seharusnya disamakan saja tdk ada ppn'y jika sudah bekerja sama dengan DANA ini sm saja masih memberatkan,lbh baik tdk usah ada aplikasi ini ,klo ppn jasa layanan pertiket 3000, blm lg PPN isi topup DANA dan kena biaya PPn tiket 3000 , itungannya 1 tiket + PPN 3000 klo bisa diturunkan PPN'y Rp1000 pertiket dan seharusnya klo beli lebih dr 1 tiket hrs'y lebih murah dan ad potongan diskon utk tiket ke 2 dst, ini cm 1 tiket saja yg kena diskon 50%.
5;Dengan TIX ID mempermudah pesan tiket tdk perlu mengantri tgl isi saldo lgsg pilih bangku..dan lumayan promo nya sangat membantu..terima ksh TIX..
5;Cepat dan akurat, tidak perlu lagi kuatir kehabisan tiket nonton dan tidak perlu lagi ngantri, sering2 yaa berikan potongan di tiket pertama. Terima kasih TIX ID 👍👍👍
5;sangat berguna sekali, aplikasi nya bagus bukan kaleng kaleng . harus download penting kalo mau nonton film tanpa antri, apalagi kalo film nya avengers lebih berguna lagi. mantaps......
4;aku blm lama pakai aplikasi ini. jd blm terlalu kenal, blm bs memberi penilaian. tp sdh membantuku unt lbh mudah mendapatkan tiket bioskop. walau cuma di tempat tertentu saja. tq tix id
5;apk ini membantu saya dlm cari tiket nonton.. biasa nya stiap beli slalu penuh skrg bisa beli dg mudah.. XHOUVL aku kasih kode akun q.. biar kalian bisa dpt voucher secara cuma2 dari q thanks
3;Dear TIX ID, saya bingung dengan apk ini. sy mau ganti nomor tpi gak bisa bisa. udah 3 kali kodenya masuk di sms saya tpi nmrnya gak berubah di apk. mohon diperbaiki secepatnya
5;Apk ini sangat membantu untuk kalian yg suka nonton di bioskop, tanpa harus lelah dan cape untuk mengantri dan datang ke mall, kita tinggal BOKING dan melakukan pembayaran'nya. Register akun anda dan masukan kode PLVSPG dan nikmati potongan diskon tiketnyaaa
3;Kok untuk pengisian saldo top up gak ada pilihan transfer dari bank BNI y ? Mohon segera ditambahkan.. biar lebih memudahkan bagi pengguna yg mungkin atmnya BNI
5;Untuk saya pengguna lama Tix id. Menurut saya ini sangat membantu ketika kita engga sempet untuk mesen ke kasir bioskop dan gaperlu ngantri juga. Saya harap Tix id kedepannya dapat memberikan promo yang lebih banyak lagi. Terimakasih
1;saya sudah beli tiket dan transfer tpi tidak ada kode tiketnya utk ditukarkan pas nnton nnti, tpi uang saya hilang tiket tdk ada. saya sdh hubungi pihak tix.id lewat email tpi tdk diproses jga keluhan saya.
5;Haiiii... buat kamu yang baru atau pengguna baru, bisa dong daftar akun nya pake kode aku XAXFY9 . tenang aja, pake app ini kalian jadi mudah lohhh untuk booking tiket di tempat kursi yang nyaman tanpa harus mengantri. ayooo kuingatkan lagi pake kode aku yaaaa XAXFY9 . terimakasih semuanyaaaaa
5;aplikasi nya sangat memudahkan terus ngk perlu repot dan yang paling penting ini itu menghemat waktu banget Ngk perlu antri lagi uh ❤❤Banyak promo pula
4;kesan pertama bagus liat semua aspek mulai dari tampilan, praktisan pembayaran, bonus, dll rekomendasi banget👌
5;Suka sekali dengan aplikasi ini, Top Up nya gratis, bisa melaui DANA, dan fee buy tiket nya jg relativ lah. Gak kaya aplilasi sebelah, top up dan buy tiket dikenain fee semua.
5;Lagi lagi sistem top up. Pembodohan. Kenapa gak bs langsung beli tiket pake kartu kredit atau debit. Kacau ni negeri. Lama lama jadi negara top up aja
5;ID saya 95KIX9,, masukan setelah download.. Jangan lupa ya.. Download Apk buat yang suka nonton film, bisa juga buat beli tiket bioskop tanpa antri..
5;kalau beli tiket sudah kurang 1 jam sebelum tayangnya, mending langsung ke tiket counter, karena suka error dan bentrok sama yang beli tiket di counter, kalo msh agak lama dari jam tayang oke banget aplikasinya, gak perlu antri di loket, call center nya mohon ditingkatkan pelayanannya, biar kalau mau konfirmasi pendingan transaksi bisa cepet..
5;mantap. lbh bagus gak usah cetak tiket fisik . petugas penjaga d pintu bioskop tinggal bawa scaner atau scaber langsung d hp untuk liat barcode di pemesan tiket yg sudah d booking melalui m tix. supaya prosesnya bnr bnr digital. semangat.
5;baru sekali pakai buat nonton Avenger end game.. luar biasa mudah gk pakek ribet, sekeluarga bisa nonton dan kebagian tiket karena aplikasi ini. pokoknya TOP deh aplikasinya sangat membantu dan layak di kasih 5 bintang
5;pake promo 20VXWX untuk dapetin diskon. gampang banget aplikasinya. dan ga repot ngantri di bioskop, jadi tinggal beli tiket via internet. terlebih lagi kalo punya m banking. makit enak heheh
1;Biaya layanan terlalu besar, ini menguras saldo dan sangat merugikan konsumen. Promo potongan harga yg didapatkan tidak sebanding, karena harus membayar biaya layanan, mendingan beli tiket langsung atau melalui aplikasi CINEMA XXI yg tanpa ada biaya tambahan.
5;sejak ada aplikasi ini mau nonton tdk harus antri,milih studio gampang,milih seat gampang,pemyaran gampang dan pelanggan selalu dimanja dgn discount. thanks tix id
1;Kalau memang ada update aplikasi jgn dikunci ga bisa buka aplikasi dong. Kan ga semua HP dg Memory besar. Biarkan update itu menjadi opsional, bukan kewajiban. Terima kasih
5;bagus banget aplikasi ini, gampang akses nya tapi harus pake code ini SQ36FV spy bisa dapet poin dan login.. over all its perfect dude !!
1;Saya beri bintang satu dulu karena transaksi saya ditolak tapi uang saya sudah terpotong... jika uang kembali saya berikan bintang 5 Detail Transaksi Pembelian Tiket Bioskop via TIX ID>Pembayaran HARUS VIA DANA>Masuk Ke Platform DANA>Ada opsi pembayaran VIA Debit Visa>Transaksi>Uang sudah kedebet>balik aplikasi TIX ID Muncul Pemberitahuan Transaksi kadaluwarsa>Di Platform DANA dianggap transaksi sukses dan selesai>UANG HILANG tiket tidak dapat
5;admin... sy seorang logo desainer.. blh sy hub kontak developernya? sy punga penawaran utk logo kalian.. sy berani katakan ini logo terbaik dr inspirasi yg sy punya... smoga kt bertemu... nice app.. i like this one.. hehe
5;aplikasi yang buat gue khilaf mulu, banyak banget promonya. nggak bisa banget buat gue ngindep dirumah, selalu nawarin promonya yang buat gue gak betah dirumah.
5;sukaaaaa bgt sm aplikasi satu ini..bwt nobar jd simple..ga perlu cape2 ngantri, tgl duduk manis trs booking tiket via hp doank & pas udah di XXI tgl print aja tiketny 💜💜💜💜💜💜💜💜
5;aplikasi yg sgt membantu sekali buat sy yg doyan nonton. gak perlu capek2 ngantri diloket buat beli tiket kyk jaman dulu bgt. bisa lgsg beli tiket dan pilih kursi dr rumah. jd pas brgkt ke bioskop dah tinggal tuker tiket aja deh. byk promonya lagi. makasih tix id.
1;app apaan ini gue mesen, padahal di aplikasi kursi masih kosong, tapi tulsanya kursi udah di isi terus, gue mesen lebih sampe 30kali, dan semua sama kursi telah ter isi padahal di app nya belom terisi
5;Sukkaaa! memudahkan bertransaksi dan gaharus ngantri lagi dibioskop, walaupun ada tambahan biaya buat pelayanan tapi yaa worth it lah! 💖
4;bagi saya aplikasi tix id sangat membantu saya dalam memesan tiket bioskop. apabila ada film yg di favoritkan oleh bnyak kalangan pasti bioskop manapun akan antre. tpi dengan tix id semua jadi lebih mudah
3;Sangat kecewa, sudah mesan, sdah pilih tempat duduk, top up udah dipotong, tpi tdak ada konfirmasi kode pembelian tiket, gimana bisa ngambil tiket!!!! Sdah menghubungi lewat email dan telp tetap tdak ada tanggapan!!!!
5;senang banget punya aplikasi ini.. ak gak butuh lg antri cuma buat bayar tiket dan apa lagi kalo tiap rabu ada buy 1 get 1.. bikin aku makin sering nonton nih.. please kembalikan event buy 1 get 1 tiap hari rabu..
5;cara cepat mendapat tiket untuk film yang ditunggu-tunggu tanpa antri, tanpa rusuh dan nyaman, cara bayar pun gampang dan simple, bisa booking untuk bbrp hari kedepan, mau nonton bareng2 jadi makin seru
5;tolong diperbaiki untuk masalah simulator atau orang yg nyoba2 pilih kursi dan akhirnya gak jadi beli, itu jangan lngsung otomatis keinput kursi seolah2 sudah terisi padahal belum terisi. jadi jangan langsung di fix kursi sudah terisi kalo belum bener2 beli tiket.
1;Saya pesan hampir 10x untuk Avenger Enofgem, dan selalu gagal dgn alasan kursi penuh. Oke ga ada masalah, tapi setidaknya aplikasi TIX dapat menayangkan status secara real time, menyedihkan!
5;sejauh ini puas dengan pelayanan yg ada, cukup mudah dan yg terpenting bisa isi saldo bebas, tidak seperti aplikasi sebelah yg mengharuskan isi minimal 100.000
5;baru nyoba jadi blum ada pengalaman.. cukup membantu untuk pengecekan tiket dan bangkunya..trimakasih
2;setelah di update malah membingungkan. tidak sperti kemarin gampang.. tinggal buka aplikasi lngsung bisa pesan tiket tanpa cari nama bioskopnya.. pasti nnti salah beli tmpat.e
1;aplikasi ngebug di hp huawei, tidak bisa pilih kursi, udah di klik beberapa kali masih gak bisa, , masalah terjadi setelah pembaruan, udah hapus data, udah install ulang aplikasi tetep aja ngebug
5;pesan tiket lebih mudah. apalagi samsung memberikan kemudahan karena ada Samsung Pay (bayar lebih mudah) tanpa harus ribet antri beli tiket, tanpa harus ribet transfer ke yg lain (cukup pake samsung pay yg bekerja sama dengan DANA indonesia) thanks Samsung Pay, Tix ID, Dana #samsungpay
5;Interface menarik, dan membantu untuk para penonton yang gak sempet buat antri. 😁. Banyakin promonya ☺️
3;Pemesanan tiket sudah bagus dan lancar. sayangnya setiap saya mau ambil tiket selalu kena kendala aplikasi ini! misalnya waktu awal instal, saya tak bisa buka karena admin minta konfirm. Lalu pekan lalu waktu mau ambil lagi update jadi saya tak bisa buka. mana datangnya mepet. di bioskop yang jaringannya jelek pula! untung sudah aaya screen capture!!
5;Banyak promo, mudah pesan tiket nonton dan pilih tempat duduk sesuka kita, dan ada pre-sale untuk film yg booming, wajib punya aplikasi ini yg suka nonton, yg jarang nonton juga harus punya sih biar pas mau nonton ga usah beli langsung karena suka kehabisan atau mendapat tempat duduk yg kurang nyaman hihi 😁👯
5;tidak pelit diskon dan banyak voucher menarik bagi pengguna lama maupun baru! sangat senang dgn adanya TIX ID ini, nonton bioskop jadi lebih mudah. semoga tetap dikembangkan fitur2 nya dan bila ada masalah yg terjadi semoga cepat diperbaiki. sekali lagi, Terimakasih TIX ID! *jgn lupa diskon lagi 50% untuk tiket pertama hehe*
5;Promonya jangan sampe abis atau hilang,malah kalau boleh yang sejenis potongan harga ditambah lagi,atau di update bisa buat beli snack juga ok
5;Pake TIX ID waktu film dilan jadi ga repot pake ke bioskop segala.. Langsung aja pesan bangku di tix gampang ga ribet top up dana bisa ke alfamart deh langsung klik selesai.. Dan disana tinggal barcode dapet tiket selesai abis itu nonton deh.. Thank you TIX ID
5;Aplikasinya sangat membantu, gak usah antri lagi buat beli tiket nonton. Ke bioskop tinggat cetak tiket gak pake lama selama komputer untuk cetak tiketnya lg gak bermasalah aja. Pembayaran pake Dana jg mudah. Tapi sayang sih msh ada biaya pembelian tiket Rp. 3000 kalo memang bisa ditiadakan saja biaya pembelian tiket itu.
5;Gw suka banget sama tix id,karena gw sering banget dapet diskon 50% terus setiap pembeliannya juga gak pernah nihil.Dan gw sering banget nonton dadakan karena banyak babget diskon.Pokoknya harus downloadlah. Thank you TIX ID
4;kasi bintang 4 dulu karena pembayaran lewat atm kemarin saya ga bisa,padahal saldo di atm masih ada,tapi lewat top up DANA saya sangat puas
5;tix id memberi kemudahan dalam pemesanan tiket , tidak perlu antri seperti biasa , tinggal pesan , bayar , scan , dan beres , mungkin harus ditambah lagi metode pembayarannya
3;sangat membantu dalam penelusuran film namun mohon agar diskon yang diperlakukan lebih diperuntukkan untuk semua film
5;Saya rasa dengan adanya aplikasi Tix Id sangat membantu sekali jika customer ingin tanpa ribet pilih seat untuk nonton. Semoga aplikasi ini bisa menjadi aplikasi yang bagus untuk masa depan nanti. 👍👍👍👍👍
5;Baru download, mau daftar, eh sistem dari tix.id bermasalah terus, udah 
dicoba berulang kali; masih belum ada perubahan. Gimana solusinya nih dari 
"pihak tix.id?""";
1;saya kecewa dgn aplikasi ini. di saat saldo dana memenuhi dan akan pesan tiket yg ternyata di dlm aplikasi tersebut masih ada bangku yg kosong tpi tidak bisa di pesan. emng betul uang di refund kembali. tpi sya bnar2 kecewa
1;Dear Tix id,,mungkin ada baiknya untuk mengganti promo buy 1 get 1 di hari rabu dgn promo lain,,jika mungkin sistem anda kurang/tidak bisa lg mensupport program tsb.krna justru akan menimbulkan banyak komplain dan ketidak nyamanan buat konsumen spt saya.krna sampai hari ini 28/11/2018 setiap rabu pasti aplikasi lemot total.terimakasih.
3;Bintang 3 dulu ya. Saran saya, akan lbh baik ada notif yg mengingatkan bahwa user msh pny outstanding tiket yang belum ditonton. Notif/reminder bs muncul misalnya mulai 3 jam sebelum film mulai, lalu tiap 30 muncul trs sampai user ngeprint tiket atau mengkonfirmasi untuk menghentikan notif. Kejadian ke orang pelupa spt saya, sudah pesen 3 tiket, salah tanggal pesen, lupa pula datang di tanggal itu. 😓
3;pengisian tahun lahir tidak simple kecuali yg lahir tahun 2000 an mudah klo usianua diatas 40 harus di klik terus tahunnya....
1;saya merasa tix curang waktu saya belom top up dapet diskon 20rb pas udh top up harga berubah contoh yang tadi nya 66rb jadi 86rb sbnrnya ini permainan kalian atau bagaimana?
4;Suka bangeeett kalau beli tiket nonton di TIX ID, gak repot repot langsung pilih kursi dan bayar melalui DANA. Tapi sayangnya kalau Top Up lagi bermasalah bayarnya harus melalui ATM atau gak mobile-bangking. Jangan sering2 gangguan ya :) the best aplication TIX ID
5;ga nyesel deh pake tix.id, ketika yang lain ngantri panjang untuk beli tiket ini mah tinggal cetak tiket aj tanpa harus antri panjang mana dapat tempat yang cuco n dapat diskonan juga... makasih ya tix.id...pokoknya mantul bangetttt...
5;over all bagus dan bermanfaat. sekedar saran sedikit saja, kalau bisa diperluas lagi jaringannya jangan hanya XXI aja, kalo bisa CinemaXX,CGV,dll.
5;pesan di tix id jauh jauh hari bisa, agar tidak kehilangan promo dan kehabisan kursi, banyak promo banyak untung dan tidak ngantri di jamin puas, toh biaya admin cuman 3000 untuk satu x pesan tidak ngantri sebanding dngan promo untuk bnyak film baru sering dapat discon 50% dr harga tiket, jd sangat menguntungkan, trimakasih tix id dan dana. puas pake bnget.
1;Udah pesan bayar pakai dana tiket gak kepesan tp udah transaksi. Alhasih harus nunggu seminggu dulu baru balik lagi saldonya dan mau pesan pre sale pun gagal bangku sudah abis. Kecewa . Males bener dahhh
5;tix id bener2 mantab dan sangat membantu dalam pemesanan tiket bioskop ditambah pengisian top up saldo dengan nominal yg kecil serta dipermudah juga di dalam pengisian saldo dana. terima kasih tix id...
4;Bagus sangat membantu jadi tidak perlu antri dan hanya tinggal print tiket saja tetapi saya hanya memberi saran alangkah baiknya batasi untuk yang menggunakan tix jadi siapapun yang tidak punya apk ini bisa dapat bangku untuk menonton contohnya untuk Film avengers end game ini thanks.
5;Bagus sih tp pas udah selesai transaksi pembayaran, proses cek kursi smpai dengan selesai seluruh transaksinya tolong dipercepat lagi jangan hanya metode pembayaran yg di percepat
5;Tix id sekarang mengecewakan masak setiap promo gangguan gk bisa coba lagi terus setelah nya kuota habis siapa yg beli itu yaa kira2 kok udh abis aja padahal kan gangguan apa ada calo tiket kayak ntn konser atau bola
2;makin di update makin berat aplikasinya... buka nya lemot... kadang tidak bs di buka..muter2 ...dulu cepet banget... tolong di perbaiki donk pdhal saya make wifi unlimitid loh...!!!
5;promonya banyak, diskonnya banyak mantap. saran saja tolong real time kursi yang sudah terisi dan belum lebih akurat sebab sering error kursi sudah terisi padahal masih bisa di klik untuk dipilih dan tetap membebaskan fee untuk pengisian saldo dan fee pelayanan pemesanan tiket tidal dinaikan makasih
5;Cukup puas. walo udah langka buy 1 get 1, disc 50% utk tiket pertama cukup lumayan utk sendiri &/ hemat dikit utk yg ber2.. Diskon tidak hanya rabu, tergantung event promo. Baca dimulainya jam diskon biar dapat kuota, kadang jam 2 - 3 sore habis. Transaksi 99 % berhasil. Aku suka cari** dulu sebelum deal di aplikasiku yg diskonnya paling banyak , jadi jatuhnya lebih murah, sisanya buat jajan/ nonton lagi dilain waktu 😂 🙏 maaf ya kalo kurang berkenan. Ini ulasan pembeli, versi aku
5;"Saya udah melakukan pembayaran dgn sukses dan memotong voucher saya,tapi tiket saya gk muncul"" dan kalo direfund pun cuma pembayaran saja bagaimana dgn voucher yg sdh digunakan kn jadi kerugian saya"
1;saya sudah pesan tiket sudah saya transaksi. tp kenapa saya cek lagi kursi yang saya pesan masih bisa dibeli orang lain ya. mohon bantuannya. jadi ragu
1;"kenaapa loading terus padahal wifi sama data saya lancar""aja knpa pas saya mau pesen loading terus yah,tolong diperbaikin donk"
5;aplikasi keren, gak capek lagi mengantri di loket. biaya admin hanya dikenakan pada saat pemesanan tiket sedangkan top up tidak dikenakan biaya admin lgi. thank TIX ID
5;aplikasi TIX ID sgt memudahkan dlm pembelian tiket,, hampir setiap weekend sy pakai aplikasi ini tidak ada masalah.. cmn klo filmnya lg premiere mmg suka susah buat akses mgkn krna jaringan yg crowded.. Sejauh ini memuaskan..
5;Mempermudah saya jadi gak perlu ribet buat ngantri dan banyak juga promosi yang menarik jadi gak pernah ketinggalan sama promo dan film-film terbaru. Terimakasih TIXid
5;good app.. memudahkan sy untuk membeli tiket tanpa harus antri di bioskop, dan bnyak promo juga.. 😊
4;Memudahkan saya untuk membeli tiket tanpa mengantri, soalnya jarak rumah dan bioskop lumayan jauh, jadi merasa teebantu dengan ada layanan ini, sesampai nya di bioskop tinggal print out dan nonton 👍 Good job Tix ID !
5;Membantu memudahkan. Tapi agak aneh ya, di awal saya dapat diskon, krn saya salah pilih hari. Di back pesen ulang harganya biasa 😅 overall membantu 👍
5;pertama dan kedua pengunaan tix id tdk ribet krn mungkin pelanggan blm banyak, waktu ketiga pakai utk nonton avenger sdh berhasil...eh sampai bigmall kena revans..yah....terpaksa nunggu 3 jam demi anak nonton film kesukaannya...capek deh...
5;memudahkan saya menonton bioskop. tidak perlu antre, gk repot bawa dompet tebel. kebetulan juga saya pakai platform DANA. semoga kedepannya lebih baik lagi. kalau agan mau dapet bonus dan sempat nih: ISQN10
5;Aplikasi yang sangat membantukan dan memudahkan pengguna untuk menonton film kesayangan di bioskop tanpa harus mengantri . Thanks
5;Sangat praktis untuk kalian yang ingin membeli tiket nonton tanpa harus ngantri. lebih dari itu, banyak diskon dan poin juga.!
1;buruk. saya pesan 1 tiket kenapa di kembalikan sedangkan teman saya bisa. kan jadi tidak bisa sebelahan. jika sudah terpesan kenapa tidak ada notifikasi!!
5;sangat membantu, dengan aplikasi ini kita ga perlu repot2 datang ke bioskop untuk memesan tiket.. tinggal klik jadwal tayang dan bioskop terdekat lgsung bisa pesen. recommended
5;TIX ID yang sangat membantu untuk pemesanan tiket tanpa rebit dan antri tampilkan dan desain aplikasi sangat mudah cara pembayaran sangat simpel aturan dan tutorial sangat membantu tolong di pertambah lagi diskon diskonnya dan di perbanyak iklan tentang film film yang sedang hits dan ratingnya bagus hilangkan beberapa Bug seperti lama proses pemesana , loading yang terlalu lama
4;saya baru pertama kali beli tiket melaliu aplikasi ini....caranya gampang dan mudah sangat membantu...ditambah banyak promonya..trima iasih TIX ID
5;sangat rekomendasi, mempermudahkan untuk menonton laptop si unyil end game, dan bocah petualangan far from home
5;pengunannya mudah banget, trs juga datanya real-time.. jadi gk perlu waswas pas mau booking
1;Tolong adain Refound kalau enggak minta ulang jadwal dong 😩, jadi gak ada yang di rugikan, di tix id ada uang adminnya, kalau kita yang beli banyak banget ruginya pakai biaya admin lalu kalau lewat jam tayang atau jadwal gak bisa mau gak mau kan jadi hangus 😩😩😩
5;selama ini sih gak ada masalah....tapi saya ada pertanyaan: 1. pernah kaga kalo ada kejadian tiket nya kehabisan dari mesinnya 2. kalo misalnya pernah kejadian kaya di atas...trus gmna nasib yang udh pesen tiket online
5;Tidak kata lain, app ini sangat membantu banget,jadi gaming beli tiket nonton ,tapi yang paling penting discount nya jangan di hilangkan ,tapi kalau bisa offers nya di tambah lagi heheee😁😉,,like this app so much
5;sangat membantu dalam pemesanan, mendorong penggunaan uang non tunai / cashless. Booking sangat mudah baik dari segi penggunaan apps dan pembayaran.
5;bagus sih, ga ribet, biaya layanannya harusnya jadi satu aja gak usah dikali tiketnya. overall mantep,tampilannya fresh 👍👍
5;Sangat membantu dan praktis! Udah ga perlu antrian panjang lagi di bioskop, lgsg pesan sesuai seat yg kita mau. Trima kasih TIX 😘😘
5;Bagus sekali mantul aplikasixa. Terima Kasih TIX ID berkat aplikasi ini sya bisa beli ticket buat nonton FILM AVENGERS ENDGAME, bahkan 2 ticket skaligus. Aplikasi ini mudah dan gak ribet gak neyesel downloadxa Terima Kasih TIK ID.
5;Sangat membantu dengan ada nya aplikasi TIX ini,beli ticket nonton gak perlu antri panjang lagi & bisa pesan sesuai tempat duduk yang kita mau segera mungkin 👌✌🖤 🖤🖤
5;Mantap lebih mudah buat pesen tiket nonton tanpa harus ngantri bikin pegel kaya orang susah. Dan ada potongan harga terus setiap nonton bikin betah pesen tiket di TIX ID.
1;Pelayanan sangat kurang baik. ada masalah (Status sedang mengecek kursi) saat pembelian tiket sampai filmnya mulai juga tidak ada tanggapan/pengembalian dana. Kursinya udah bersih min... Ga usah dicek mulu,Warnanya tetep merah.
5;tix id sangaat simple,pas baru2 dikeluarin nih aplikasi sampe sekarang masih di pake,makasih atas semua discon yang sudah dikeluarkannya min..
1;hari ini saya kecewa dgn aplikasi ini, saya pesan tiket jam 10.30 untuk nonton jam 11.15 sampek skrg jam 11.10 kode pemesanan blm saya dapat. sudah telfon CS tapi gak bisa di hubungi. tolong perbaiki lagi pelayanannya. saya bayar bukan minta gratisan.
5;mudah praktis dan nyaman dan murah karena selalu diberikan disko...tidak perlu antri sangat simple..thanks TIX ID
5;suka sih. pembayaran gak ribet apalagi pake debit bisa langsung motong, tapi saya blm cek motongnya sesuai apa enggak, over all suka 👌
5;terima kasih TIX ID jd hemat waktu dan hemat uang jg tidak capek ngantri....layanan yg bermanfaat banget dan jangan lupa download TIX ID dan download DANA untuk pembayarannya krn ada voucher yg bs menghemat pengeluaran ,makin mudah,nyaman dan hemat,terima kasih sekali lagi buat TIX ID jg DANA,banyakin voucher atau promo nya ya...terima kasih
3;Saya kasih 3 bintang dulu ya, saya baru pertama kali cobain aplikasinya buat nonton avengers. Saya udah pesen bangku sih semoga aja pas discan disana lancar ga ada kendala apapun dan saya bisa kasih 5 bintang 🤗
5;saran mending ga usah deh kerjasama dengan Dana, ribet bos pembayaran, saya udh ada saldo tapi lupa pin, nunggu respon sampai berjam jam tidaj ada kelanjutan, akhirnya tiket juga sudah kehabisan, saya komen di instagram Dana , malah mereka hapua postingan,
5;awalnya menggunakan scan tix ini saya tak tagu sama sekali,apa lagi sewktu nnton suzana bangkit dari kubur,smpai sampai gk main scan scan lagi main masuk aja,karena situasi terlambat,pkoknya TIX ID super simple..
5;sangat membantu.. tidak perlu mengantri lg dan bs beli tiket sesuai tanggal kita mau dan bebas pilih seat juga.. 😘 promo dan diskonnya dibanyakin ya tix id.. thankyou
5;"Bagus deh aplikasinya,kita jdi g ribet klo mau nntn,gausah ngantri"" juga. Tinggal booking,trs cetak tiketnya disana. Oh ya,di aplikasi ini buanyak promonya lho! Biasanya yg di promo itu film"" yg bgs. Lumayan kan,50% ehehe. Pokoknya aku rekomen in kalian buat download apl ini:)"
4;yuuk invite code ini yaa TJFCDY sayang banget nomor dananya gak bisa diubah akhirnya dana sbelumnya hilang lantran nmornya udah gak kepake lagi/terblokir coba saja bisa di ubah pasti uang danaku bisa kepake buat tambahin beli tiket lagi 😭😭
4;bagus sih gk perlu antri...tapi pas mau byar agk ribet...pas ad promo pake kartu kredit...eh jarigan lg brmslah ktny...jdi agk males....klo ada promo harusnya kan di antisipasi agar jgn smpe ada yg erorr...
5;Aplikasinya sederhana... Memudahkan pengguna... Adanya promo... Harga menjadi lebih murah... Bermanfaat.
5;Luar biasa ini aplikasi, sangat memudahkan kita dalam membeli tiket tanpa ribet, tanpa antri, pokok e memuaskan dan muantep, mudahan bisa konsisten ya Tix id dalam pelayanan nya
4;Bisa pilih tempat duduk tanpa antri. Tapi pembayaran dengan kartu visa agar ditambah keamanannya dgn mengirimkan kode otentifikasi dulu ke nomer hp pemilik baru pembayaran bisa berhasil.
5;sangat membantu, bagi saya yang tidak banyak waktu utk ngantri tiket. bisa order jauh2 hari! datang ke bioskop tinggal tuker. okey! semoga tixid bisa lebih baik lagi, lebih banyak lagi konten2 baru utk dapetin point tidak hanya undang temen, ngasih survey aja.
3;padahal tadi malam udah mau book tiket yg duduk satu root....tapi ga bisa harus tunggu jam 8, pas jam 7 tadi di cek...ehhh udah diisi orang....kecewa...pdahal kan saya duluan yg mau booking tpi dipending sama aplikasinya..
5;memudahkan pembelian ticket bioskop dan info - info seputar film dan Kursi bioskop yang ingin di tonton dan di pilih. Tingkatkan terus dan tambah terus promo - promonya.
4;aplikasi mudah digunakan dan selalu mempermudah dalam pemesanan tiketnya. saya jadi tidak kesulitan untuk mengantri terlalu lama di bioskop. terima kasih :)
5;suka banget, kalau ada promo selalu ngikutin. banyak promo setiap rabu pasti 50% disc nya dan kadang weekend juga kadang ada promo nya. makasih tix.id jadi lebih hemat duit saya untuk nntn😁😁
4;saya sangat terbantu dengan adanya TIX ID. gak perlu antri beli tiket lagi, proses nya juga mudah, dan cepat. efisien banget lah. tapi sedikit saran, kalau bisa print out tiketnya juga bagus seperti saat beli on the spot. kertas tiketnya tipis begitu, jadi kurang afdol hehehe terima kasih.
5;good lah... cuma mau nya.. pesan booking harga nya tetap sama.. tanpa biaya adm Rp.3000. kalau untuk promo.. oke banget.
1;Kecewa.... Ada promo 50 persen pas pemilu 2019, setelah bayar pakai Dana, status diproses, sekitar 30 menit kemudian, ada pemberitahuan gagal dapat tiket, pembayarannya direfund. Coba lagi, eeeh... sudah tdk ada promo.
1;pertama saya pesan harga 2 tiket 110.000,kemudian ada potongan saat akan melakukan pembayaran menjadi 88.500,merasa happy... tapi ternyata pemesanan d batalkan dengan alasan kursi sudah di pesan... ketika saya pesan untuk yang kedua kali nya harga tiket menjadi 116.000 tanpa potongan,merasa kesal.... aplikasi ini sangat tidak recomended...
5;"pertama saya pikir susah buat mesennya ternyata lebih gampang klo pakai ini. selain gak bikin ngantri lama"" jg bisa hemat biaya pokoknya hrs coba deh beli di tix id"
1;dasar aplikasi gak jelas dari tadi pesen keterangan sedang di proses mulu, tiketnya belom keluar saldo udah ke potongg, bangsaat emang, gausah lu download nih aplikasi, lama lama gak jelas anjinggg!!!!! balikin saldo guaa taii!!
1;proses nya lama sekali. saya menunggu 1 jam lebih, saldo dana sudah di potong dan setelah 1 jam lebih dengan mudah nya tix id membatalkan pesanan sy. dana nya di refund. padahal jam tayang sudah dekat. sangat kecewa, harus nya kalo ga bisa lgsg aja gagal kan pas pemesanan jgn suruh nunggu yg sangat lama
5;terimakasih tix karna aplikasi ini bikin midah untuk beli tiket,masukkan buat aplikasi ini tolong di permudah bagi pengguna yg lupa pin dana agar bisa dipermudah untuk mengganti pin dananya walaupun lupa pin dananya itu saja terimakasih tix
5;suka dengan aplikasi ini, tapi terkadang karna banyak yang ngantri kalo moment promo transaksi sering di batalkan, bisa nunggu berjam jam agak sedikit kecewa, tapi overall this is good app
1;"tidak bisa beli tiket pre sale avengers end game hari ini tombol ""lanjutkan"" tidak berfungsi. timbul pop up promo habis ditanya mau lanjutin tanpa promo jawab iya tapi tetap g berpindah disitu2 aja"
5;Buat kalian yang berencana download inget pake kodeku ya : EBPAS1, Tix id kerenn. Ini aplikasi keren dan simple banget cara makenya, saya tidak harus susah susah ke bioskop, dari aplikasi ini sudah bisa memesan tiket dengan mudah. Selama aku make app ini aku belum nemu adanya bug saat pembelian, transaksi dilakukan secara sangat lancar dan tidak ada kendala apapun. terima kasih buat tix id karena telah membuat aplikasi yang nyaman dan praktis untuk dipakai. Mudah, praktis dan efisien intinya ya.
5;best app, tapi buat yg voucher tix katanya harus masukin kode, sudah ditunggu tapi tetap tidak muncul ...terus dibiarin tiba2 vouchernya langasung masuk sendiri,sedikit aneh ....itu saja sih yang harus ditingkatkan...sisanya good job. thanks buat app nya sangat membantu :)
5;Menurut saya aplikasi ini sudah bagus, tapi ada sedikit saran nih, gmana kalo buat profile usernya dibuat 1 lebih keliatan lagi, soalnya skrng masih ketutupan sama poin tix nya. Makasih
1;untuk beli tiket bioskop masih belum merata di indonesia timur khususnya kendari disini bioskop ada 2 tapi tak ada yang join dengan tix id saya cukup kecewa didaerah jember bioskop ada 3 tapi kenapa cuma satu yang ada
5;"Sangat membantu dalam boking tiketnya, gak perlu antri dimana"" bisa belinya, diskon 50 % kadang"" pas dipesan ehh, ya sudah mantab kok"
5;sangat puas beli tiket dengan tix.id lebih praktis dan gampang pilih seat sesuai keinginan. gak perlu antri karena suka kehabisan klo mau nonton film favorite. tambah bagus karena suka ada diskon atau buy 1 get 1
5;saya suka aplikasi tix id ini cara pembelian nya mudah gapake ribet dan admin nya fast respon sungguh sangat membantu apalagi ada banyak bonus bonus nya, kalian coba aja download dan masukan kode nya NUZHLT
5;sangat membantu, kadang banyak promo, dan juga ada pre sale jadi gak takut kehabisan tiket dan gak perlu lama2 ngantri
3;masih kalah sama punya cinema21.Nunggu presale lebih cepetan cinema21.udah gitu promo sering di batalkan.terus pesen tiket eh di batalkan juga dengan alasana tidak menemukan kursi.saya pikir sudah keduluan cinema21.karena saya pesen jam 1 mlm.gak mungkin laku offline.sekian
1;Dari tahun lalu, selalu waiting seatsnya lama. Perbaiki dong sistemnya. Udah nunggu lama, ternyata ga dapet. Kalau tau gitu kan bisa pilih seat lain. Mengecewakan.
5;tolong diupdate lgi dong klo pilih kursi favorit gak harus isi saldo dulu cuma liat kursi yg masih ada dan yg kosong tinggal berapa aja kan blm tentu langsung bayar harga tiketnya
5;Y 9 7 9 Y K -> gunakan kode undangan untuk dapetin 1000 koin gratis. Aplikasinya bagus dan mudah, keren banget dan banyak promo. semoga promonya semakin ditingkatkan lebih banyak lagi.
5;Mengasikkan,memudahkan,dan sangat bermanfaat. mempermudah dalam memesan tiket bioskop dan Promonya mengasikkanhahahaii, Thank's TIX ID.
5;Sampai versi ini 1.16.0 saya belum menemui kendala di dalam aplikasi Tix ID ini. Kecuali pernah kendala di bioskopnya, yaitu komputer di e-ticket nya tdk bisa nge print otomatis barcode saya, lalu sudah di coba ketik manual tetap nomor ticket saya tdk terdeteksi, sampai security nya bingung hingga Manager nya juga bingung. Akhirnya di beri ticket manual oleh pihak bioskop, tapi di karenakan film nya sudah mulai dan kita telat 20 menit, kita di bolehkan refund uang di bioskop tersebut. Tangerang.
5;aplikasi ini sangat bagus bisa beli tiket aku bisa nonton film dumbo untung tiket nya belum habis sama kursinya😀😀😀
5;Sangat puas dgn TIX ID dapat diskon 50% praktis dan ga usah antri beli tiket, jadi pengen sering2 nonton deh...bisa pilih lokasi terdekat dgn rumah lagi.👌👌👌
1;kok bs dapat rating 4.7. seharusnya dpt rating minus skalian. beli tiketnya susah. pngembalian refund dari dana yg super lambat. yg kerja di situ kacau semua. perusahaan startup paling payah. modal gaya doang
4;Saya suka nonton dengan aplikasi TIX ID karena sering ada promosi, juga kita tidak perlu antri panjang. Sayang jarang ada promo buy 1 get 1 free ticket
5;TIX ID - sangat bagus dan bagus sekali untuk beli tiket dan bisa langsung masuk tanpa mengantri untuk beli tiket di lobbynya Cinema XXI
5;aplikasi yg bagus.. sangat membantu dan banyak keuntungannya.. banyak diskonnya.. dan banyak info film2 terbaru..
2;ini gimana sih aku udh top up trus pilih film dan bangku.. Saldo dana udh brkurang dan tiket barcode g bisa mncul dgn tulisan kursi sedang di proses
4;sejak apl di perbarui ada proses kursi segala trlalu lama untuk prosesnya...enak kaya dulu beli bayar langsung bisa..sekarng trllau ribet...kembaliin kaya dulu min
1;HALO TIX ID. Kok aneh ya harga tiket masuk di bioskopnya sama yang tertera di TIX kok beda? nih contohnya di ubertos bandung HTM nya itu 25.000 di TIX malah 30.000. lah pake diskon promo apapun jadi sama aja boong.
5;Aplikasi yg keren dan mempermudahkan mau pesan tiket secara mendadak / sambil bekerjapun selalu gak ribet , Tingkatkan kembali 👍
5;mantep aplikasi nya sering ada promo 50% di film baru, cuman kdang not respond apk nya, dan kdang susah milih kursi nya yg mna yg msih kosong sama yg sudah di beli orang, telat update info kursi, tapi pengalaman teekahir udah responsih sih ada auto refresh saat milih kursi, de best dah
5;aplikasi nya semakin lama semakin bagus👍👍 pas promo tetap lancar tidak selalu terjadi kesalahan. semoga dapat ditingkat kan lagi👍terus harapannya semoga tixx id menyediakan pemesanan makanan untuk di bioskop juga hehe biar semakin praktis kalau nonton 👍😂
5;udah setiap minggu pke aplikasi ini buat nnton film ksukaan..keren, ga pke antri, banyak promo, langsung masuk udh pilih kursi sendiri pula 💃🕺👯
5;Sangat membantu, mudah dan cepat, dimana pun dan kapan pun bisa digunakan untuk memesan film favorit yang akan ditonton tanpa harus ribet ngantri. Terimakasih TIX ID 👍🙏
5;saya baru instal, dan coba pakai beli tiketnya, dan boom diskon 50% dr harga tiket normal, entahlah seterusnya atau hanya utk pemakai baru, saya gk tau, overall recomended app!!
1;kalo kursi udah terjual, knapa warnanya masih tersedia ya ? begiti diklik, dan selesai bayar, eh malah dibatalkan dan refund gitu aja terus sampe seribu kali ga dapet2 kursinya .. padahal udah pindah2 pilihnya .. jawaban tetep sama ..untuk pengembang. tolong dong diperbaiki ! terimakasih...
5;cepat praktis dan asyik bisa pilih kursi langsung tanpa antri. jadi kalo waktu dan jarak jauh bisa order dulu cuma lewat hp . hmmm mudah banget
4;Bebas antri, namun sayang ada biaya admin yang sangat besar menurur sy... hampir sama seperti biaaya admin transfer beda bank... mudah2an bisa gratis untuk kedepan'y tanpa ada biaya admin. dan sering2 kasih promo ya min terimakasih
5;gak perlu antri, atau kehabisan tiket.. pilih lokasi mau nonton dimana, pilih film, dan pilih tempat duduk.. gak usah takut salah nonton karena bisa review dulu film nya.. mantap jiwa untuk jomblo yg ogah antri tiket.. hhhhh
4;Dulu sebelum di update pesan tiketnya bisa cepat, kenapa setelah diupdate pas mau pesan tiketnya jadi lama sekali ya prosesnya. padahal pembayaran sudah berhasil tapi status menunggu kursi sangat lama.
5;kemarin sempat gagal transaksi tapi ditunggu sehari ga ada refund. setelah cari2 info bs hub cs via email, dan langsung ditanggapi dengan baik dan cepat. alhamdulillah sudah di refund pengembalian dana-nya.
5;utk top up saldo nya bisa sesuai tagihaan, seneng bgt dah pkonya, uang kita jadi gak mengendap di aplikasi. dapet diskon pula. makasih TIX ID ❤❤❤❤❤
5;mau nonton film tinggal pilih film, pilih kursi, bayar via online... pokoknya klik klik klik di TIX ID ... dari mana sj dpt deh tiketnya.. apalagi kalau promo buy 1 get 1 ... sip deh..
1;kecewa sdh booking jam 10 pagi pas jam tanyang film nya kode boking ga ada,, padahal transaksi berhasil,, ya bukan masalah di nominal nya krna promo diskon 50%,,tapi rugi di waktu,, plan nonton jadi terhambat,, 👎👎👎👎
4;Tix id memberikan kemudahan untuk semua orang, saya menggunakan untuk memesan tiket bioskop dan proses nya cepat tinggal klik tiket sudah berhasil transaksi.
5;Gampang banget mau pesen tiket. Gaperlu jauhjauh ke bioskop sudah bs booking nomor kursi yg dimau, apalagi film yg hits pasti cepet full nya. Dari rumah pun sudah bisa booking, blm lagi promo discountnya, lumayan lah
5;Info film nya lengkap, ada promo2 nya dan proses pemesanan tiket cepat..suka deh..😊
1;proses mengecek kursinya lama. eh udh nunggu lama malah gagal katanya kursi sudah tidak tersedia, padahal pas di cek masih. gimana sih tix id.sudah coba 4x Gagal terus
5;Sgt baik, memudahkan untuk pembelian tiket, gak perlu antri lama lg... Di tingkatkan lagi, biar bisa nnton di tmpat lain gak cuman cinema21 aja
2;aplikasi oke.. mudah transaksi hanya saja tiap pembelian tiket promo.. Tidak Banyak pilihan kursinya... CM bs milih 3 baris Didepan layar.. pdhl pas masuk studio kursi byk yg Kosong.. Ahkirnya 15 menit mulai film mundur Cari kursi Kosong lainnya untung2 g Ada yg punya tu kursi.. klo diusirkan malu jg.. klo nntn sedekat itu bisa juling mata.. Jd kesannya g niat kasih promo...
5;"Kenapa skrg tiap mau pesen tiket di refound trs, susah banget kalo mau pesen sampe coba berkali"" mesti kursi terjual lah kursi tidak tersedia lah..."
5;ini bagus banget kita bisa liat filem apa yang sedang tayang ,harga,promo,dan kursi masih kosongnya dan bisa langsung beli tiketnya praktis dan mudahhh
4;sangat membantu untuk kita yg bekerja, karena dengan TIX ID kita tidak perlu ngantri di bioskop. Tapi suka kesel karna aplikasinya suka eror atau lemot. masih harus diperbaiki agar lebih bagus lagi.
3;Dulu aku suka sama tix id, tapi skrng semenjak di perbarui malah jadi lemot gak ketulungan. Sinyal 4G lancar lancar aja buka app lain, tapi buka tix mendadak sangad sangad lemot sampe gambar2nya aja gak ke buka buka udah berkali kali dicoba.
4;promo nya masih sedikit sekali, keuntungan menggunakan app ini belum terlalu maksimal, masih sebatas bisa order tiket sebelum nonton. tolong ditingkatkan lagi promo2 nya. thx
3;Saya tidak bisa masuk ke aplikasi,,dilayar tertera ada kendala,,sudah saya uninstall dan install berulang2 masalah tetap sama saya mengalami ini dr tgl 6 maret sampai hari ini jga belum bisa masuk,,sebelumnya tidak ada kndala
5;hai TIX 🆔 saya ucapkan terimakasih, aplikasi ini sangat memudahkan saya dalam membeli tiket tanpa ribet tanpa ngantri, dan selalu diberikan kemudahan dalam melakukan transaksi ditambah dengan voucher dan diskon diskonnya. semoga makin banyak orang yang menggunakan aplikasi ini.
5;lain kali jngn banyak jebakan lagi dong min, bagus sih bnyk promo, tp harus hati2 bagi yg maruk wkwk tp aplikasi nya bagus kok, ga ribet.. mantap
1;saya punya poin 9000 setelah mengaktifkan loyal tix tp knp pas hari ini poin tinggal 2500? Di faq tertulis poin yg di dapat dari januari-juli memiliki masa berlaku sampai akhir desember. Seharusnya poin saya tidak berkurang. Mohon solusinya.
1;gajelas sama ntah jaringan, ntah aplikasinya yg awal nya baik2 aj, skrg uda gabisa boking tiket buat besok, cuma bisa buat hari ini. abisin saldo, terus uninstall. no rekomended
1;servernya ini murahan,loadingnya 1 jam. giliran milih kursi sudah ke isi. bukannya membantu dengan aplikasi tapi tambah ribet hadehhhhh.... sekali pake aja deh habisin saldo terus uinstall.
5;sangat membantu untuk pembelian tiket tanpa harus antri panjang sepanjang kereta macet 10KM dan juga bisa melihat dimana bangku yang masih kosong..tix.id the best banget pokoknya deh
5;sangat puas buat promo tiket filmny. terus kembangkan dan konsisten ya. tx a lot. very good app to instal it.
5;Bagus Tolong ditingkatkan lagi cara pembayaran tiket dan pengubah Password jika terjadi lupa Password.. Semoga bisa di permudah dan tidak makan waktu untuk kehabisan tiket
1;gimana sih aplikasi ini, dari awal ga suruh buat pin dana tix tpi pas udah top up trus mau beli tiket harus masukin pin dana tix id dulu, mau ganti nomor telefon jg ga bisa, saya kecewaa bgt ga jadi nonton dan uang saya kebuang sia sia
4;Maaf transaksi saya kemarin di scan barcode tertulis tiket sudah dicetak. Padahal saya belum mencetak. Ini berakibat saya terlambat masuk studio dan nda bisa lihat film dari awal. Tiket bisa dicetak setelah diproses manual. Mohon perbaikan sistem barcode supaya tidak ada yg terkena seperti saya. Terima kasih
1;Tolong perbaiki lagi, masa saya udah kumpulin loyal tix sampe 259rb, barusan saya buka mau beli voucher point sya tinggal 4rb?? Bayangin geh saya rugi itu blom saya apa2in. Jugaaan saya dapet pointnya baru februari maret 2019 ini dari 259rb jadi 4rb??? Tolong lah penjelasannya
1;Coba pake aplikasi ini sekali, tapi sedikit kecewa. Kenapa pembayaran tidak bisa tf langsung saja, dan harus melalui dana? Lupa pasword transaksi untuk dana, harus hubungi ke cs. Akhirnya uang yg sudah di tf ke dana, tak bisa diapa apakan 😔
1;Ini gimana sih. Mau top up saldo aja susah bngt, udh coba bolak balik atm, ttp gabisa, mana pake metode pembayaran lain ga bisa di klik lagi. Hadehhhhhh
5;Pesan tiket untuk nonton gak usah ribet2 amat buat ngantri panjang lagi.. Cukup pesan secara online dan bukti transaksi diperlihatkan ke kassa. Langsung dapat tiket deh.. Prosesnya lumayan cepet juga lagii.. Makasih tixid pokoknya sangat membantu bangett. 😁. Dan recomended bangett buat kalian yang malas ngantri dan nunggu lama untuk pesen tiket buat nonton.. Pake tixid aja.. Dijamin cepet berlebih suka dapet promo juga lhoo.
1;pembayaran berhasil, tapi menunggu kursi nya mesto lama. berkali2 gini terus, kadang gagal karena kursi sudah terisi. aplikasi siluman, saran saya ganti IT progammernya saja.
1;saya tidak bisa masuk karena selalu tampil *jaringan anda tidak aman, silahkan coba lagi beberapa saat* hal ini selalu keluar selama 2 minggu dan saya terus mencoba namun tetap gagal Gimana dong ?
2;Ini kenapa kok gw udah uninstall 3X masih gk bisa yah? Tulisan nya pokok sinyal nya error padahal wi-fi nya kenceng banget loh tetep aja gk bisa.. tolong dong saldo saya 50K ke atas nih sayang kalo gk bisa..
5;Sangat memuaskan, pesan mudah, cetak tiket mudah, dan mudah aplikasi nya. Terus dipertahankan.
3;kenapa setelah dipakai (instal) trus gak dibukak beberapa hari, pas dibukak gak bisa. server error gitu. padahal internet jalan. trus harus unistall trus instal lagi baru bisa. perbaiki y
1;aplikasi burk bagi saya. sebanyak saya manggunakan aplikasi, ketika lupa pin pasti ada solusi yang di berikan. tetapi Tix id melalui aplikasi nya merubah pin dana, kemudian di arahkan ke cs atau email tetapi no respon dari pihak nya. saya ingin saldo di dana saya di kembalikan!
5;Sangat mudah digunakan dan no ribet².. bebas antri dan pembayaran mudah... tingkatkan selalu layanannya.. berikan kemudahan dan keamanan data bagi setiap pemilik akunnya..
5;pertama kali pake aplikasi TIX ID langsung memberikan kemudahan untuk membeli tiket nonton, salah satu keuntungannya adalah gaperlu lagi takut keabisan tiket atau gak kebagian tempat duduk, nice app
1;pelayanan sangat mengecewaka saya beli 4 tiket disini pembayaran melalui creditcard tetapi kode tiket baru keluar 40 menit setelah film dimulai, jadi saya beli tiket lagi offline dan uang tidak kembali!! tolong di perhatikan ! sudah complain tapi tidak bisa karna kata cs nya dianggap sudah complete transaksinya.
5;sangat membantu adanya app ini , tidak perlu mengantri tiket padasaat nonton film yg baru rilis . ada tempat layar monitor yg ingin kamu tonton tinggal tunjukin barcode yg tertera d stu langsung cetak dehh tiket yg kamu nonton sangat mudah dan cepat tdk perlu mengantri lagi deh .
5;Masuk Era Digital Revolusi Industri 4.0 TIX Id Telah Merevolusi Pembelian Tiket dari Manual ngantri ke digital tinggal sekali klik. Aplikasinya Easy Looking, Easy Using. Thanks
1;biaya pembelian tiket nambah per satu tiket 😂 ga sekalian aja promo 2tiket plus biaya adm! plus lagi isi ulang juga kena biaya administrasi. hanya dimudahkan untuk tidak antri di bioskop aja ini aplikasi. selebihnya ber biaya tambahan.
5;√bagus aplikasinya selain kasih diskon, kita juga jadi lebih mudah, dan gak perlu cape cape antre lagi, kalo yang masih bingung cara make tix id itu gimana? cari di youtube cara menggunakan tix id nice banget lah applikasinya√
5;pake aplikasi tix id jadi lebih mudah buat pesen tiket nonton di xxi. ga perlu antri, bisa pilih kursi dan pembayarannya bisa dari mana2. mantabss!!
5;Sangat membantu sekali buat saya yang males ngantri beli tiket ke bioskop, belum lg jarak bioskop dr rumah lumayan jauh. Promo nya juga sangat menarik kalo bisa ditambah lebih banyak lagi ahaha. Sekedar masukan buat tim dev TixId, tambahkan fitur beli snack di bioskop juga dong, tp jangan dikenain biaya layanan, soalnya harga snack di bioskop udah mahal buat sobat misqueen seperti saya wkwkw.
4;semoga dipertahankan diskon untuk pembelian di tix id,dan semoga lebih stabil lg koneksi di aplikasi tix id yg karang suka disconnect sinyal.
4;saya beri 4 bintang .. karena TIX suka buat saya kaget ! masa hampir setiap saat saya selalu dikagetkan dengan diskon 😋 . tambahan saja sebelum dapat bintang 5 tolong sertakan data studio mana yg digunakan ketika saya memilih tempat duduk .
2;kecewa sama pelayanannya, masa sekarang kalo lupa PIN dana kam suruh telpon atau emaik, nah pas ditelpon gabisa, aneh, tolong dong beri yang gampang caranya, kalo lupa pin dana, kami butuh yang simple
5;App yang sangat membantu. Bisa pesan tiket bioskop dimana aja dan ga perlu antri. Di tambah banyak diskon nya. Sangat rekomendasi lah buat yang hobi nonton
3;ribet banget, mau beli tiket harus verifikasi pin dulu terus lama lagi kalau mau ganti pin dananya kalau lupa. duh ampun dah respom customer servicenya lelet
5;"Praktis banget dan suka ada diskon , walaupun ada biaya admin cuma worth it laah ketimbang harus antri panjang"" hehe"
5;Beli tiket jadi gak usah ngantri, aplikasinya juga gak ribet, info filmnya juga lengkap & seneng banget karena promo buy 1 get 1 ....
2;Bisa di bantu?? saldo saya masih ada 245K, waktu app minta update dan setelah di update akun ke log out, nah karena password nya lupa saya lupa password, cuman waktu masukkan nomor, nomor saya tidak terdaftar..
1;ini gimana sih ni aplikasi, dh pake kode undangan nya, dan udh ada yg di tambahkan pake kode undangan saya, tp kok voucher nya malah gak masuk2, bukan cm 1 org yg saya tambahkan, tp malah 5 org tp vocher ttp gak masuk. pembohongan publik ini aplikasi
4;bagus mempermudah proses pembelian tiket bioskop tanpa ribet antri, tapi kenapa tiap ada pembaruan gabisa di buka malah harus di update 😏
2;Ruwet. Update tok ae. Payment dah berhasil eh malah direfund. Padahal kursinya jelas jelas kosong waktu aku milih. Pas dah payment berhasil gataunya malah direfund. Udah top up DANA juga, hapusin semua aplikasi demi 2 aplikasi ini malah gitu.
2;Kok gabisa nge booking ya? Selalu batal padahal jam dan tempat duduk kosong. Tp batal terus, Untung dananya langsung ke refund
5;kereen banget pake tix ga perlu antri lama buat dapetin tiket nonton, apalagi di tix sering banget ada promo buy 1 get 1 free, dan banyak promo / diskon lainnya. mantep dah pake tix id
5;Sebenernya udh lama pake TIX ID ,, tapi baru review sekarang,, kalo mau nonton di bioskop gak perlu ngantri untuk beli tiket dan gak takut keabisan tiket kalo pas ada keluar film2 baru yg bagus,, bayar nya juga gampang dan banyak promo2 nya,, semoga bisa lebih ditingkatkan lagi yaa :)
4;lebih mudah, gak perlu antri tp biaya adminnya..klu bisa 2rb aj, kan lumayan buat parkir sisanya...heheheheee. Saya kasih bintang 4 dl y...sisanya nyusul, klu adminnya 2rb y
2;point loyaltix belum berfungsi dan belum masuk padahal saya sudah mengundang beberapa teman, saya akan tambahkan bintangnya jika fitur sudah berfungsi
1;Saya tadi siang menggunakan aplikasi ini karena mau nge boking tiket nonton tapi aplikasi nya malah gak nge respond alias Error...,saya berharap semoga aplikasi ini bisa meningkatkan k profesionalan nya lg.. ,n sebaik nya anda kalo mau nge boking tiket nonton jangan menggunakan aplikasi ini...,saran saya bagi yang ingin nonton d cinemax, cari apk lain selain apk TIX ID..., sebelum Anda d kecewa kan oleh apk ini yang stabilitas nya sangat tidak profesionalitas...👎🏿
4;semoga promonya dibanyakin, karna kalau tidak pakai promo beli tiket via tix id lebih mahal karna ada biaya penanganannya.
1;saya pernah Download aplikasi ini, aplikasi ini gak bisa diakses krna dia minta kata sandi pas saya pake email saya passwordnya malah gagal terus padahal udah bener password emailnya. tolong dong diperbaiki atau yang tau caranya kasih tau ke saya
3;"ko aplikasiku ga bisa dibuka terus ya? tulisannua selalu ""sambungan anda tidak aman"" udah di update dan pake wifi ataupun data seluler biasa tetep sama."
1;saya sangat kecewa sekali masa saya coba terus untuk pemesanan di Jam 19.15 Film di Mulai Bioskop kota Palembang di Internasional Plaza tidak bisa di pesan tiket nya gagal untuk Film Dilan 1991 padahal kursi saya pesan kosong & saya isi tidak bisa coba terus sama saya lakukan kursi yang berbeda tetap sama begitu,,, di saat saya coba sekali lagi jam berbeda di jam 21.00 sama saja tidak bisa MOHON DONG DI PERBAIKI SISTEM NYA GIMANA INI ??
5;suka banget sama aplikasi ini. selain kasih diskon, jg kasih kemudahan untuk bertransaksi nonton film bioskop tanpa antri tiket lg 😍😍
1;parah sih kecewa banget, udh sukses pembeliannya kode booking sama barcode ga keluar, minta refund ga ditanggapi, ribet banget buat minta refund aja, tiket angus beli tiket baru, gimana ya aplikasi sebesar ini bisa mengecewakan pemakainya.
1;Loadingnya lamaaaa banget. Pas kebuka kadang malah ga ada kursinya atau ga bisa pas payment. Udah berhasil pesan malah dinyatakan pembelian gagal. Pas mau bayar, loadingnya lama lagiiiii.... Duhh.... Kecewa sekali....
4;"Good, kalau saya sih aman"" aja.. hehe.. Mungkin yg belum bisa coba dipahami lagi. kalau pembayaran atau topup DANA. Dan check kursi jg. kalau pas bayar terus ga bisa. itu berarti kursinya udah di ambil sama yang lain. Bayarnya jgn kelamaan kalau udh booking. secepat mungkin dibayar. Menurut saya yang kurang di Tix Id itu bagian promonya ga berjalan dengan baik. Apalagi moment yang 1111 itu. Server nya buruk sekali.. atau ada kendala lain? Pokoknya kalau dibagian promo masih sangat buruk"
4;membantu banget, praktis dan banyak promonya. kalau bisa harga adminnya dikurangi ya, 2.000 gpp jangan 3.000 karena berat seperti rindunya milea ke dilan.
5;Aplikasi the besttt!!!! karna dengan ini bebas antri, mudah, ga ribet, pokoknya sukses terus untuk tix id!!! makin jayaaa, makin memberikan promo2 yg luar biasahhhhh💕💕💕💕💕
5;ini sih membantu sekali.. lebih mudah dan banyak promonya.. thank you tix id.. download dan pake kode GSMTT2 untuk mendapatkan 5000 point yg bisa ditukarkan dengan voucher..
3;kenapa mau topup dana kok susah bangeettt yaakk 😑😑 saya pake metode transfer antar bank itu transaksi gagal lah, nomer rekening tujuan salah lah padahal kan udah di salin itu kode VA masa salah promo sampe keburu abis itu topup gak bisa bisa, apa yang salah sih ??
1;"sangat kurang bagus. versi terbaru telah rilis . saya upgrade tidak bisa. sya hapus aplikasi saya download lagi juga tidak bisa . tulisan yg tertera hanya ""mendownload tertunda"""
5;keren..... sangat membantu untyk pembelian tiket nonton, istimewanya bisa lebih hemat karena banyak discountnya, plus tidak susah lagi untuk membeli tiket. tidak usah mengantri lama cukup klik aja
3;suka tiba2 lemot gtu... kadang lama bgt untuk ngebuka aplikasinya sebel kan... apalagi kalau lg udh buru2 mau nntn... tolong perbaiki dong
5;pakai aplikasi ini memudahkan saya untuk booking tiket. ga perlu jauh jauh dateng ke bioskop buat beli tiket. sukaaaaaaaaaa banget. .sangat membantu. ada diskonnya juga. . sungguh menyenangkan. . . . Qu sarankan buat pecinta film yang ga mau repot biat antri tiket. . recommended buat semua.
5;sangat memudahkan dalam membeli tiket dan memilih tempat duduk.. ketepatan pesanan tiket sesuai yg di ingin kan dan memudahan pencetakan tiket secara mandiri.. tanpa harus ribet antri..
5;Kemarin pesen tiket Dilan '91 untuk nonton hari ini, belinya pake tix id buy 1 get 1, lancar banget, ga ada kendala, pesen tiketnya mudah, bisa pilih kursi, cetak tiket di bioskop mudah banget, tinggal scan barcode langsung print. Bye antri panjang.. Thanks tix id
5;bagus. pembelian pertama tiket dapat promo belli 1 gratis 1. dan kalau mau nonton film yang banyak peminatnya jadi nggk usah capek antre yang ujung2nya kehabisan tiket
5;kenapa yang saya rasakan , untuk proses login atau memuat ulang sangat lama 
"sekali padahal jaringan data saya sudah stabil. mohon diperbaiki""";
4;lumayan mudah aplikasinya, banyak promo juga, walau kadang ada hal yg buat kecewa, tapi jarang sih, rekomended lah pkoknya. jdi 4 bintang dulu
1;Aplikasi ini sangat tidak recomended karena sangat sering terjadi eror dan double sheet tempat duduk sehingga tiket tidak bisa di cetak di bioskop, seperti tidak ada sinkronisasi pemesanan antara tix id dgn bioskop yang ada pada aplikasi ini, sangat tidak profesional dan merugikan user, uang tidak bisa kembali, tapi tidak bisa cetak tiket.. saran saya bagi yang ingin nonton di bioskop, cari aplikasi lain selain tix id, sebelum anda d kecewakan dan di rugikan.
5;aplikasi yang sangat membantu dalan pesan tiket movie, dan gak ngantri lagi deh pesan tiket movie nya. Thanks Tix ID dan pembuat Aplikasi saya kasih 🌟 🌟 🌟 🌟 🌟
5;sangat membantu tapi kenapa harus pakai aplikasi dana dulu ... agar lebih bagus satan bisa mbanking langsung atau mungkin bayar di indomaret/alfamart itu lebih makin menarik
3;Pertama kali pesan pakai promo, gagal dan refund batal. Sampai harus kirim email beberapa kali. Setelah ada promo dan akan digunakan malah sulit digunakan. Mohon diperbaiki🙏
3;bagus sih bisa cepat pemesanannya dll. cuman soal pembayaran tolong diperluaskan misalnya di indomaret atau semacamnya agar tidak harus transfer.
5;Hari ini saya dapat diskon, sudah motong saldo... Tapi gak ada konfirmasi kode pembayaran... Akhirnya saya gak dapat cetak tiket. Email tidak dibalas dari Tix ID Kecewa, padahal sering makek Tix
1;TIX.ID GIMANA NYA INI MASA KODE FERIFIKASI KAGA NYAMPE NYAMPE,SAYA UDAH TOP-UP 150 TAPI GA NONGGOL NONGGOL KODE NYA SAMPE NUNGGU 2 JAM LEBIH. TOLONG DI PERBAIKI SISTEM NYA! JANGAN HANYA MENGANDALKAN ROBOT SAMA SISTEM KOMPUTER. YANG RUGI BANYAK SOAL NYA!
1;ada pilihan bantuan untuk lupa pass... tpi ketika d klik selalu error pagenya, ga ngebantu banget, tolong dong perbaikin, sya udah top up bnyak ga bisa kepake karena lupa pass, dan g bisa d ganti passnya..
4;good lha,,, jdi gk usah antri di tiket hahaha, beli last minute juga bisa, trus dateng ke bioskopnya juga mepet pas waktu mau tayang juga its oke ...
3;kenapa selalu pembaruan dan jaraknya selalu dekat.?? saya sebagai pengguna merasa kecewa dengam begini membuang waktu untuk update.. kalau mau sekalian skala cukup besar MB dari pada kecil.. MOHON DI KOREKSI DAN DIPERBAIKI PELAYANAN INI.. ! Trimakasih.
3;"bagus sih kita bisa booking dan beli tiket tanpa antri tapi tolong dong proses pengambilan kursinya dipercepat terutama kalau ada promo gitu. kemarin saya ngambil promo tapi proses pengambilan kursinya sampe 90 menit. sedangkan film yang saya pesan sudah mulai 30 menit. lalu setelah itu baru ada notifikasi kalau transaksi berhasil. kan terbuang sia"" tiket saya jadinya"
4;Kalo promo masih suka lemot kursi yg dipilih kosong tapi pas bayar tau-tau dibatalin dari tix kursi yg dipilih udah ada yg di isi sempet kecewa sih karena nyoba sampe 5x tetep ga bisa, tapi pas nyoba yg ke 6x bisa juga. Senengnya ngga pake antri jadi ga buang-buang waktu dan uang di mall 😁
5;Alhamdulillah dapat vocer 25.000. kalau kalian mau install dan dapat vocer tinggal pakai kode vocer. (.URXLKV.) Saran vocer 100.000 itu palsu jangan mau pakai vocer 100.000 walaupun cuma2.
4;mantapp mudah dan nyaman pake aplikasi tix ini tapi kadang buat tiketnya agak lama prosesnya. semoga bisa jadi bahan evaluasi lagi
3;so far pke tix id slama ini alhamdulillah lancar n memuaskan banget sering dapat potongan, bahkan pernah dah beli tiket tp gagal, dananya langsung refund tapi..tapi ada talinya..wkkw cuma kekurangannya ketersediaan kursi kadang krg update...banyak terlihat msh kosong tp ternyata dah terisi n plus sering maintenance aplikasinya...smoga lbh baik lagi agar kami g balik ke aplikasi Mtix
5;Tingkatkan lagi, Agar menjadi lebih baik. dan tetap konsisten dalam kecepatan transaksi dan pelayanan.
1;pemesanan saya sudah 1 jam lebih diproses, tidak ada kejelasan berhasil atau gagal. kalau memang gagal segera di kembalikan saldonya, saya sudah email tidak di respon, saya sudah puluhan kali telfon tidak diangkat, pelayanan macam apa ini, sistemnya buruk sekali. lama - lama saya lapor polisi supaya perusahaan anda di tutup karna penggelapan dana orang-orang yang pesan tiket bioskop hilang.
1;aplikasi goblok , apa an proses lambat, 30 menit belum kelar, admin instagram juga no respon , goblol asli, jangan pake aplikasi ini ga rekomen, #uninstalltix.id
5;Aplikasi nya keren sangat membantu sekali sangat praktis tidak ribet antri, yg paling oke banyak potongan diskon. KEREN..!!!! 😊😊
5;Berawal dari aku dan doi yang hobi banget nonton, yang hampir tiap minggu ke bioskop. Dan akhirnya ketemu sama aplikasi TIX ini, udah gampang, murah, transaksi juga ga ribet, plus banyak promonya, uwaaah... pokoknya recommended banget❤
4;lumayan cukup membantu tidak ngantri tiket ke bioskop...dan kadang byk promo2 nonton film nya..ke depan nya semoga tix lebih baik lagi👌
5;Belajar dari film Infinity War dulu, saya gagal mendapat IMAX di hari pertama. Akhirnya saya mengunduh aplikasi Tix ID supaya dapat membeli tiket dipenayangan perdananya. Keunggulan Tix ID ialah dikemudahan top up DANA-nya. Penggunanaan metode transfer meliputi banyak bank sungguh memudahkan orang yang tidak mempunyai kartu kredit. Namun disarankan Tix Id menambahkan kerjasamanya dengan bioskop lain sehingga dapat memperbanyak opsi pengguna.
4;mempermudah transaksi, khususnya bagi mereka pencinta film. aplikasinya sudah cukup baik, hanya saya server terkadang tidak bisa diakses.
4;sayangbanget udah beli tiket di sini tapi pas di scan , nomor tidak terdaptar,dicoba berulang kali padahal udah bener semua. jadi buangbuang uang😫 agak trauma si..
5;nonton jadi gampang ga pake antri antri lagi. tinggal dateng scan dan masuk. bisa bebas pilih tempat duduk. pembayaran gampang. top banget deh
1;saya udah beli tiket 3,udah dpet kode juga dananya juga udah masuk,tapi saat saya mau nonton dibioskop saya ngga bisa dpet tiketnya, ditulisan NO SALAH terus pdhal kodenya bener,no.saya juga bener ,,saya sangat kecewa dengan aplikasi ini
2;suka sih jadi praktis tapi kenapa harus kena biaya layanan 3 ribu per tiket ,,padahal kita juga udah kena kuota buat buka aplikasi nya,, jdi membebani pembeli kalo beli banyak 3 x 5 = udah 15 ribu 😑
5;walaupun tydac bisa di semua bioskop, tapi okelah, sangat membantu biar ga antre tiket yg belum pasti dpt / nggak. dan promonya itu lhoooo, tiap hari kek, ada teroosssss. jangan cuma hari tertentu wkwkwkwk. thx u tix.id 😘😘😘
5;baguss dan sangat membant sangatvbagus aplikasi ni membantu kita yg kalau lgi sibuk ngak sempat membli tiket takut ke habisan d sini bisa cpt saya sangat suka aplikasi ni kalau bisa jgn sering d perbarui aplikasi nya
3;baguss, tapi sempat kecewa karena pas mau beli tiket dilan 1991 di tix id nggak bisa udah 19 kali mencoba beli dan selalu pembayaran di batalkan mohon kedepannya lebih baik lagi aplikasi tix id nya .😊😉
5;Berguna, membantu untuk memesan tiket dari waktu sebelum nya agar tidak kehabisan. Pembayaran pun mudah, apalagi bagi pelajar yang belun punya ATM, bisa melalui agen.
4;mantap, namun terkadang server suka cepat penuh klo banyak yg akses.. tolong ditambah kuota memory nya mengingat sering banyak promo.
4;kecewa .. padahal udh mesan eh udh nunggu lama juga malah di refund dan nunggu lagi jeda sampai akhirnya bisa , hmm gpp intinya berhasil .. tingkatkan kualitas aplikasi yah supaya jangan sampe banyak yang kena php kan kasian
1;tolong lah tix.id gaush kerja sama sm dana. tidak efektif, bertele2. LGSG KERJA SAMA SM BANK AJA. dana servernya error trus, kasian yg udh top up mau nntn hari itu juga tp pas mau bayar gabisa karna server error!
5;harusnya sih pembayaran dana nya bisa di supermaket mana aja . soalnya alfa mart saya jauh sih wkwkwk.. tapi so mantaplah
5;coba cara pembayaran transaksinya lebih fleksibel, tidak harus selalu pakai akun dana. misalnya pembayaran langsung kewat merchant seperti alfamart atau indomaret, jd lebih memudahkan transaksi.
3;dulu habis pesan DANA terpotong langsung dpt scan barcodenya, tetapi sekarang habis update tixid harus nunggu dulu, dan itu lama gtw ini sampai jamberapa... 😭😭😭💔
5;suka banget, kalau ada promo beneran masuk loh promonya. dana jg sangat membantu. proses juga cepat. enak gk perlu antre2 lagi.
1;aplikasi PEA. akun DANA nya gajelas,sudah isi saldo,lupa pin mau ganti pin dana suruh hub CSnya,giliran di hubungin,nomor CS nya malah tidak terdaftar,dasar aplikasi pea!!!!!!!! tolong perbaiki!!!!!!
2;Memproses kursinya setelah berhasil pembayaran lama sekali, jgn sampe udah nunggu lama tiba2 refund (lagi). Tolong dong perbaiki TIX ID ini benar2 tidak nyaman (lagi)
5;aplikasi mantab sekali lebih gampang untuk pesan tiket, banyak promo juga di sini. apalagi buy 1 get 1 nya 👍 sukses buat aplikasinya semoga seterusnya tidak mengecewakan
1;tolong kenapa gak bisa buka ya, sayangnya tix id terhenti, padahal udah unistall dan instal kembali, udh restart hp juga, ttp gk bisa
5;mau nonton gak pake ribet antri lagi , cukup duduk manis stay di rumah sambil booking film kesukaan , & banyak promo menarik
1;udah pesan tiket, udh pilih kursi, terus pemberitahuan sedang di proses , lebih dri setengah jam masih di proses, pas cek kursi yg aku beli, ternyata masih di jual nya, sedangkan pemberitahuan transaksi gagal gak ada, uang gak di kembalikan, KECEWA!!
4;saya berhasil beli tiket lewat TIX id, dan dapat scan barcode nya, tetapi tidak dapat nomor kode transaksi nya yg biasanya saya slalu dapat pada saat pembelian tiket tiket sblm nya. apakah transaksi saya ini berhasi? tolong tanggapanya min. terimakasih.
5;Menurut hasil Feng Shui saya 😁😂 Aplikasi ini berawalan hurf T yaitu Top dan di akhiri huruf D yaitu Duar. Jadi aplikasi ini Topjer dan Duarrrrr biasa. Terima kasih untuk kemudahan ini saya dan pacar saya bisa pilih tempat yang tepat buat mojok 🤣🤣 wkwkwk bercanda
1;kecewa tuk kesekian kalinya. pembayaran sudah berhasil, tapi tiket ga keluar2. bukan sekali kejadian kayak gini. sudah di email ke CS, tapi ga ada tanggapan. uninstall, Stupid App.
5;Saya suka. banyak promo dan sangat membantu utk melihat jam tayang dan film.hanya saya harap tingkatkan respon agar cepat utk prosesnya. karena waktu sangat berharga apalagi utk orang yg sibuk
2;pas mau buka app, selalu muncul tulisan sayangnya, tix id telah berhenti. udah coba hapus cache dan install ulang app, tetap ga bisa, tolong di tindak lanjuti. semangat~
1;"kenapa setiap mau pilih tanggal 1-5 maret ktrangannya ""tixid berhenti""? terus waktu pilih di tgl 28 februari mau milih kursi keterangannya ""kursi sudah di pesan"" pdhl di aplnya kursi masih warna biru. Tolong cepat di respon saya butuh kepastian. saya capek menunggu dgn kepastian yg tidak memuaskan"
3;baru ajah download udah eror ajah jadi ragu ragu pesan tiketnya juga, tolong dong diperbaiki suapaya bisa lebih membantu lagi kita untuk beli tiket dan nyaman menggunakan aplikasi ini
1;udah coba beli tiket Dilan 1991 yg buy 1 get 1 free tpi malah trus direfund sampe 10 kali dibilang kursi sudah dipesan. bagaimana ini? padahal pas pesan masih banyak ada kursi yg tersedia. kecewa berat sma app ini:(
1;banyak promo tapi susah transaksi, harusnya sudah siap dengan banyaknya user yg masuk jangan tiap order kursi kosong taungnya udah terisi jadi gagal trus
4;mudah dan cepat , namun masih suka eror kadang kalau di saya, antara tidak bisa top up atau aplikasinya yg eror ga bisa bayar
5;aplikasinya oke memudahkan untuk pesen tiket jadi no antri antri... pembayarannya juga mudah dan simple... sukaa 👍👍
1;aplikasi yang sangat merugikan, di aplikasi tertulis film ini sekali dibeli dan di print malah keluar film lain. tolong dihapus aja aplikasinya.
1;kenapa apk tix id akhir2 ini tidak bisa digunakan ya... saya slalu dapat notif ada kendala terus. sehingga smpai skrg tdk bisa masuk ke aplikasi. tolong dikonfirmasikan kembali. tq
5;suka.banyak bonus.tau film terbaru dan bisa baca sinopsis nya dan film nya seperti apa..sukses terus.....
2;saya mau complain saya kan udah pesen tiket disitu tertera buy 1 get 1,saya beli tuh dikarnakan dapet 1 tiket pas saya udh beli dan check ke kasirnya langsung katanya gabisa dikarnakan tix.Id hanya partner di pihak sananya pakai M-tix, terus pesen harus dari pagi baru dapet kuotanya,lah saya pesen nya 3hari sblm penayangan masa iya sih kaga dapet yang 1 nya lgi kan di situ sudah tertera buy 1 get 1 kalo gitu mending kaga usah pakai promo kek gitu lah.
5;aplikasi nya memudahkan saya utk beli tiket .. jd gak repot mesti jauh2 .. makasih TIX ID semoga bisa jdi lebih baik lagi yah 👍👍
1;saya sudah punya akun sebelumnya, masih ada saldo sekitar 100ribuan.. Tapi setelah saya update, akun saya malah ga bisa dibuka. Saldo saya hangus. BAGAIMANA INI?? SALDO SAYA SEGERA KEMBALIKAN..!! MOHON BALASAN DARI TIX ID 😡😡
3;aplikasi nya cukup bagus, mempermudah untuk pemesanan tiket, jadi ga harus ke bioskop, tapi suka susah untuk top up, gagal transaksi terus nih
3;Saya barusan instal tapi gak bisa connect ke jaringan, padahal sinyal 4G normal, buat buka aplikasi lain biasa aja gak ada kendala koneksi... Sementara saya kasih 🌟🌟🌟 dulu, belum make soalnya...
5;"Teman-Teman bagi Kode Promo dong..! Akun DANA saya sudah terhubung, Semua kode yang di ulasan sudah saya masukan tapi tidak ada yang berhasil. infonya ""Maaf kode sudah tidak berlaku"" Saya langsung kasih review bintang 5 karena aplikasi ini enteng tidak pakai lemot loadingnya."
5;love banget app ini, lebih memudahkan. tidak perlu ngatri lagi daaaan yg paling utama adalaaaaah selalu dapat discount!!! best best best. trust me
4;2kali saya mau nonton pakai promo 50% setiap hari rabu tapi saya cek sesuai jam di mulainya belum ada promonya, mohon di perbaiki ketepatan waktunya
1;saya awalnya terbantu, tp knapa makin kesini untuk transaksi pembayarannya dipersulit sama DANA ya.. ini saya masukkan pin yg bener beberapa kali ditolak. la ini saldo saya numpuk banyak dong. gimana ya tolong diperjelas dong. saya merasa rugi kalo tiap kali mesen kaya gini
5;awalnya ngapain sih pake apl kayak gini mending dateng langsung ke tempat terus beli sendiri tapi lama kelamaan ada bener nya juga make apl ini apalagi untul film yang pembelinya ramai di tonton dan di apl ini juga bergabung dengan apl dana jadi double discount nya pokoknya i love it :)
4;Awalnya suka bgt karena ada voucher 25rb kalau kita suruh teman donlot aplikasi ini, tp skr udah ngga ada lagi jd kurang suka lagi pake app ini, soalnya kalau kita punya voucher itu jd bikin semangat bt nonton terus via tix.id
5;"Nonton hemat ya pake TIX ID. Selain ga ngantri buat dapet tiketnya, kita juga bisa pilih kursi nonton dimana saja dan kapan saja. Ditambah lagi banyak promo yg ditawarkan TIX ID. Mau dapetin VOUCHER nonton senilai 25K? Langsung aja install aplikasi TIX ID di Smartphone kamu, jangan lupa registrasi lalu masukkan KODE ""CEXGIM"". Dan tadaa, kamu akan mendapatkan potongan harga senilai 25K. Selamat mencoba dan selamat menonton."
5;udah nonton 6 kali ga ada kendala. barusan udah bayar buat nonton alita. eh tiba tiba di batalkan tapi di refund. nah pesen ulang terus malah tulisan nya menunggu kursi lagi. tolong jelaskan apa yang perlu ditunggu daei sebuah kursi ??? apakah kursi itu akan lari ??????????!!!!
2;pembayaran kok hrs pake akun dana.. knp gk langsung dr trf bank aja kan lbh mudah drpd suruh buat akun lg.. bikin repot.. aplikasinya bagus jd lumayan utk nge cek daftar film yg lg main aja..
5;memudahkan pengguna utk membeli tiket. tapi kadang suka error dan refund terus saat beli tiket. semoga ditingkatkan terus performa TIX ID nya..
5;jangan lupa pake kode FZ5VIH 😉 langsung dapet voucher 25k😍😍 aplikasi ini sangat membantu saya.. saya tidak usah susah lagi pesan tiket jika mau nonton, tinggal buka apk Tix Id, langsung dehh😊 pokonya bagus bgt ini apk...
5;bener bener gampang buat nonton bioskop. tinggal klik, bayar, trus disana tinggal print tiketnya haha. jangan lupa pakai kode IZEI0Y untuk dapat voucher 25.000, lumayan kan
5;Aplikasi paling membantu, jadi gak perlu ngantri dan bebas pilih tempat duduk. Kalo mau dapat voucher 25rbu, begtu daftar masukin kode 1OV5BX . Nanti vouchernya langsung masuk 25rbu. terimaksih
1;Kok gabisa dibuka ya? Tolong ini saldo dana masih banyak. Kasihanilah saya anak kos yang dulu awal bulan kalap ngisi saldo banyak, eh malah sekarang gabisa dibuka. Plis itu uang. Berharga. Maunya aku pake buat nonton film Marvel di bulan berikutnya besok. Toling plissss ini satu2nya cara buat gue mesen tiket cepet sebelum kehabisan :(((
5;aplikasi ini mudah digunakan, juga sangat membantu untuk kita yg malas ngantri beli tiket ataupun keterbatasan waktu untuk membeli tiket. Mau dapet voucher potongan harga 25000 buat nonton? Salin kode ini EWNZWY
4;Aplikasinya sangat membantu buat yang suka nonton tapi gak suka antri. Jangan lupa pakai kode DJ6BFD ini ya buat temen2 yg baru daftar agar bisa mendapat voucher senilai Rp.25 000,00
5;hay buat kalian gak perlu repot lgi harus ke bioskop dan ngantri untuk beli tiket, sekarang sudah praktis gaes tinggal download tik id pesen deh lewat aplikasi itu, oh iya buat kalian yg ingin dapet voucher 25.000 jangan lupa gunain kode: UFGQEU disitu kalian dapat 25.000 gratis
4;Aku udah pakai aplikasi ini, gilaaaa keren nih aplikasi. Masa nonton di bioskop cuma bayar 10ribu (DAN ITU DAPET 2 TIKET!!!! 10ribu 2tiket woy, serius) Masukin kode: 9FRWAN pas pendaftaran buat nikmatin vouchernyaaaaaaa! luvv
2;Promonya seuprit, alias dikit banget. Rata² promo cuma pas film baru tayang atau harus pake aplikasi pihak ketiga lagi (aplikasi uang digital).
1;bnyak pemotongn saldo. mulai dari saat top up. misalnya kita top up. 50. kenakn 7500. bgtupun saat beli tiket lewat apliksi.. yg hri biasa 35,000. jdi 37,500. pokoknya rugi.. untungnya .cma gk antri.. tix id. ataupun. xxi sama aj ,ada penambhn. admint. saat beli tiket, dan kena admint saat top up. buknya meringnkn tp. meras .😜😠👎👎👎👎..2500,x100,orang, x, sehari, x 30,hri,sdh brpa.
5;Wah mantul nih banyak diskon. Cocok banget buat anak kos yang tetep pengen hemat. Lebih hemat pake kode undangan ini nih 9G5ESU dapet voucher 25.000 lho makin mantul kan
5;"beli tiket bioskop di tix.id gak harus ngantri. jadi sangat membantu yg punya hobby nonton yaa 😚 jangan lupa ketik kode ""HC1EQN"" di aplikasi Tix.Id anda biar dapet voucher Rp. 25.000 secara gratis ☺️ terimakasih 🙏"
5;sumpah aplikasi nya bagus bgt dan sangat berguna beli tiket jadi gk perlu antri lagi langsung aja beli di TIX id gampang dan cepet pasti nya, buat yg mau dapet voucher 25k bisa pake kode voucher aku yah ACSQ4X 😊😊👍👍👍
5;"Aplikasi mudah di gunakan, jadi gak ribet lagi mau nonton. tinggal pesan aja deh. gak perlu ngantri"". apalagi baru daftar udah dapet voucher 25.000 . caranya saat daftar masukin kode referal AKNSUF. untuk dapatkan voucher 25.000. semoga berhasil"
5;aplikasi yang bikin bahagia, promonyaa itu lohh pas banget d kantong anak kosan, lebih hemat hihi thanks TIX.ID 😘😍🤗
5;Tix ID oke banget selain memudahkan dalam tiket nonton biar ga antri. banyak promo juga disini tpi saran nya lbh banyak lg ya promo buy 1 get 1 nya biar makin menarik😁
5;Wah gak nyangka , beneran dapet voucher 25.000 saat daftar pertama kali. Caranya mudah kok, cukup masukkan kode voucher : TPFO9Q . Dan akan langsung dapat voucher 25.000 tadi. Terimakasih
5;Suka sama aplikasi TIX ID , karena kita gaperlu repot2 ngantri, tinggal beli tiket lewat aplikasi aja. Jangan lupa pakai kode FHFSOS untuk mendapatkan voucher senilai 25.000
5;wah keren banget pake aplikasi ini bisa dapat voucher 25.000😍, caranya gampang banget, kalian masukkan kode undangan 44LOWX setelah instal aplkasi ini , kalian juga akan dapat voucher kayak aku😘
5;keren... nonton jadi lebih gampang, gak perly cemas gak dapat kursi lagi dam antri panjang2,trs promony banyak banget, klw mau lebih murah lagi tambah kode ini 9JEC8G yaa makasiih
5;Ok banget app nya, mempermudah untuk yang hobi nonton buat booking tempat di bioskop ..Bagi kalian pengguna baru buruan masukin kode ini FGG771 langsng otomatis dapat potongan 25rb loh tiket nya. buruan guyss...
5;saya kasih 5 bintang walaupun tix id kurang baik, 5 bintang ini untuk tix id perbaiki entah sistem atau apa, jadi jika pelanggan ingin membeli tiket saat promo, sistem tidak down dan tidak error. Trims
5;wih keren bangen aplikasinya, enak nga usah antri lama lama, dateng tinggal cetak beres, buat kalian yang mau vocer 25k bisa masukin kode ini PDBIGV buat dapetin vocer senilai 25 rb lumayan buat nonton
1;mohon maaf nih sebelomnya, ini kenapa app nya gabisa dibuka ya udah 4 hari sama ini kendala mulu, masalahnya dana sy masih ada di app ini. tolong diperbaiki app nya.
5;Baru pertama kali menggunakan aplikasi ini yg menurut tmn lbh baik dr yg sebelah, gak taunya malah bikin kecewa berat... Pesen tiket sudah berhasil tp tiket gak dapet, tlp ke cs katanya gak masuk dan dgn mudahnya di minta utk pembatalan... Mau gak mau klarifikasi jg ke pihak bank gw utk pembatalan transaksi... Bener2 dah, udh loadingny lama bener, transaksi ternyata gak berhasil, ngabisin pulsa lg utk klarifikasi pembatalan call center... Ampun dah ini, mudah2an sukses dan jadikan pembelajaran
5;Beberapa hari belakangan ini, tix id ku ga bisa dibuka.. sedangkan punya teman teman ku bisa terbuka.. Ku coba buat nunggu lagi, tetep aja ga bisa.. dan akhir nya setelah ku uninstall dan ku install balik, baru bisa.. Apa ada masalah dengan aplikasi atau dengan akun saya? Mohon Penjelasanya...
5;Hay sobat yg bru instal aplikasi Tix iD . aplikasi in sangat bgus skali d gunakan untk kalian yg hoby nontn bioskop tdk prlu repot antri d bioskop ckup download aplikasi in.. dan dapat kan voucher 25 ribu dngn menggunakan kode voucher in MBKXIP. bisa d gunakan untk beli tiket.y. slamat mencoba
1;app sampah.. sudah di potong saldo dana tidak ad pemberitahuan tiket d batalkan dan tidak ad konfirmasi dgn pengguna tix ID.. saat tix id d tlpn baru kasi tau tiket d batalkan.. kecewa sekali saya sama tix ID.. sudah jangan isi bnyak2 saldo kaya saya nanti repot... thx!
5;di Rekomendasikan kepada seluruh pecinta penonton bioskop.. Gak perlu lama-lama di bioskop kapan pun dan dimanapun bisa pesan lewat Tix.id dan ada promo yang menarik.. Segera download..
5;Aplikasi ini sangat membantu guys, kita tidak perlu lagi ngantri untuk pesan tiket. Cukup beli dari TIX ID dan kita tinggal scan barcode nya nanti di Bioskop. Nih kode nya 59TCCL, buat yang mau dapet Voucher 25 ribu dari TIX ID.
2;KECEWA AKIBAT TERPAKSA PAKAI DANA, dear tix kerjasama dengan dana demi tuhan mempersulit customer XXI. ini ke-2 kalinya saya gagal nonton di gara2 dana 125k saya tidak bisa di pakai harus reset pin, harus tlp pakai pulsa ya ke cs dana & di tanya berapa top up terakhir, ga inget saya karna sudah lama di tgl 1 Januari ketika mau nonton ip man (itupun akhirnya bayar tunai) ini kali kedua gagal pakai uang di dana untuk beli tiket. akibatnya saya pindah ke cinemax 😭 kembalikan 125k saya deh.
4;kalau bisa diskon potongan harga itu disesuaikan jumlah transaksi terlebih dahulu baru di potong.. jangan cuman harga tiketnya saja tapi total keseleruhannya gak. tapu sejauh ini masih bagus cuman promo buy 1 get 1 tlg sesering mungkin.. kan sdh dpat dari jasanya kan 3.000 per tiket hehehe.. sukses terus tix is
1;Kecewa, transaksi di apps sudah berhasil tapi ketika ke bioskop tiket yg saya pesan diambil orang lain yang juga memesan melalui aplikasi lain. Ketika mau menghubungi pihak tixid, nomor yang tercantum pada apps tidak terdaftar.
5;mantap dengan tim id saya ndak usah capek2 ngantri lama beli tiket dan belum tentu dapat, nah dengan tix id . pasti dapat pasti hemat(waktu&uang) karena banyak voucher2 diskonnya. mantap lah pokoknya
4;verifikasi nya di tambah dengan no WA donk.. soalnya no hp sy yg di daftarin sudah ga aktif.. kemarin ke log out.. sayang banget masih banyak saldo DANA nya :(
5;Aplikasi yang sangat memudahkan karena kita tidak perlu repot-repot antri panjang dan menunggu lama.Saya mengundangmu download TIX ID & dapatkan voucher Rp25.000 setelah berhasil daftar TIX ID & terhubung DANA. Kode: RUQ84K
4;"ini aplikasi pemesana tiket yang mantap,,tinggal ikuti saja langkah""nya sampai bisa terpakai,,dan isi saldo,,dan tinggal pilih filim apa yang mau di pesan tapi ada kesalahan kecil😔 ,,untuk bangku bioskop yang di tunjukan apk ini tidak seperti bangku asli yang di bioskop tapi tidak apa"" pokok nya mantap....😁"
4;suka si, iya mudah, cepat praktis, gak perlu ngantri . tapi fee atau biaya tambahannya 3k per orang kemahalan, aplikasi yg lain just 2k atau bhkan di bawah itu ,. kadi kalau bisa lebih di ringankan lagi biaya tambahannya
1;saldo dana terpotong, kode booking ga keluar, komplain email slow respon, jam film terlewat tp saldo blm kembali dari sore sampai malam, PAYAH !
5;Bagus buat orang yang sibuk, karena susah untuk datang ke Tempat Bioskop yang di tuju, mudah untuk pemesanan langsung lewat Handphone yang kita punya, juga langsung pesan tempat duduk yang di inginkan maupun Film nya😊👍
1;KECEWA!!! HATI2! APLIKASI BAHAYA!! saya baru pesan hari ini di CW 2 tiket. Sudah berhasil pembayaran tapi kode booking ga keluar malah di refund sampe 3x pesan ulang. Dan yg ke 3x saldo saya ga balik dan ga dapet lagi promo diskon 50% nya. Aplikasi kalau kurang dana jangan ambil dana seenaknya begini! Sudah telfon disuruh email terus sudah di email ga di respon sampai sekarang.
4;Saya suka bgt sma Aplikasi ini,cuma ko d Cikarang gak ada ya,saya tinggal nya d Cikarang, jadi klo nton nya k Karawang deh,klo bisa d adain bwt Cikarang nya,sma Karawang ada yg kurang, bioskop yg d KCP gk Masuk,klo bisa juga semua bioskop d Karawang d Masukin... Makasih
5;aplikasi ini sangat membantu membeli tiket jd tidak ribet dan gak perlu antri cukup masukin kode undangan C1ZNTI bakalan dapat diskon 25.000 😁😁😁
5;memudahkan pembelian tiket tanpa harus antri dan harga juga terjangkau tanpa harus repot segala mcm, thanks so much tix id, semoga slalu jadi aplikasi yg berkompeten untuk memudahkan konsumen.
5;dulunya bingung mau pake mtix gimana caranya, setauku ribet harus bla bla bla. setelah ada tix id jadi enak, tinggal bikin akun, top up, trus pilih film. banyak diskonnya juga. orang baru bikin aja udah dapet diskon dengan masukin kode refferal pas bikin akun di awal awal. bagi kalian yang baru mau bikin, inget nih, jangan sampe kelewatan, masukin kode referal nya, 47LOTV habis itu ntar dapet potongan harga. cobain deh!!!!!
4;Gampang,, banyak promo,, wajar ada uang administrasi.. tapi lebih baik bukan biaya per tiket tapi per transaksi saja tambahan bayar nya...
5;Sangat membantu sekali untuk mengetahui film apa saja yang sedang ditayangkan. kita bisa mengetahui trailernya dan memesan tiket tanpa harus mengantri dan dapat memilih bangku sesuai keinginan. ada keuntungan juga memakai aplikasi ini, yaitu diskon 50% pada pembelian tiket kedua, dan dapet voucher 25000 bagi kamu yang memasukan kode berikut : ST9TDW
5;Buat pengguna baru TIX ID bisa pakai kode voucher 5YDJ9C untuk langsung dapet Rp25.000,- , masukan langsung waktu pertama daftar, jangan di skip/lewati 😉 apps yg memudahkan kita yg males antri buat nonton, dan banyakin promonya ya 😁
5;hai hai para pengguna baru kalau kalian ingin mendapat voucher reward Rp.25000 caranya gampang banget loh hanya dengan cara mendaftar lalu masukan kode J63NDO dan kamu akan langsun mendapatkan vouchernya.. sangat gampangkan
5;Saya suka aplikasinya, manteplah pokoknya,. Cuma sedikit masukan, boleh di kembangkan metode pembayarannya seperti bisa melalui transfer Bank, Alfa, Indo atau yang lain,. Pasti akan lebih mempermudah,. 👍👍
5;Hai para pengguna baru kalau kalian ingin mendapatkan voucher reward Rp25000 caranya gampang banget loh hanya dengan mendaftar lalu masukan kode 6HIH0J dan kamu akan langsung dapatkan voucernya gampang banget kan
5;Terima kasih Tix id aplikasi yang mempermudah pembelian tiket gausah antri panjang buat beli tiket 😍 dan untuk pengguna baru ada voucher senilai 25000 pada saa aktivasi akun dengan memasukkan kode : 99I29Z . terima kasih ❤
3;praktis dan mempermudah memesan kursi bioskop, awalnya seneng sih tapi makin kesini biaya layanan tambah mahal dan promo juga gak se hebat dulu, kalo gini apa bedanya sama aplikasi sebelah :(
5;sangat membantu sekali tidak perlu repot-repot pergi menonton film harus mengantri , bisa booking di rumah pilih kursi yang di inginkan dan tinggal menunggu sangat membantu sekali😉
4;Aplikasinya bagus bgtt:)). Trus kalian yg mau dapet voucher senilai 25.000? bisa pake kode 1QETF2 pada saat pertama pembuatan akun. semoga bermanfaat:)
5;Aplikasi nya keren abis dan bikin semakin mudah utk beli tiket bioskop XXI serta gak pake ribet untuk ngantri di loket dan bisa milih tempat duduk nya juga.
5;Apliaksinya bagus banget sangata ngebantu. jd gausah ngantri2 lg buat pesan tiket . ayo buruan instal app nya dan masukan kode voucher FEQCPM supaya dapat voucher 25.000
5;Perbanyak diskon buy one get one ya hehe 😁 overall sudah bagus aplikasinya cuma masih ada aja nih lags dan bugs pas pembelian. ⭐⭐⭐⭐
3;tidak bisa topup sebanyak harga promo lagi, harus topup seharga full dulu baru setelah selesai order dikurangi diskon promonya, lalu apa gunanya promo? sangat menjengkelkan
4;Belum pake sih, nanti kalo bagus ditambah bintangnya. Btw.. Saya mengundangmu download TIX ID & dapatkan voucher Rp25.000 setelah berhasil daftar TIX ID & terhubung DANA. Kode: 01YRV8
1;saya beli tiket 3 hari sebelum tayang, karna swatu hal minta dirubah jam yg saya ambil tidak bisa? kenapa? kalau penuh dijadwal lain yaa dimaklumi, ini dengan alasan klise tidak bisa ini manya jebakan TIX ID
1;Fasilitas yang sangat mengecewakan. Hati-hati untuk para pengguna baru yang registrasi. Saya pengguna baru yang mendapatkan Voucher Diskon -25000, tapi saat saya ingin menggunakannya untuk menonton, ternyata hasilnya gagal. Uang saya sudah terbayarkan sebesar 71.000 rupiah, tiketnya gagal didapatkan & vouchernya hangus tanpa ada itikat penggantian oleh TIX.ID. Tentu sangat mengecewakan. Sia-sia hanya hilang saja vouchernya tanpa bisa dipakai, tanpa dapat tiket & uang saya sudah terambil.
3;kesal ya pake appsnya. masa refund terus sih dengan alasan kursi sdh tidak tersedia. udh milih kursi yg berbeda smpai 5 kali di refund juga.. kalau emng kursi ga tersedia, seharusnya ga berwarna biru dong..
3;sering g update untuk kursi yg tersedia, uda 10x cari seat yang kata aplikasi nya tersedia tapi gagal, coba untuk konektivitas dan koordinasi antara bioskop dan aplikasi bisa real time
5;hai tix id, aplikasinya udah sangatt bagus, membantu dan mempermudah untuk memesan tiket film, saya senang menggunakan aplikasi ini😁 tapi minta tolong dong, aplikasinya dibuat seperti dlu yg bisa pesen tiket dihari lain, ngga pas hari ini aja..kemudian knapa tidak bisa mengundang teman supaya bisa gabung diaplikasi tix dan dapet voucher 25rb yaa ? tolong dong dibuat seperti dlu.. terimakasih tix
5;Suka banget aplikasinya. Sangat membantu, ga perlu antri atau datang kebioskop dulu buat beli tiket. Oh iya, masukin kode WVJAAG untuk daper potongan 25k yaa teman teman ^^
5;Mantap aplikasinya, cuma kl buat liat trailer agak lama di banding aplikasi sebelah, tapi mantap dan mudah2an bisa di banyakin lg promonya hheee...
1;menurut pengalaman saya, saya sangat kecewa dengan aplikasi ini saya hanya menanyakan bagaimana merubah saldo menjadi voucher di keterangan suruh email apa yg kita mau tanyakan tetapi setelah selesai email ada balasan suruh nunggu 1-2 jam saya sudah menunggu nya 5 jam tapi pertanyaan saya tidak di jawab malah njawab nya ngelantur gk nyambung sama sekali minta tolong di perbaiki, dan beri kepastian jangan membuat kita menunggu ketidakjelasan
5;sangat membantu, dan di mudahkan memesan tiket xxi, design UI juga sudah sangat sesuai dan cocok serta enak di lihat. Mantap
5;Aplikasi sangat membantu bagi yang tidak ada waktu untuk mengantri atau malas, namun akan lebih membantu jika bisa bekerja sama dengan penyedia makanan di bioskop, sehingga bisa langsung pesan tiket dan makanan
1;Saya beli, saldo di dana udh ke debet, tapi tiket kode tiket g muncul. malah mau di refund karena katanya pembayaran belum masuk. Parahnya prosea refund 3-7 hari. gimanaertanggung jawabannya. walaupun saldo di dana udah di refund pun percuma, saya pengennya nonton bukan di refund. sucks aps!
5;Terimakasih TIX ID, aplikasi yang sangat membantu untuk pembelian tiket bioskop. Sekarang gak perlu ngantri lagi buat beli tiket, cukup di TIX ID. Dan pendaftaran pertama langsung dapat voucher gratis senilai 25.000. Yuk teman² pakai kode NCB5LG biar dapat voucher gratis nya, dan beli tiket buy 1 get 1 nya.
4;Kesan Pertama kali nyoba pakai TIX ID karena takut klo gangguan,nyoba aja di tempat,ternyata pas kemaren di tempat scan ticket jg antri tp tidak sebanyak antri di CS nya...,perbedaan di tampilan sheet kursi di layar CS beda dg yg ada di Tix Id karena baru pertama nyoba, untuk pembayaran mesti Top up DANA dulu....tp semua lancar,,,semoga ada lebih banyak promonya promonya...jd kasih bintang 4 dulu
3;tolong tambahkan metode pembayaran play store karena ketika saya beli tiket saldo sering nyisa sedikit (gak 100% habis) contoh saya punya saldo 80rb lalu saya beli tiket 50rb + 3rb(biaya layanan) maka saldo saya akan tersiaa 27rb gak 100% habis jika ada metode pembayaran play store saldo sisa bisa di beli yang lain contoh beli game
5;sempat ada error beberapa hari yg lalu, entah dari tix id atau dari pihak xx1. kami tidak bisa beli tiket, transaksi selalu gagal...mudah-mudahan kedepan bisa lebih baik lagi...setidaknya ada pemberitahuan sebelumnya bahwa jaringan sedang error. trima kasih.
5;lebih mudah pesan tiket..jadi tdk takut kehabisan tiket..informasi ttg film lengkap..bisa melihat film yg tayang di bioskop & yg akan tayang.. mudah di gunakan..praktis
2;Aplikasi parah promo nya sedikit, saya beli tiket kebanyakan gagal dan uang dikembalikan, sampai suatu saat uang saya di telan dengan laporan dana gagal di refund, aplikasi ny ud oke, cuma bnyk yg gak benar dari diskon 50%, beli 2 tiket seharga 80k diskonnya ga sampe 50% 🤣
5;yang kasih 🌟 di bawah 3 itu kenapa ya? cek di bawah, komplen banyak gara2 gagal dpt promo, hahaha apa lagi yg gagal dpat promo di tgl 31, 1. ada yang bilang jangan pake server murahan biar gak down, hahaha woi Bego, server itu mahal kalau di ganti server mahal terus buget buat promo siapa yg bayar, makanya jangan kebiasaan pengen MURAH, LANCAR, PUAS, yang cuma enak di lu doank. buat apk sendiri. sadar woi bukannya terima kasih, 2. ada yang minta tambahin fitur Ganti no. DANA.. haha ini TIX ID
4;Pesen tiket jadi lebih mudah sama cepet pake Tix Id, cuman kadang pas udah transfer uangnya, kode QRnya nggak keluar, tulisannya 'menunggu kursi' dan itu kurang lebih nunggu 15 menitan baru keluar kode QRnya
4;Min top up saldonya hanya 10rb, suka banget.. Cuma tampilan filmnya tolong dibuat lebih mudah ya,biar liatnya enak aja.. Soalnya baru pertama instal rada bingung gitu.. Tapi bagus qo, seruu!! Terima kasih TIX ID
5;sumpaaah kerenn, jadi gampang mau beli tiket 👍👍👍. Tapiii, skrg kok jd ga bisa yaa milih hari utk pesan tiket besok nya. kalo dlu bisa.. apa emg ada perubahan peraturan? apa emg dari aplikasinya yg error?
4;Aplikasinya bagus baget.. Buat kalian yang Males bgt Ngantri panjang.. Ngapain pusing-pusing, Nih Aku rekomendasikan ke kalian namanya Aplikasi TIX ID. Dijamin gak bakal Nyesel dech.. Kalian akan mendapat kemudahan dalam bertransaksi, Memilih Film Sesuai Jadwal dan Memilih no kursi sesuai keinginan kapanpun dan dimanapun semua jadi lebih mudah. Jangan lupa Guys masukin kode ini. NLGSO6 Supaya kalian bisa Otomatis dapat Vocher Senilai Rp. 25.000. Ayo Buruan tunggu apa lagi, Daftar sekarang! Thks
5;beli tiket milly & mamet udah coba 11 kali gagal terus & saldo di refund. telp cust service gak ada yang angkat, email belom di respon, sekarang aplikasi gabisa di buka. padahal saldo saya masih disitu.. tolong infonya segera. thank's
1;Tiga puluh x beli tiket di malam tahun baru ga bisa. error terus. batal liburan sambil nonton. perbaiki lah. saldo 300rb ini. segera!!!
1;Aplikasinya lama2 jadi goblok banget. Setiap beli di refund sampe 10x lebih dari dua akun dana yang berbeda. ini sebenernya niat bikin aplikasi apa kagak yak? gausah pake promo2 segala lah kalo bikin susah. sialan!
2;ada masalah apa nih min?? setiap beli tiket di refund mulu? bisa keduluanan sama yg beli tiket offline dah. uang cash udah di top upbuat akun dana, tapi masih g bisa. TOLONG DI PERBAIKI
2;kalo update yang terlalu lama jangan di jam pemesanan tiket. dan tolong posisi kursi yang tersedia lebih real time. karena selama pemakaian aplikasi ini,saya sudah 2* transaksi di refund karena kursi penuh sementara di aplikasi masih available.
3;gimanasih mau pesen tapi sampe jam segini masih dalam perbaikan aja , gimana mau pesen nya , tolong dong perbaikan aplikasi nya cepat . biar gk mengecewakan
3;tolong pembayaran bisa d masukan BANK BNI, itu gk ad pilihan untuk BNI, dan juga kartu untuk GPN BNI disitu no kartu tidak terbaca dan tidak bisa, tolong d perbaiki ADMIN...
1;di refund terus padahal udah sukses, sampe lebih dari 10x payaaaah oh mungkin tahun baruan yah jadi ga nampung kursi di studionya? jadi bagaimana ? kalo hari biasa nya sih bisa
2;turunkan bintang nya dulu, gimana keluarin diskon 50% tahun baru cuma diperbaikin server aplikasi nya. gimana atuh tix id aneh, udh dari kemarin gak sabar mau beli , udh janji sama keluarga malah kyk ini aduhai
2;kenapa untuk tanggal 31 desember 2018 diskon 50% stiap saya coba kursi yang kosong pas pembayaran gagal terus saya udh coba beda kursi sama aja, dan sekarang applikasi sedang ada gangguan.. setiap psan pakai dana gagal terus
1;mendingan gausah bikin promo diskon 50% hari ini kalau gabisa digunakan aplikasinya. kami hanya butuh untuk mempermudah pemesanan tiket dan mengecek kursi yang masih tersedia.
2;pembelian diskon 50% + metode pembayaran via dana di refund mulu dari pihak tix.id.. dan sekarang apk nya malah gabisa di buka dan sedang dalam perbaikan..
1;tolong untuk kursi nya diupdate terus setiap waktu, saya setiap melakukan transaksi selalu gagal, saya tidak tahu kenapa tapi mungkin karena kursi nya memang sudah reserved, padahal ditampilan nya kursi masih kosong
1;pengalaman waktu mau booking tempat duduknya ternyata sudah d ambil orang padahal d pas d check masih blum di ambil , pas sdh saya ambil ternyata sdh d booking orang ,refund lagi smpai 18X d refund mslhanya sepele aja pas mau booking tmpat duduk aja trnyata sdh d ambil orng tpi pas hndak memlih bangku masih ada masih blun d ambil pas d ambil trnyata sdh d ambil duluan padahal sdh dahuluan saya trnyata d ambil orang dluan
1;padahal sudah mengetikkan pin DANA dengan benar, ditulisnya salah terus, 3x mencoba dibekukan terus, dua kali mau nonton seperti ini, gaada respon dari pihak TIXid, sebenarnya kalau gak niat ngeberi diskon langsung aja gausah ada diskon, daripada kayak gini.
2;Hari kemarin kecewa karena saldo terpotong tapi tiket tidak keluar , katanya proses pengecekan 7 hari ???! . padahal klo memang gagal saldo seharusnya otomatis kembali tolong diperbaiki lagi! konfirmasi pelaporan melalui email pun sampai hari ini belum ada ?! . Juga untuk layanan pelanggan, sangat tidak nyaman karena berbayar pulsa . KECEWA SEKALI
4;Tambah fitur pengingat untuk film yang akan datang, jadi ada wishlist film-film yang mau ditonton, kalo udah tayang bisa diingetin. 😊
5;bagus banget asli app nyaa bisa pesen tiket dari jauh2 jari dan gapake antri dong buat dapet tiketnya , dan pastinya harganya lebih murah dengan voucher potongan harga sebesar 25.000 dengan memasukkan kode 852PUD saat pertama kali daftar. selamat mencoba !
1;kecewa dengan tix id, kmren saya beli tiket sesuai dengan jadwa untuk hari berikut nya, pada hari H, ternyata jadwal berubah di aplikasi, sedangkan di bioskop jadwal tidak berubah, saya kira ada perubahan, dan sudah beli tiket lagi menyesuaikan waktu yg baru sesuai dengan aplikasi, setelah waktu lewat, rernyata jadwal kembali ke semua dan tiket tidak bisa di refun
5;aplikasinya membantu banget apalagi pesan pas liburan kyk gini. Cuman tolong diperbaiki bug pada saat pembayaran, saya sampai 3 kali ngulang biar bisa dari pembayaran debit ke DANA. sisanya good, kembangkan terus dan lebih permudah lagi makasi🙏🙏🙏🙏
5;Suka banget sama tix id. Ga ribet dan ga perlu antri di loket. Mau vocer potongan seharga 25.000 ? Yuk masukin aja kodenya QGHBZV. Lebih hemat lebih baik 😁😁
5;suka banget sama aplikasi TIX ID ini, pesan tiket lebih mudah tanpa capek antri. ayoo untuk pengguna baru masukan kode XOQAAN untuk mendapatkan Voucher Rp. 25000.
5;seneng banget bisa pakai apk TIX id beli tiket nonton gak perlu ngantri! oh iya bagi yang mau dapetin voucher RP. 25.000 bisa masukan kode CY4GYU saat pertama kali daftar. Thx! jangan lupa loh pke kode itu yups!
4;memudahkan sekali untuk yg ingin menonton bioskop karena bisa bookinh tempat beberapa jam sebelum tayang. tapi disayangkan kenapa dikenakan tarif layanan.
5;Aplikasi tix id sangat membantu. Jadi nggak perlu ngantri dan tentunya banyak sekali promonya. Gunakan kode STGDG5 untuk dapatkan voucher 25.000👍
3;aplikasi sangat bagus, saya suka, simpel. tapi kode undangan tidak bisa di pakai kenapa ya? soalnya pas mau ngetik kata temen saya malah ke hapus lagi! apakah ini permainan? kalau tidak mau ada promo alangkah baik tidak ada dari pada menjadi penipuan publik.
5;Suka banget sama aplikasi TIX ID. jadi lebih gampang untuk memesan tiket nonton ga usah pake panjang-panjang lagi ngantrinya. mau voucher 25.000? masukan kode 8UVSHL pada saat pendaftaran pertama
5;"buat para yg hobi nonton dan yg males ngantri dan paling sebel pas dateng ke bioskop jauh"" tiketnya kehabisan,, ini ni aplikasi yg cocok buat kalian udah paling mudah deh,,tinggal pesen dan nentuin maw nonton jam dan judulnya apa saja di manapun,maw pas lg kerja,maw pas lg sibuk,aplikasi ini paling cocok udah ga mesti lg boking"" ngabisin waktu bulak balik"
5;suka bgt sama aplikasi nya. sangat membantu. beli tiket no antri2. yuk buat pendaftar pertama, biar dapet voucher gratis 25.000 pake kode undang teman dr aku : X9MOIA 😊
1;saya membayar dengan dana namun tidak bisa karna harus masukan pin sedangkan dari awal tidak ada pembentukan pin sehingga harus reset pin oleh cs lalu menghubungi cs tapi tidak bisa kirim email pun tidak dibalas ini saya jadi rugi sudah isi saldo untuk nonton malah gabisa
5;Bagus bgt nih aplikasi kyk gini memudahkan kita yg mau nonton gak perlu takut kehabisan kursi & bebas antri diloket, mantulll.... Masukin kode ini deh 
3;aplikasi sih keren tapi Apabila kehilangan nomor HP, akun di DANA yg telah di registrasi ga bakal bisa ganti nomor HP, harus buat akun lagi. padahal Saldo Masih Banyak dan Vocher masih banyak dan bisa di gunakan kembali.. dan solusi tetap harus ganti nomer HP.. kecewa juga sih.. masa ganti nomer HP ga bisa!
5;Suka dg kemudahannya. Tambah menarik dg banyaknya potongan2 dan tawaran presale eksklusif di aplikasi. Cuma memang sayang kalau pas ada promo gitu, server jadi suka lemot dan buat transaksi jadi failed. Semoga makin baik lagi seterusnya
2;transaksi pertama saya beli tiket, dan sudah confirm pembayaran via cc. suddenly, yg muncul adalah pengembalian dana, bukan transaksi berhasil. how come? akhirnya saya transaksi lg utk film yg sama, dikursi dan waktu yg sama, dan payment lagi, baru berhasil. jadi di cc terpotong 2 kali. ada info via email dana akan dikembalikan. sy agak worry utk transaksi lagi.
5;sangat membantu buat kalian yang pengen nonton film, garibet buat ngantri dan bisa pilih tempat favorit kalian, gunakan kode EXWG4Y dan dapatkan voucher 25.000
5;mantap lah pkoknya !! ,nnton dibioskop gg prlu ribet lagi ,nggk prlu antri tiket ,nggk prlu nunggu lama ,tinggal buka apl trus ikutin ptunjuknya udah simple ,jangn lupa pas login masukan kode Z4369A langsung dpet voucher 25rb lmayan kan ,??
5;Pesan tiket sudah lebih mudah dengan TIX ID ga perlu ribet antri dan bawa dompet teval ketika ingin membeli tiket dalam jumlah banyak. yuk masukan kode K3YOBL dan segera dapatkan voucher senilai 25.000, voucher itu bisa digunakan sebagai diskon ketika ingin memesan tiket di TIX ID yuk segera download dan masukan kode K3YOBL
1;jangan top up saldo disini, lupa pin di persulit, cs di hubungi jawabnya muter2 gak jelas. baru top up gak bisa di pakek, sama aja penipuan/nyuri duit pelanggan.
1;tiket udh dibeli dan voucher 25 rb udh dipke. eh malah di refund dg alasan kursi udh dijual. bgitu back pilih kursi voucher udh gg bisa di pke. maksudnya apa ini. aplikasi tipu2. masa sistemnya kaya gt. perbaiki dong. voucher gg dinikmati kok malah dibiarkan hangus.
1;udh beberapa kali beli udh berkurang saldo tapi tiket nya ga ada. buat temen2 ati2 kalo mau pake apk ini jangan sampe kaya saya
3;awalnya doang bagus bisa pake promo2 gt semenjak ada pembaruan jd gabisa waktu itu udah beli tiket pake promo yg buy 1 get 1 malah dibalikin saldonya pdhl gaminta balik skrg jd gabisa lagi make promo buy 1 get 1. tolong diperbaiki dong biar kayak awal lagi
1;Hallo TIX ID. Saya sudah order tiket dan sudah bayar. Tapi sudah hampir 1 jam, no. tiket tidak muncul juga. Statusnya menunggu kursi. Saya sudah email tidak ada respon. saya telpon CS tidak ada yang angkat. Saya cek lagi buat order ulang, kursi tersebut sudah tidak ada. gimana donk solusimu?
2;"masa udah beli tiket. status sdh berhasil. terus keterangan ""sedang mencari tempat duduk"" . dan pemberitahuan 30 menit kemudian akhirnya gagal and d refund saldonya. mau order lg ga bisa krn seatnya sdh habis. payah nih Tix Id. mau gampang nonton kok jd malah ribet yaa."
2;Kenapa saya beli tiket sudah di bayar juga tp status masih di proses carikan kursi. Status ga berubah udah 1jam padahal jam boking nya kurang 2jam lagi
4;sudah beli tiket mala menunggu proses transaksi dan akhirnya direfundkan.. sungguh tidak menyenangkan ketika sudah memilih posisi tempat duduk sesuai keinginan mala batal..
4;Aplikasi nya bagus bisa pesan tiket tanpa antri, dapat kan voucher 25.000 dengan masukan kode undangan ini 4IWTFO pertama daftar.
5;TIX.ID memudahkan untuk beli tiket nonton jd gak harus ngantri panjang di bioskop. PAKAI kode ini 'XQKXNE' saat pertama kali daftar untuk mendapatkan reward 25.000
5;"Dengan menggunakan aplikasi tix id, anda bisa membeli tiket dimana saja tanpa mendatangi bioskop dan menghemat waktu karena tidak perlu mengantri, untuk anda pengguna baru bisa mendapatkan voucher Rp. 25.000 dengan cara memasukkan kode ""ENVCUM"" di kolom kode referal pada saat mendaftar"
4;suka, hari ini saya ninton dapat diskon tiket 50%. tapi ada sedikit masukan bagi tix id. baiknya apabila ada diskon tiket ada notifikasi di aplikaso maupun sms. agar lemgguna tix id semakin banyak . tks
5;memudahkan banget untuk kita yang mau nonnton bioskop tanpa antri dan banyak banget promo nya.. buat kalian yang baru download TIX ID, bisa banget nih pake kode voucher undangan 4MKAGI dan dapatkan voucher Rp 25.000 setelah kamu terdaftar di TIX ID dan terhubung ke app DANA
4;terimakasih tix.id sangat mmbantu dan memudahkann.. terimakasih juga untuk vocher2 nyaa. dan untuk teman2 yang ingin mendapatkan vocher nonton Rp25.000 ayoo gunakan vocher KJGY5Y yaa
5;"terimakasih tix id. jadi gua ga usah repot2 utk ngantri dan bisa milih2 tempat dduk yang nyaman kalo mau beli tiket. oya guys kalo ada yg mau download jangan lupa pake kode undangan ini yaa ""WF8BHI"". thanks"
1;kecewa barusan udah pesen topup udah ada tulisan berhasil tp keterangannya di refund, masukin password bener di anggep salah terus sampai di blokir, lah saldoku masih banyak nggak bisa dipake
5;Aman aman saja,yg error mungkin pake promo. Saya bayar lancar terus. Justru kebantu sama app ini,jadi gak usah ngantri di loket😊😊😊 masukin ya PFYSN3
4;benar2 sangat membantu yang tidak ada waktu untuk mengantri, tinggal klik2 saja beres terimakasih 🙏 oh iya untuk dapat voucher Saya mengundangmu download TIX ID & dapatkan voucher Rp25.000 setelah berhasil daftar TIX ID & terhubung DANA. Kode: 3AZ77U
5;Suka banget sama aplikasi ini mudahin aku buat pesen tiket nonton tanpa repot2 antri heheh yuk download aplikasinya segera lalu gunakan kode: FG503Q saat daftar untuk dapatkan voucher 25.000 yuk segeraaaaa jangan sampai ketinggalan
5;THANKS TIX ID. mau nonton ga pake ribet ngantri lagi sekarang. Promonya juga banyak ! Selain itu gunain kode reveral 82UJY1 supaya kamu dapat voucher senilai Rp.25.000. Lumayan banget kan. Selamat mencoba !
3;tolong di perbaiki tentang pin dana yang lupa dengan pin dana dengan lewat via sms kode yang sudah di masukan seharusnya langsung di kirim via sms jangan buka dengan dan webnya eror dan seharusnya bisa di ganti ulang pin dananya ini merugikan seseorang yang sudah top up untuk menonton film dan ingin menonton sampai tidak jadi nonton gara gara tidak bisa pin danannya
1;tolong dong di tingkatin untuk semua wilayah indonesia..masa di pekalongan n semarang udah kedaftar di tegal belum kedaftar di lewatin doang ga sopan untuk bintang 1 dulu maksih.
5;Haii untuk kalian yang mau nonton film dengan potongan 25k dapat menggunakan kode ini yaa 7I1ZCG cobain aja!! lumayan kan buat potongan klo mau nonton sama gebetan/pacar kalian.. yg jomblo juga bisa kok wkwk
5;Mudah banget buat booking tiket, promonya juga ada bermacam macam, mulai potongan 50%, buy 1 get 1, ada juga voucher gratis 25rb pakai kode B5SDFS, bisa dicombo lagi, pesan tiket berdua pakai buy 1 get 1 sama voucher, bayar cuma 21rb. hahaa. joss dah Tix ID.tiap beli tiket ternyata ada hadiah juga lewat spin di aplikasi Dana. Banyakin lagi deh promonya. yang baru download, jangan lupa masukin kode voucher B5SDFS.
4;Saya sangat terbantu dengan adanya tix id ini, tix id memudahkan saya untuk mendapatkan tiket tanpa perlu antri dan lebih praktis tentunya. Tapi saya mempunyai sedikit keluhan yang terletak pada saat hendak login dana, server tidak merespon dan terus loading. awalnya saya mengira kesalahan terletak pada jaringan saya, kemudian teman saya pun memiliki keluhan yang sama juga. harap segela di perbaiki. terima kasih 😅
5;Terima kasih tix id. Buat ku nyaman nonton pilih tempat duduk sesuka dari rumah dtg ke bioskop langsung nonton.. Hihihi byk promonya juga.. Asyik bagi teman-teman yg mau dpt gratis 25 ribu masukin kode KLSX8U, enjoyy ur watching..
5;bener bener suka banget aplikasi nyaaa!!!😍 yuk yg blm gabung, download tix id di playstore/app store. Saya mengundangmu download TIX ID & dapatkan voucher Rp25.000 setelah berhasil daftar TIX ID & terhubung DANA. masukkan Kode: Y8HTHZ untuk dapat voucher gratisnya🤗🤗🤗
4;aplikasinya bagus,cuma tidak bisa melihat jadwal kedepannya saja,dan mohon untuk PT Nusantara Elang Sejahtera agar mengupdate aplikasi ini agar bisa mengganti nomor telepon yang ada di dalamnya...,terima kasih...
5;Bintang 5 deh karna udah sering dpt tiket buy 1 get 1 free hehe.. Ko yg hari rabu nya skrg ga ada lagi promo buy 1 nya ? Keluhannya kdg kalo lagi mulai jam promo nya setelah masuk menu terus mau pilih kursi duduk lama sekali prosesnya kalo mulai lancar loading nya ehhh udah keisi aja tempat duduknya mohon diperbaiki ya tix id.
1;Aplikasinya Jelek bgt. Ribet. Buat ganti pin dana susah bgt. Ternyta harus klik logo dana. Mana orang tau coba. Harusnya ada di pengaturan aja. Jadi harus berkali kali nlp ke cs. Buang buang pulsa aja. Yang Belum download lebih baik gak usah download. Sumpah ribet bgt Pake apl ini
5;TIX ID mantap jiwa. Banyak promonya. Mudah pesan tiketnya. Pesan kursi sesuka kita. Ga perlu antri lama. TIX ID jaya dan beretika 😂
5;bagus sihh.. secara keseluruhan memudahkan ya, soalnya bisa mesan dri jauh, ga mesti langsung ktmpt, kehabisan tiket, sedih wkwkwkwk, untuk yg baru mau install, masukin aja kode 4YBZJL, biar dapat voucher 25.000, manteb loh
5;pesen tiket lebih mudah dan gak perlu zonk karna udah antri panjang trus ternyata udah abis tiketnya. plus ada buy 1 get 1 dan diskon lainnya.
1;saldo dana saya sudah terpotong untuk pembelian 2 tiket tapi kode bookingnya tidak muncul, dan saldo dananya tidak di refund, coba untuk lakukan komplain via telpon tapi nomornya tidak dapat di hubungi, kirim komplain via email tidak di tanggapai, saya kecewa dan merasa dirugikan.
5;Suka banget pakek TIX.ID beli tiket nonton gak capek dan bebas antri panjang lagi. Mau dapat voucher 25.000 masukin kode DFHCP9 saat pertama kali daftar.
5;aplikasi ini sangat bangus dan ngebantu banget, kurangnya cuma ga semua studio ada, beberapa film jg ga bisa dibeli
5;lebih cepat dan lebih mudah menggunakan TIX ID jika ingin membeli tiket bioskop tanpa antrian, pakai kode GO9GYC pda pendaftaran pertama supaya dapat voucher lebih murah👍
5;Nonton nyaman dan makin hemat dengan TIX ID... Mau lebih hemat daftar TIX ID nya dgn masukan kode ini VZB73W pasti langsung dpt voucher 25.000. Ayo salin kode nya... VZB73W Nuhun,
3;admin maaf tolong tambahkan untuk daerah purwakarta dan tolong lebih di perbaiki lagi saat berada di dalam aplikasi suka nge freeze sendiri
5;Sangat recomended. Mmberikan segalah bentuk kemudahan, dari nyari film yg sedang, akan, dan informasi lainnya hingga pesan tiket. Sehingga tidak lagi harus antrian, atau ngebut2 buat dapatkn tiket dari film2 favorit. 👍👍
5;Aplikasi yang sangat membantu di kala ingin menonton bioskop, nggak perlu antri-antri lagi, udah gitu sering ada promonya lagi, mantaaap 👍👍
4;Min , akun saya ada di DANA ada saldo nya , tapi nomer hp yg di cantumin di akun , nomer nya hangus karena udah ga aktif , jarang beli pulsa , soal nya di rumah on wifi terus , jadi soal masalah saldo yg ada di DANA gmna cara nya untuk di pakai? karena kalo mau transfer dana atau di pakai untuk nonton , selalu meminta verifikasi , nomer nya juga udah hangus (Ga aktif) tolong di bantu min , Terima kasih
1;kecewa kata.nya bisa atur jadwal nonton tapi nyata.nya tidak bisa tetep aja pas hari itu juga sama aja boong ya udh beli aja langsung di bioskop.nya
5;Trm ksh TIX. ID mau nonton jd lbh praktis,gak perlu ngantri, gak perlu khawatir kehabisan tiket, Bayarnya gmpg lagi...
5;sukaa... tp coba dibuat tidak lemot kalau pas promo.... kan harusnya sudah tau resikonya klo promo. jd dibuat tidak lrmot ya.. makasi
5;Mantap TIX ID. Banyakin Voucher aja dah... pasti gw pesan tiket mulu di platform ini ... gw kasih bintang 5 karna sesuai dengan apa yang TIX ID kasih selama ini.
1;aplikasi bangsat, transaksi tidak dapat diproses terus , udah dicoba berkali kali gak bisa! tolong dibenerin nih aplikasi jancook.
3;aplikasi tix id sudah bagus, hanya saja kenapa setiap dibuka selalu meminta untuk download versi terbaru. jadinya ga praktis dan terlalu sering menghabiskan kuota
5;Sangat bagusss, kalian harus coba. Selain mudah, kalian juga bisa dapat banyak diskon serta harg murah. Selain itu, pakai kode ini AYUSWU dan dapetin voucher 25rb lhooo
5;Suka banget sama aplikasi TIX ID. Memudahkan kita memesan tiket nonton jadi kita tak perlu ngantri lagi. Mau dpat voucher 25.000? Masukkan kode 9UUHID pada saat pertama daftar
1;kecewa.. baru isi saldo mau pesan tiket malah ga bisa bayar, pin salah terus padahal ga ngerasa bikin pin dana. giliran di telfon ke cs nya malah ga bisa terus malah buka web ket error. ini gimana coba? coba buat ganti pin tetep ga bisa. tolong dong bantuan nya
1;knp sekarang kalau top up lewat ATM BRI tidak bisa? kenap hanya ATM tertentu saja , pembaharuan bukan malah mempermudah malah mempersulit. tolong dipermudah lagi trimakasih.
2;TOLONG FITUR UNTUK MENGUBAH NOMOR DANA DITAMBAHKAN. karena orang yang ganti nomor bingung harus bagaimana sedangkan saldo dana banyak tp tidak bisa digunakan karena no hape diganti sedangkan no yg di daftarkan di dana adlh no sebelumnya.
3;Pemesanan pertama ambil promo buy 1 get 1 berhasil, tertarik utk pemesanan kedua, terus kejadian buruk, Transaksi gagal eh promo voucher juga ikut gagal, sampai 3x dicoba sama aja, akhirnya pesan tanpa promo. Padahal yang salah sistem tapi konsumen yg dirugikan. Hubungi CS juga ga diangkat. Parah sih.
1;kecewa bgt pake tix id, awal pakai lancar bgt mgkin blm banyak yg pakai tapi makin kesini makin ngecewain. jadwal promo disitu jam 1 uda dibuka pas jam 1 lewat 5 menit server jelek trus blm keluar jadwal, ditunggui smpe jam 1 lewat 10 menit uda bisa tapi tiba² blg kuota full 😴 ngeseli bgt sih ini terakhir saldo smpe skrg gak terpake 😰
1;Jelek, Lemot, Ga jelas antara TixID & MTix mau kmn fokusnya ni produk? Percuma ada promo klo sistemnya Down. CGV & Cinemaxx lebih fleksibel & modern dgn nilai plus krn krjasama dgn GO-TIX.
3;Bagus sih kalo untuk kita yang nggak bisa antri,,,tapi kalo ada penawaran buy 1 get 2,,,aduh loading nya udah mulai lelet,tolong dong diperhatikan
5;cukup memudahkan pengguna. pesannya gampang. langsung bisa dicetak di lokasi nonton. banyak promonya. Bangga dengan buatan anak negeri. terus berkembang ya.
5;Promo potongannya benar2 nyata guys, sekarang lagi musim beli 1 gratis 1. Gunakan kode undangan ANUKH5 untuk mendapatkan potongan 25rb rupiah. Saya beli 2 tiket hanya kena 16rb. Untung banget kan
1;aplikasi goblok,buat apa dapet voucher kalo gabisa di gunakan. Minimal pembelian 40.000 kan? total gua 76.000 tapi tetep gabisa dipake tuh voucher, Auto uninstal asu
5;"Terima kasih promonya Tix.id, ada saran mungkin untuk posisi kursi bioskop boleh dibuat supaya responsive 1 layar tanpa harus menggeser"". Sukses terus utk tix.id"
5;Aplikasi ini sangat mudah dan membantu agar pembelian tiket tidak usah ngantri panjang dan bisa memilih bangku dari rumah. Jangan lupa ya masukkan kode undangan 3CHLOV agar dapat voucher Rp 25.000 . Terima kasih🙏
5;suka bgtt bikin lebih gampang kalo mau nonton ❣️ ayok yang mau dapet voucher 25.000 bisa pake kode punya aku P4WOVQ . Lumayan bgt jd lebih murah krj voucher .
1;Kadang kalo lagi hari promo suka dalam perbaikan terus kesel kan. Terus kenapa pembaruan mulu yaampun capek saya, soalnya memori full jadi susah bgt update. Ampun deh
4;Sangat efisien. Bisa milih kursi sesuai keinginan tanpa hrs antri dan takut tempat dah diambil orang. Kalo dpt jgn suka minta update aplikasi terus ya..
2;Buat pesan tiket sih oke lah yaa . Tapi knp tiap buka aplikasi sllu minta di perbarui terus . 😧 sering bgt pembaruan . Ribet !!
1;"Udah di ""update"" terus di ""buka"", udah di ""buka"" nyuruh di ""update"" lagi, padahal tulisan di play storenya tinggal ""buka"" bukan update. Tix id sehat? 🙃 Mesti gimana? Uninstal atau update?"
2;Sebelum di upgrade ke versi terbaru saya ganti no hp tapi masih bisa melakukan transaksi Setelah di upgrade malah gak bisa bertransaksi, malah disuruh masukkan kode 4 digit ke no hp yang sudah terganti dan sudah tdk aktif. Semakin di upgrade malah makin aneh ni aplikasi
1;Tolong buat perbaruan agar bisa ganti nomer telp di akun DANA nya!!! Sekarang kecewa banget sama tix id saya punya saldo tapi jadi gabisa dipake karna ada secure keamanan nya apa apa harus verifikasi sms dulu padahal nomernya dah ganti dan gaada option ganti nomer buat dana nya gini ini saya yang rugi tolong tix id diperbaiki juga jangan keamanannya saja yang ditingkatkan tapi malah bikin ribet
4;Baru pertama kali coba aplikasi ini,lgsg bermasalah.gangguan di proses menungu tiketnya.ku coba kirim email ke aplikasinya utk diproses,alhamdulillah berhasil..
3;Aplikasi ini lebih mudah dan cepat untuk memesan tiket bioskop, tanpa mengantri panjang. Jangan lupa untuk pake kode 04SNZ5 untuk mendapatkan potongan sebesar Rp.25000 salam kenal :)
5;TIX'ID dan DANA jodohnya aplikasi sangat berguna bangetttt...nonton bioskop XXI ga pake ribet antri dengan TIX'ID...prosese pembayaran transaksi apa pun dengan DANA ga pake ribet proses hanya itungan detik...TIX'ID dan DANA...MANTAPPP
2;Dulu aplikasinya bagus, ga repot pesan tiket ga selalu minta di perbaharui. Sekarang bentar2 hampir tiap minggu minta pembaharuan terus. Wasting time,makan kuota,dan makan storage memory. Tolong diperbaiki Tix.id.
4;Mungkin kedepannya bisa pake dan topup saldo MTIX lewat aplikasi ini. Kan tiap beli tiket ada biaya adminnya juga kan ya
1;Percuma punya voucher 25 rb dr undang teman tpi ga bisa dipake, ga ada muncul di ringkasan order, mending ga usah ngsih promo klo gtu
1;Kecewa dgn ini aplikasi setelah di Update malah Vocer nya Ndak bisa kepake sudah coba beberapa HP hasilnya tetap sama.
3;Aga kecewa karna pembahafuan terus baru 2 hari pembaharuan pas mau buka pembaharuan lag masalahnya ribet kalonpas hp lagi penuh memory nya,dan yg gratisan susah... Di buka nya aplikasinya😩😭
3;Awal dulu pas masih jarang yg make tix.id lancar2 aja.. eh sekarang udah banyak yg make jadi suka gagal mulu.. mana disuruh updet terus 😪
1;Kenaa tidak bisa ganti nomor hp di akun tix id ini, no saya hilang, saldo masih banyak saya mau beli tiketharus ada otp jadi tidak bisa beli tiket... Tolong perbarui agar bisa ganti no hp..
3;Untuk ganti menu pembayaran, misal dr kartu satu mau ganti ke kartu yg lain..agak lama prosesnya nya. Pas sdh sukses ganti kartu nya. Trs jd gagal krn waktunya kelamaan. Repoottt aee....
5;promonya banyak ..dan gampang banget untuk pengoperasian nya ..dijamin puas deh..kantong hemat jadinya untuk nonton film kesayangan
4;sangat membantu dan banyak promo semoga dibanyakin lg ya promonya hehe, tp kmrn gue beli tiket tiba2 ke refund alesannya kursi udh dibeli padahal sebelumnya msh kosong dan banyak yg kosong jg
5;Aplikasi ini sangat membantu sekali, tanpa mengantri panjang kita bisa langsung memesan tiket lewat tix id dengan sangat mudah dan cepat. Jangan lupa masukkan kode NH5UEO untuk mendapatkan voucher 25.000😉
3;Dari awal pakai tix masih bisa lancar mau top up pun gampang skrg kenapa susah banget yaa mau top up tapi kode yg di sms in gak dikirimn juga smpe berkali2 masih gabisa
5;Sangat membantu untuk pembelian tiket nonton, blm pernah ada problem sampe skrg, sayangnya pilihan untuk pesan jauh2 hari belum bisa, dan sering banget minta update appnya..
1;Masalah di aplikasi nya saya mau mesan film harga nya 50rb terus saya punya voucher 25k untuk belanja min 40rb buat nonton film terus pas saya mau checkout malah ga kepake voucher nya
5;Sangat membantu sekali untuk membeli tiket bioskop, apalagi banyak diskon buy1 get1😍😍. O iyaa kalau download aplikasi ini jangan lupa pakai kode ini ya 91GQ2Z biar bisa dapat voucher 25rb
1;Kecewa sekarang sama aplikasi ini, sering minta diperbaharui giliran mau dipake kaga bisa, apalagi waktu ada promo pasti server langsung jelek padahal awalnya bagus. Semoga diperbaiki
4;Mungkin memudahkan transaksi mudah tidak perlu anti atau yang lainnya, tapi yang aga mengganggu kenapa pembaharuan harus 1 Minggu 1 kali atau kurang Uda harus update lagi, terlebih ketika ada pembaharuan aplikasinya ga bisa di buka, MOHON PENCERAHANNYA. TERPAKSA TURUN RATING NIH
3;Minta update terus apk nya... Sekrang juga free sale udah gak jelas & ribet.. Pake syarat ini itu.. Kalau emang buy one get one ya di promoin ada. kalo gak ada y gak ada..
1;Saya sangat kecewa sama TIX ID saya pengguna TIX ID dari awal , sebelum banyak yg pakai TIX ID berjalan dgn lancar tidak ada kendala dan nyaman sekali digunakan , tapi kenapa sekarang banyak pembaruan ya? Setiap masuk aplikasi nya harus di perbarui dulu dan gagal buat payment kenapa sih ? Tolong di betulkan server nya saya KECEWA !!!!!!!!
2;Baru download aplikasi, ga bisa buka, notifnya minta update. Baru juga download 1 menit yg lalu. Buka di playstore ga ada tulisan update. Cam mana pula
5;Aplikasi yg sangat bagus, memudahkan saya & suami yg suka nonton tp males nganteri, dan yg terlebih lg bisa sesuaikan jadwal + bangku yg mw dipilih..
4;Sistem emang suka error. Lola jg. Soal promo tergantung yg make sih. Klo pinter ngakalinnya ya kedapetan promonya.
2;Halo, saya dapat potongan harga 25rb karna undang teman. Tpi kok diskonnya tidak ada di ringkasan order yaa, padahal saya sudah melakukna transaksi diatas 40rb. Makasih
5;Lebih mudah pesan tiket untuk nonton dan banyak promo gratisan nya pokok nya mantul !!!
5;Lebih mudah saat beli tiket xxi dan gak perlu antri,apalagi selalu ada promo buy 1 get 1 tiap hari rabu.Sukses trus buat TIX ID
3;service fee nya naik jadi 3rb di mtix cuma 1rb,, emang sih banyak promo tapi makin sini makin susah dapet promo,, blm lagi kadang si film yg sedang tayang nya kurang update di mtix udah muncul dan udah bisa dibooking sementara di tixid masi nunggu jadwal
1;Gk tau lagi sama ini aplikasi, promonya banyak, tp gk ada film yg tersedia, masih mending kemaren ada film2 nya dan bisa buka sampek jadwal tayang. Hbis di update ini adanya cuman promonya apa aja tp gk ada ada filmnya. Lantas apa manfaatnya aplikasinya ya?
5;Suka banget sama aplikasinya ga usah ribet antre 😡😢 Bisa beli tiket sekaliguus makanannya juga Dan yang pasti bisa dapet buy 1 get 1 jadi kan bisa lebih irit kalo mau nonton smaa do'i 😄😂
1;"Kecewa bgt.. masa waktu mau pembayaran server down.. loading mulu. Gak kaya pertama kali pake tix id lancar"" aja. Tolong diperbaiki lg buat servernya ."
1;Jangan mau download aplikasi ini tidak ada pertanggung jawab nya saya top up saldo tapi sampai sekarang belum bertambah saldo saya dan saya sudah tlp operator nya dan sya email juga selalu balasan nya mohon ditunggu TOLONG KEMBALIKAN DUIT SAYAAAAA
5;Buat yg kasih rating 1 karena but 1get 1. Inget boy yg buka app ini saat ada promo buy 1 get 1 itu ga cuma lu doang. Banyak yg nungguin promo itu, ya wajar aja kalo pas dibuka app nya lemot karena banyak yg mesen tiket diwaktu yg bersamaan. Udah mau gratis tapi banyak ngeluh #cumadukungappini
2;. Kenapa ya harus upgraed muluk tiap mau buka aplikasi ini,kan kesel jadi nya masa harus upgrade dulu baru bisa di buka
1;Bentar bentar minta update terus ngabisi ram dan 1 lagi ada promo buy 1 get 1 uda di booking uda dapat sms telah berhasil dibeli tiket tiba tiba di cek di tiket online gak ada uda gitu di cancel tiba tiba abis itu mau order lagi kuota promo sudah penuh . Hedewww tolong dong mas pak mba buk di benerin lagi kinerjanya supaya pengguna tixid gak kecewa gini . Terimakasih semoga di baca sama pihak tixid
2;Sudah mulai kecewa,, pesan tiket 1 buah harga normal bukan promo, dana sudah terpotong, tp tiketnya ga muncul.. dan dananya belum dikembalikan.. sudah 2x seperti ini,, jd mikir lagi buat pake aplikasi ini.
2;Dulu sih ini membantu banget eh sekarang mau mesan aja susahnya minta ampun... Sdh mesan berhasil tau2 beberapa menit gagal udah di boking katanya .. Pdhl baru beberapa menit diskon dimulai udah down server nasib2 kecewa berat saya
2;"aplikasi lemot, jadwal kadang tiba"" hilang sendiri, promo baru dibuka langsung habis, sangat mengecewakan"
4;Mempermudah dalam oembelian tiket film dan juga sering ada promo menarik. Namun terkadang aplikasi crack dan error, mohon ditingkatkan yaa.
5;Saya kecewa tidal bisa menikmati promo 12.12 , Awal promo sistem berjalan lancar , tapi kenapa makin ke sini kurang bisa menikmati promo yg tersedia , misal nonton jam 15.00 bisa , tpi ketika memesan jam 19.00 dan 21.00 tidak bisa , bahkan sebagian film tidak bisa di pesan , tolong lebih di perbaiki lg sistemnya karena waktu awal awal promo tidak pernah terjadi seperti ini
5;Awal2 download saya sukaakkkk bgt aplikasi ini. Tp kok skrg tiap ada promo jd ga bisa dibuka, server down, trs pas bs dibuka tau2 tiketnya sudah habis :( tolong servernya diperbaiki n promonya diperbanyak dong tix.
1;mengecewakan, setiap ada promo engga pernah bisa melakukan transakti, entah itu sistem error lah, layout tak tersedia lah. pokoknya mengecewakan!
5;Kecewa skrg sama tix. . Ngadain promo jam satu buy 1 get 1. . Eh 5 mnit lbih langung hbs. . Bahkan aku udah stay jam 1 pas biar bisa jd yg pertama. . Malah error, pas dah bagus promo abis. . Gak kaya dlu. . Kecewaa
2;Sebenarnya banyak promo menarik, saya udah banyak invite teman juga tuk gabung, tapi pas mau beli promo buy 1 get 1 selalu dipersulit, jadi jangan salahin saya law teman2 saya ga pake aplikasi php ini lagi,silahkan diperbaiki, karena i love this app
1;Kok aplikasi nya tambah gak banget ya..beli tiket trus pilih tempat duduk aja gk bisa kata nya kursi sudah ada yg beli..padahal tanda nya kursi masi kosong..pindah jadwal dan pilih kursi yg kosong tetep gk bisa..hadehhh semakin lama gk semakin bagus kok semakin mengecewakan.
1;Setiap di hari promo jadi payah, padahal mau beli yg harga normal.. Udah pilih kursi, Pas ringkasan Order, mau bayar gak bisa, katanya kursi udah terjual, tp di refresh tetep tersedia.. Hadeh saya gak butuh promomu, saya hanya menagih kemudahan tanpa antri yg aplikasi ini tawarkan.. Di akses makin susah.. Bukannya mempermudah malah bikin sangkal hati... Parah
1;Tix gak sungguh sungguh ngasih buy 1 get 1 free nya. Bohong aja. Katanya Kursi sudah terjual, padahal kursi masih kosong melompong dan waktu pembookingan pun di menit bahkan detik pertama promo dibuka. Sepertinya Karena udah banyak yg pake, tix jadi Pembohong dan penipu ya. Kalo emang gak mau rugi ya gak usah buat buy 1 get 1 free lah..! Kecewa mariaa😓
4;Kebanyakan update, baru juga 1 minggu disuruh apdate. Minggu berikutnya suruh update lagi. Udah gtu semakin banyak ngehabisin RAM
3;Bagus bgt aplikasinya sesuai dgn org yg gak suka ribet mengantri dan kadang jika org tdk memiliki cash dia bisa menggunakan kartu. Tapi pikirkan juga dgn org yg memiliki keterbatasan handphone atau memori card jgn sering update dan memakan memori card terlalu banyak. Thanks
2;Saya lumayan kesal dengan aplikasi ini, saat buka aplikasi terkadang harus Di upgrade terlebih dahulu, padahal tampilannya begitu2 saja. Tolong untuk diperbaiki lagi sistemnya.
3;Aplikasinya bagus, sangat mudah digunakan, praktis & simple, namun mengecewakan karena SELALU TIDAK DAPAT BERFUNGSI dg BAIK, katanya BUY 1 GET 1, NYATANYA TETAP HARUS MEMBAYAR FULL AKIBAT KUOTA yg SANGAT-SANGAT TERBATAS!
5;Kenapa selalu pembaharuan sih jadi susah kalau mau nntn dah pesan tiket eh sekali mau buka pembaharuan lagi . Cukup terakhir deh pakay nya
5;Aplikasi ini sangat bermanfaat sekali, mudah untuk memesan tiket dan tidak pakai mengantri lagi, oiya jangan lupa pakai kode VBR633 nanti kalian akan dapat voucher Rp.25.000 ya guys jgn lupa
1;Sangat mengecewakan!, promo tix ID ga guna. Percuma ada promo, tp tdk bisa diakses, server selalu down perbaiki bung. Tolong dengarkan admin tix ID. Perbaiki apk/server nya sebelum mengadakan promo!!!. Sangat buruk.
2;Awal pake tix ID Bagus, eh Makin Kesini dikit2 upgrade mulu lah, trus promo nya masa 5 mnt Udah sold out. Dulu gak gini2 amat dah. Mnding gausah Ada promo deh. Kalo kayak gini terus Jadi males pake tix
4;Terlalu sering minta pembaruan dan suka lama loadingnya kalau lagi ada promo..giliran bisa masuk suka di refund dan ujungnya promonya sdh habis...cuma bikin kecewa sja 😠😡
3;Buat orang orang yang males antri aplikasi ini ngebantu banget tapi tiap kali ada promo buy one get on selalu servernya error kalo emang ganiat bikin promo gausah diadain sekalian soalnya tiap ada promo bikin kesel mulu karna server yang error
2;Kebiasaan nih, selalu kalo ada promo pasti gk bisa, alasannya ada kendala terus, servernya gimana sih nih? Awal2 sebelum byk pengguna tix.id masih bisa lancar2 aja pas promo, tp skrng2 kok jd nyebelin yak.. saya pengguna lama merasa kecawa. Kenyataannya kayak PHP doang !! Kalo gak niat kasi promo mending gak usah deh.
1;Semakin kacau. Semakin error. Dana selalu dikembalikan dengan alasan sistem error.. Untuk promo jg semakin ga jelas waktunya dan sering error.
1;Knp tix id klw ada promo 1 gratis 1 proses pembayarannya lama comment lg diproses untuk kursinya. Mending klw berhasil transaksinya,ini gagal saldo sudah terpotong. Pas mau pesen lg kuota sudah habis. Kenapa selalu seperti ini ya......
1;Tix id ini aplikasi yang bodoh banget 3 kali dikecewakan tix id dana sudah terpotong tunggu tiket terbit tiba2 dibatalkan. bodoh banget aplikasi ini kalau ga siap untuk kerja maksimal mending ga usah ada aplikasi ini bodoh banget.. contact center susah dihubungi telepon ga diangkat email ga dibalas cepat bangkrut sudah..
5;Ye ye ye, akhirnya ada aplikasi buat nnton, tpi banyak promonya hehhe.... Mantull... Bneran, tau banget kondisi kantong, haha lumayan bisa nonton bareng2...
5;Sejauh ini masih bagus,, meskipun tidak pernah dpt promo tapi setidaknya apk ini membantu beli tiket tanpa harus ke loket, hitung2 tanpa ribet antri
3;sudah mulai agak kecewa, setiap kali ada promo pasti server nya down dan bisa melakukan transaksi. udah berapa kali saldo terpotong tapi etiket nya ga muncul, yaa walaupun saldony balik lg dlm waktu 12jam tp itu cukup lama buat ngebalikin saldo. mohon dalam diperbaiki lagi servernya dan disiapkan dlu matang2 klo pengen ngelakuin promo
4;Pas pertama saya pengen kasih bintang 5.tapi kesiai sini.malah jadi jelek.karna penerbitan e tiketnya lambat sekali.malah saya pernah beli tiket dari jam 10 pagi sampai jam 3 blom ada.mohon d peebaiki
3;Over all keren sih, cm agak greget aja nunggunya lama. Lola dan kadang ga sinkron antra kursi yg sudah terjual dgn yg kosong. Mohon untuk perbaiki lagi agar pengguna lebih puas dgn aplikasi ini. Thanks
1;"Aplikasi apaan, telat update.. diaplikasi tertera bahwa bangku tersedia, sedangkan ketika saya pesan bangkunya.. uang saya selalu direfund dengan notifikasi berisi ""bangku tidak tersedia"" coba itu dibenahin lagi lah."
3;Sistem suka bermasalah,tolong diperhatikan lebih baik,karena saat saya mau pesan tiket,sistem bermasalah,jadi ngk bisa beli
1;Haii bedebah...sebelom gw topup masih bisa cek kursi...gw udh top up sistem error...mau nya apa coba... aplikasi sialan..nyesel gw download nya..
1;tix id tolong dengerin tu komplain para pengguna setiap promo 1 gratis 1 selalu error saya pakai aplikasi ini bukan krena banyak gratisnya tapi krena biaya admin lebih murah,tolong di perbaiki komplain paran pengguna itu...
2;Sangat berguna.tapi kadaang kasi promosi pas mao beli susah masuk mendingan kita nampak habis kuota.ini cuman nampak kursi tidak tersedia,kayak macam ga ikhlas aja .KECEWA pokoknya .
1;Aplikasi ini hebat sekali. Sewaktu jam promo tiba2 semua kursi tidak tersedia! Terima kasih TIX id sudah mensejahterakan bioskop nasional :)
1;Tix id makin lama makin gx jelas goblok.. giliran mau beli by1 get 1 selalu pin dana salah. Padahal pin dana nya benar. Tolong di perbaiki .. telpon ke cs juga tdk bisa !!!
1;Dulu saya slalu mesan tiket tix id, tpi ko makin lama makin ngeselin ni aplikasi, saya udah top up buat nonton, eh malah ga bisa di pesan tiket nya, kan ngeselin la, rugi saya, beli tiket di studio nya aja deh, ga guna lagi ni app
3;parah dikit dikit update, padahal blm lama update udah disuruh update lagi. at least gaperlu ngantri lagi sih, tinggal scan barcode langsung keluar tiketnya. tp tolong dong jangan dikit-dikit suruh update mulu:(
3;Kurang suka sama apknya yg sering banget trouble, mau pesen tiket dan ngejar promo aja susah bgt. Mau uninstal nanti kalo masih trouble.an
1;Sudah pesan tiket dan sudah selesai transaksi saldo sudah di ambil tapi malah tiket tidak ada , liat dari hp lain di aplikasi malah kursi yg di pesan udah ada yg pesan , penipu aplikasi ini
5;good apps, dibanding apps sebelah BMS. mudah cari film, proses pembayaran mudah. nanti tgl di tukar di mtix jd gaperlu antri. tq
5;Aplikasi ini sering error, udah pesan tiket, ehh pas udah dekat jam tayang film malah saat mau print tiket kode booking salah.. Di konfirmasi ke tix id, solusi nya cuma refund uang.
1;Update terus tix bru kmren 19 nov diupdate, sebulan 2/3 x hrus diupdate.. Klo ga diupdate g bisa dibukaaa😤😒😒 Liat ulasan yg pd kecewa kok saya jd takut mao mesen tiket di tix takut ga keluar tiket nya / atau bangkuy udh ada orgnya.. Tix diawal doank bagus nya.skrg dh ga jelas
5;"Bagus aplikasinya, sangat membantu dan ndak ribet antri serta banyak promo hehe.. tapi saya pernah mencoba top up di alfamart ndak bisa karna pegawai alfamart nya ndak tau cara nge top up nya padahal sudah saya lihatkan langkah"" top up melalui alfamart di aplikasi.. mohon bantuannya.. thanks"
4;Suka bgt sih bagus aplikasi nya udh sering beli tiket dan banyak promo nya tapi kalo bisa kurangin upgrade nya masa tiap bulan harus di upgrade
2;Saya kecewa dengan aplikasi tix id, alasannya sewajarnya ada perbaruan fitur dalam aplikasi membuatnya lebih baik justru sebaliknya pada pembaruan aplikasi tix id jadi semakin menurun kualitasnya promo buy get one yg tdk bisa di gunakan, belum lagi masih banyak kursi tapi sudah terjual lah. Padahal aplikasi yg dulu sangat bagus dibanding setelah ada perubahan. Terlalu sering pembaharuan dilakukan menurunkan kualitas aplikasi.
3;Bagus tix id biar ga antri. Cuma semenjak pake DANA jadi nambah biaya 2.500 .meski 2.500 juga mayan buat genepin saldo. Kalo kebetulan nonton di mall yg bioskopnya agak mahal tiketnya terus saldo pas2an buat tiketnya gara2 DANA jadi kurang. Padahal dulu ga gitu. Jadi mikir enakan antri lah..
3;Gilak, sepanjang scroll kebawah, ulasannya negatif semua. Terutama masalah erorr pas promo & gagal refound saldo, semoga cepat di perbaiki agar pengguna tdk kecewa
1;Tolong dong akun dananya udh dipersulit lagi nih... Kami sudah isi saldo tp pas udh step terakhir pembayaran gagal cuma gara gara kode otp... Sekarang itu kartu orang sering gonta ganti jadi tolong akun dana ada fitur ubah nomor telpon dong atau jangan pake pin segala biar ga repot. Jadi tidak mempersulit pengguna tix id..... TOLONG SEGERA DI ATASI YA MINTA PIN KEK... GA USAH MINTA OTP MULU SIALAN
2;hallo tix ko aneh ya, tiap buka nyuruh update, promo rabu jam 1 ditungguin tiba2 tiket habis kan lucu, tiadakan aja promonya biar orng2 gak php juga, pisen tiket buat hari esok aja gak bisa, lah tix ini sebenrnya aplikasi apa? txs
2;Saya lupa pin terus suruh nelpon customer servicenya, pas di telpon taunya ga bisa no tidak valid, padahal udah topup jadi sayang dananya, kalo bisa dipermudahlah masalah ganti pin
1;Sia sia ada promo buy 1 get 1. Tapi gk bisa dipakai. Padahal udh nunggu sejam sebelum promo dimulai biar dapet tempat duduk. Tapi malah server down. Loading lama banget dan ternyata pas bayar langsung ada pemberitahuan pembatalan. Dasar aneh gk guna sama sekali.
1;Sangat mengecewakan dan merugikan.. tolong di hapus atau blokir saja aplikasi ini, saya beli tiket, uang sudah saya transfer tapi belum dapet tiketnya, jadinya uang saya hilang, di komplain gak ada jawaban, tolong pertanggung jawabannya...
1;Aplikasi main2, ada promo tapi server down ga bisa masuk, giliran masuk terus gunain voucher e-ticket malah tidak ada terus di refund, giliran di refund VOUCHER SAYA TIDAK DIKEMBALIKAN, dan CALL CENTER TIDAK BISA DIHUBUNGI PADAHAL SUDAH BEBERAPA KALI TELFON TAPI TETAP TIDAK ADA YANG MELAYANI
5;Pernah beli tiket saldonya udah kepotong tapi tiketnya gak ada. Untung yg di XXI gak masalahin. Mohon diperhatikan lagi supaya tidak terjadi seperti itu. Thx
1;Aplikasi anjing awalnya aja lancar, udah isi saldo di dana mau book malah error. Gausah sok sok bikin promo kalo gak sanggup boss !! ilangin aja promo nya skalian !! Takut ga laku tapi nipu ?! Segala jaringan di hp error ga bisa akses apa pun, tiba promo udh abis jaringan hp lancar jaya lg. Sampah
2;Suami saya barusan tlp.. Kita mw pesan tiket kan ada jam mulai nya.. Idh disiapin top up nya.. Pas jam promo mulai dibuka.. Mencoba pesan gak bisa bisa... Lumayan lama ngulang dan nunggu nya, pas sampai pada akhirnya bisa... Eh kouta promnya malah habis.. Gak jd nonton dh.. Padahal lumayan disaat saat tgl sperti ini jika tix id bisa membantu.. Eh ternyata tidak... Hapus aja dah aplkasinya.. Perdana mulai malah PHP
5;Sangat kecewa, saldo terpotong tapi tidak ada tiket dan saldo saya hilang kemana? Jahat banget. Ini permainan saja kali ya di suruh nunggu jam 13.00 setelah jam nya datang eh eror dan saldo sukses terpotong tapi tidak ada tiket, tolong dikembalikan yaa uang uang nya, kalo emang gamau ada promo ya udah gausah dibuat bilang ada promo atau apalah, kecewa
1;Kalo mau ngasih promo yang beneran dong. Udh tunggu jamnya sesuai pemberitahuan.. Tiba tiba loading terus kalo nggak gitu kursi tidak tersedia. Klo gak gitu transaksi dibatalkan.. Udh sering deh gw kayak gini. Kalo memang gak niat kasih promo mending gak usah kasih promo.. Bikin kecewa aja !!!!!
1;Sekarang setiap kali ada promosi pasti error , dan juga kalau udah bookking dan mau di proses lebih lanjut malah kuota promonya sudah habis . Nda seperti awalnya yg bagus saat booking tiket lancar gk kaya sekarang eror mulu . KECEWA
1;Gue bener bener kecewa awalnya saya baca komen gapercaya akhirnya ngerasaiin juga pesen tiket saldo terpotong tapi tiketnya ga ada, dan tlp ke customer servicenya gabisa diemail belom ada tanggapannya juga.
1;Sangat dengan terpaksa, yg dari bintang lima ke satu, udh ga bs lagi pakek buy 1 get 1.. Masa, 15 menit lebih, error mulu. Klo gitu nonton di cgv aja..
1;Tix id sangat tidak berguna. Sebelum jam habis tiket tidak bisa lg dipesan dan lagi sekarang waktu terbatas, pikir dong waktu stengah jam yg mau pesan banyak orang ya pasti lelet lah, klo mau kasih diskon jangan pelit. Gratis nya cuman sehari doang!
3;Saya ikut promo buy 1 get 1 gagal, padahal sebelumnya transfer berhasil, sudah masuk sampai ke akun dana, tiba di refund karena transaksi gagal. Cob lagi ternyata promo sudah habis...ya nasib
1;Dlu ny aj baru pelayanan baik Kok makin lama makin Burukk suka nge Heng error jdwal tdk tersedia sdh pas mau masuk eh tiba2 error lg tdk trsedia pmbyran ! Pernh jg sdh psan dkt2 jam tayang di refund gk jelas ! Tolong di perbaikin sistem plyanannya biar pelanggan senang
1;MENGECEWAKAN.....!!!! klo memang gak niat promo gak usah lah pake buy 1 get 1, sister error, apa bedanya sama M-tix, gak usah pake promo yg menjanjiin biar org unduh aplikasi ini, mending pake M-Tix ajalah, ⭐️1 buat tix id 👎
2;Tolongg yaa kalo lagi promo jangan kebanyakan error udah ditungguin eh malah gak dapet kan ngeselin, udah pesen tmpt duduk udah dibayar malah di cancel.
3;semakin tidak jelas tix id. sering terjadi eror ketika melakukan pembayaran, apa lagi yang bersangkutan dengan promonya buat masuk aja susah, apa lagi melakukan pembayaran. tau-tau suadah habis promonya
1;Pertama Tama aplikasi nya bagus, tapi pas lagi ada promo jadi super lemot. Kalo takut rugi jangan diadakan tuh promo dasar aplikasi cacat
1;Sumpah jelek banget nih aplikasi. Udah mesan tiket malah lelet. Udah ditunggui promonya malah habis. Lebih nih aplikasi dihapus aja deh, sumpah jelek
1;Akhir.akhir ini apk kaya bgst, tiap mau beli promo server error, di refresh malah tiba.tiba promo abis.. down vote ajalah, kecewa bung lamalama di uninstall juga dah
2;Jelek. Oang udah nungguin jam 1 buat by one get one. Pas udh jam 1 malah gak bisa order gagal terus. Giliran bisa br setengah jam udh abis promonya. Bad!
5;Sangat Tidak Bagus.. ketika jam promo.., sistem Error,.... Kalau TID ID tidak bisa menampung Cs beli promo. Lebih baik jangan promo.. Terima kasih
1;Dibilang nya kursi nya sdh habis lalu uang saya di return, pas sdh dicek lagi kursi nya masih ada, sdh itu aplikasi nya ngelag kalau hari rabu, kalau ngga siap banyak yg pesan mending ga usah bikin aplikasi deh, cacat amat org it nya
1;Baru buka promo beli satu gratis satu,25 menit kemudian kuota habis!!! Aplikasi lemot banget!!! Kayak ngak iklas kasih promo!!!payah!!!
1;"Harusnya sih kalo emang di adain promo jangan situsnya bermasalah gitu:"") Soalnya dah tinggal lanjutkan malah ngga bisa..Di banyakin lagi kuota promonga"
2;Promo Beli 1 gratis 1. Di jam 1 baru muli. Pas udh jam 1. Cuma bisa liatin loading sampe 30menit. Gangguan lah apa lah. Tiba2 tiket habis.. . Servernya gw kira meledak. Saking banyak yg akses
1;Aplikasi apaan ini?? Setiap kali ada promo pasti error, kalau udah booking dan mau di proses lebih lanjut malah kuota promonya sudah habis. Nyesel gue download aplikasinya, nda seperti awalnya yang bagus saat booking tiket. Mendingan kembali ke m-tix ajah deh, kan sama ajah.
1;Aplikasi sangat menyebalkan, buy 1 get 1 tiap hari rabu selalu lemot luar biasa!! Gak bisa digunakan.
5;selalu loadingnya lama, pas mau pesen gabisa terus. dan alhasil tiket udah abis. tempat duduk penuh okedah
3;Saya Selalu beli tiket Nonton di Tix ID namun Saat ada Promo Buy 1 get 1 server selalu bermasalah, dengan Keterangan Coba Beberapa saat lagi, dan Saat buka App kembali promo sudah Kehabisan, entah apa Maksudnya. yang pasti buat Sekarang Tix ID selalu banyak gangguan nya. mohon Maaf saya Rasa Kurang Puas terimakasih
3;Bagus sih aplikasinya. Cuma kadang kalo mau dapetin tiket promo (misal bogo pas hari rabu) atau mmg asa tiket promo film baru, ini aplikasi katro banget. Dibuka gak bisa. Padahal inet lancar. Daripada keluarin biaya banyak buat iklan, mending benerin dulu servernya!!
1;Aplikasi apaan setiap ada promo gak bisa di buka..loading lamaa.. Udah nunggu lama lama tapi hasilnya nol. Kurang memuaskan unistal aja
1;udah males pakenya. masa pas ada promo buy 1 get 1 aplikasi nya langsung error.. eh jelang 3 menit kemudian promo udah abis. sama aja nipu dong promonya.. maaf ya aku uninstall deh!
2;Benahi applikasi nya pada saat promo aplikasi tidak berfungsi dengan baik.. Pemakai kesulitan mengakses aplikasi pada jam promo..
1;Kok makin lama makin aneh ya tix.id , tiap ada promo malah seolah jaringan yang eror. Ga mau memuat jadwal kursi kosong
3;Aplikasi nya bagus untuk saya yg hobi nonton flim gak perlu antri tapi kenapa sering banget eror yaa kesalahan mengambilan data dan lajn2 tolong lebih ditingkat kan aja kinerja nyaa
1;nyesel pernah kasih nilai bintang 5 setelah berkali kali di coba untuk promo selalu bermasalah, mending juga buat yg laen dah.
1;Giliran promo buy 1 get 1 langsung deh aplikasi nya gak jalan,, sebelum muncul promo lancar jaya.. Klo gtu mending gk usah ada promo lagi. 👎👎👎👎👎
1;Apaanlah makin gak bener aplikasi selalu di perbarui ke versi baru uda di update lagi cuma sehari doang besoknya update ke versi baru lagi,gilak ni emang tiap hari perbaharui menu di dalam bisa terbang2 kali ya waah aneh 👎
4;Bagus dan asyik siih aplikasi nya, sering ada promo tapi sering error aplikasi nya dan kadang tiba-tiba ngebatalin sendiri gitu tiket yg sudah kita pesan
2;TIX mesti di update terus blm ada sebulan udh harus 2 atau 3x update, klo ga di upgrade ga bisa di BUKA.. pdhal aplikasinya membantu bgt tp tolong donk jgn keseringan mesti diupdate.
3;Apps ini sangat membantu sih, dan sejauh ini lancar dan bagus. Tpi kenapa sangat banyak sesi update? Padahal tidak ada perubahan yg signifikan dari satu versi ke yg lain
3;Waktubiu aku ada voucwr sekitar 50.000 tapi pada saat aku mau gunain voucernya ko gak bisa ? Padahal pas versi lama aku bisa gunainnya ... jadi kecewa dehhh
3;Semoga aplikasi dibuat lbh mudah dan tidak sering error,dan tolong ya kalo lg mau buka apl pas lg mau scan selalu harus update, yakali cuma mau scan barcode harus nunggu update, trs jg sering bgt update..
3;Udah brapa kaliiii beli ditix id yg buy one get one , dan pada awalnya normal dan seterusnya sampai hari ini setiap mesen yg buy one get one selalu dibatalkan padahal transaksi sudah sukses tinggal nunggu kode bokingan, sudah ditunggu sampai kurang dari sejam lebih jam tayang filmnya udh ngehub customer servicenya dan tiba2 direfund dan dibatalkan 15mnit sebelum mulai , dan posisi itu saya sudah dateng ke studionya , dan pada hari2 selanjutnya saya mesen lagi yg buy one get one masih menguji karena penasaran dan bner ternyata sepeeti itu lagi tetapi beda nya ini tidak sampai saya tunggu lama sekitar set jam.an gak dikirim langsung lapor dan pemesanan dibatalkan dan belum direfund , yg ke 2 ini yg saya ceritakan menggunakan perangkat hp yg lain. Jadi mnurut saya jangan seperti ini, jangan seenaknya saja, dst.
1;Tiap masuk malah minta update terus padahal udah di update tapi gak bisa bisa masuk apk. Buat beli tiket juga prosesnya susah sering gagal. Padahal sebelumnya aman-aman saja. Tolong diperbaiki sistemnya. Terimakasih
3;Dulu TIX ID ini sangat membantu utk membeli ticket tanpa repot, tapi sekarang sangat menjengkelkan, ternyata dibatasi dg kuota yg sangat sedikit, sebentar saja kuota sudah habis & tidak kebagian Buy 1 Get 1, sehingga skr lebih banyak dapat Ticket Buy 1 Get 1 melalui Aplikasi TC**H nonton di CGV. TIX ID terkesan belum siap & tidak membatasi buy 1 get 1 hanya berlaku utk tayangan siang jam 12.00 sampai jam 18.00 misalnya. Sayang sekali, pdhl XXI dekat rumah.
2;Mohon kinerjanya diperbaiki lagi, kalau mengadakan promo ya pastikan seluruh admin stand by, bukannya promo dibuka aplikasi langsung error. Mana selalu ada transaksi gagal saktu di bioskop pdahal saldo dana sudah terpotong. Jangan sedikit-sedikit update dong kan lama-lama bosen juga. Tiap buka selalu suruh update.
5;Secara keseluruhan udah ok sih, cuma perlu peningkatan fitur² minor aja dan perbaikan layanan terutama kalau ada promo besar biar nggak mendadak direfund :p
4;Awalanya suka banget dengan app ini karena bisa nonton yang sangat hemat. Tapi kok kelamaan malah bagikan kode untuk dapat vouchers malah ilang. Sama aja la berarti dengan tanpa app ini kalau tidak ada vouchers. Tolong min voucher2nya di tingkatkan lagi .. Terimakasih
4;Dear tix.id kadang kadang suka reload terus kalo buka aplikasinya, padahal udh naik versi. Semoga bisa diperbaiki kedepannya.
5;Aplikasinya baguss tanpa harus ngantri panjang waktu wekeend.. Dan tolong lebih banyak cover bioskop lagi seperti cgv dan kota cinema mall yg di bojong kulur biar bisa mesen disini.. Thx
4;Aplikasi yg gag stabil kasih promo gag jelas sampe orang kesel. Katanya lebih mudah mana? Bgini pelayanannya? Sumpah ini gagal banget jadi aplikasi nyesel download!!!!!!
5;mantap gannn..kerjasama hanya dengan bank BCA ya..kalo bisa bekerja sama sengan bank lainnya..jadi customer lebih mudah..untuk top up saldonya..karena sangat membantu banyak kemudahan..diskon tiket dan bebas antri
3;Suka si pake tix gak perlu ngantri lama buat nonton. Tpi kesal karena jarang kebagian promo nya. Trus ini aplikasi mesti di update terus . Klo gak diupdate gak bisa kepake
1;Promo , berhasil pas langsung transaksi di jam 10.00 , tapi kode booking ga keluar2 , eh tiba2 ada pesan transaksi gagal , sue , tapi gitu ga sa ada promo , bohong bgt skg
1;"Pilih kursi yang kanan kiri nya kosong gabisa :( padahal pengen duduk disitu. Bagusan kayak yang awal"" dulu apk nya :("
1;Untuk aplikasi tix id. Tolong jangan keseringan di update, setiap saya mau liat jadwal nonton bioskop selalu aja harus update dulu..
1;Kenapa saya ga bisa buka aplikasinya padahal baru download tp tulisannya suruh update, sedangkan baru download pasti terbaru jadinya malah bolak balik doang tetep gabisa buka
5;Sangaaat sangaaat puas dengan aplikasi inii... membantu untuk beli tiket tanpa antri lgsg ke bioskop.. apa lagii kalo ada promo.. 1 gratis 1.. trs yg 11 rupiah.. alhamdulillah dapet trs... terimakasih tix.id
1;Aplikasi terlalu sering diperbarui versinya kadang hanya bbrp hari sdh hrs update. Sebulan bisa 4 atau 5 kali update. Membuat memori di hp saya jadi srg error. Mohon pihak TIX memperbaiki aplikasinya. Terima kasih
5;Memberikan kesan pertama tanpa ada potongan sehingga melupakan aplikasi yang sudah lama di gunakan yang memberikan potong 5ribu/transaksi
2;Setiap pesan tiket gak pernah lagi buy one get one, walupun pesannya cepat jam 10.30. Pengen dihapus aj
1;"Ketika saya buka, ada tulisan ""versi baru tersedia"", dan hanya ada tombol OK, yang langsung diarahkan ke Play Store. Tapi, di Play Store tidak ada tombol update, hanya ada buka, lalu appnya gabisa dipake. Gimana itu coba..."
5;Aplikasinya bagus, hanya saja apalgi banyak pemesanan agak ngeblank hehe tapi saya beneran suka sering dapat discount dan kemaren weekend cuma bayar 20 ribu dapat 2 tiket loh thnaks tix id kalo bisa ada hadiah dobg karena terlaku sering pesan di apk
5;Awal sih baca ulasannya dulu, agak ngeri ngeri gimans gitu tp tetep nyoba juga karna belum ngerasa gagal finally dicoba juga, bisa kook dan ga ada masalah. User yg ga ngerti atau gimana yaah yg make apk dengan ulasan jelek gitu???
4;Sangat bagus karena lebih memudahkan bagi para pencinta film, untuk dapat promo dan ulasan trailer film untuk referensi. Thanks
3;Awalnya sih oke, tp semakin kesini kualitasnya makin jelek, khususnya dalam hal transaksi..klopun mau kasi promo, ga pernah niat..jd banyak yg gagal..sy makin yakin akan menghapus tix di aplikasi android saya
3;Awal awalnya bagus banget dan sangat merasa terbantu tetapi makin lama makin ribet dan promonya terkadang tidak muncul jadi seakan PHP
1;Awalnya aja enak makin lama makin aneh aplikasinya. Suka eror sndri. Trs promonya bntr. Gak usab ada promo klu mw dibalikin lagi tiketnya.. 😑
5;Love this app so much!!! Mudah banget transaksinya. Tanpa perlu ngantri tinggal scan kode barkode. Promonya juga lumayan❤
1;Awalnya sih waktu make aplikasi nyenengin, gitu di akhir2 nyusahin malah tiap transaksi GAGAL terus. Mau hapus saldo msh banyak. Mau dipake malah ga bisa. Kan bingung.
1;Baru download tp ga bisa buka katanya di suruh update via Playstore (Update apaan gua baru download) buka playstorepun ga ada menu update yg ada menu hapus sama manu buka.. Lucu
3;"Aplikasi yang sangat membantu...tapi Akhir"" ini sering bnget minta update.dan kalo gk di-update gk bisa kebuka...kecewa"
3;Hadex ko bentar2 versi terbaru terus baru juga versi terbaru 🙈,,,, kurang sukanya selalu harus upgrade dan itu cepet bgt jdi tambah berat aplikasinya
1;Padahal bagus nih apps .. tapi kenapa pas buka Tix.id malah ada tulisan mohon di update di playstore tapi pas di klik malah playstore gx ada update dan saya uninstal dan download ulang pun tetep sama? Tolong dong penjelasanya admin ?
4;Saya harap sekali jika error nya tidak setiap hari, Kalo perlu tiap pagi pembersihan dulu baru memulai server , Agar lebih lancar.
1;Dulu tix.id sangat mmbantu dan banyak promo tiketnya.. Tpi skrg semakin diupdate seharusnya semakin bagus.. Ini malah sebaliknya.. Saya sangat kecewa.. :(
2;Promo untuk Beli 1 gratis 1 selalu habis.. Sedangkan promo tersebut baru mulai jam 10pagi, dan saya buka jam 10.05 sudah ada keterangan promo habis.. Tolong diperbaiki lagi..
1;saat pesan kok tidak kepotong voucher padahal transaksi 40rb pas . jadi voucher hangus dan tdk di pakai . sempat email dan telfon disuruh tunggu balasan 7 hari maksimal. setelah 10 hari tdk ada respon kembali !!!
1;Transaksi yang berhasil sering di refund.. terakhir yg di alami 40 menit film mau tayang.. print tiket tidak bisa. Dikrnakan tiket/film tidak tayang tetapi tiket tidak di refund dengan segera. Sangat sangat mengecewakan. Rugi waktu rugi biaya.
5;Makasih tix ID , berkat apps ini gua kaga antri lagi di mall., tinggal buka apps bisa pilih film dan jadwal main nya.. Terus di tingkat nya yah admin apps nya biar bisa booking jauh2 hari.. Trimss salam dari samarinda
3;"awalnya seneng sama tixid krn bnyk promo dan gampang pesen tiket. Tp skrg kurang ngenakin mau pesen gagal terus sampe berkali""."
5;Alhamdulillah semenjak ada tix.id nonton jd gak ribet ,gak perlu antri beli tiket , dan bnyk promo nya ,,, saya selalu mendapatkan promo buy 1 get 1 kan jd hemat guys hehehe
1;Ganti bintang. Karena performa menurun... kalau takut rugi ... ga usah bikin promo buy1 get 1. Kita itu ada promo syukur.. ga ada promo kita juga beli kok... karena tujuan utamanya mempermudah pembelian tiket...
1;Gak usah ada promo buy 1 get 1 dihari rabu kalo gak niat dan hanya memberikan kuota promosi sedikit. Ditambah proses Dana yang membuat lebih ribet dan lambat proses pengembalian pembayaran yang gagal.
2;Ketika mau buka aplikasi, sering di suruh update. Padahal bru 2 minggu yang lalu update.. promo buy 1 get 1 juga cpat x habis promonya... Gak jelas
2;Aplikasi nya php. Kalau mau ngasi buy get 1 jangan nanggung2 , ini masa setengah jam udah habis. Kadang mau mesan juga error aplikasinya. Tolong diperbaiki lagi acara buy 1 get 1 nya
1;Setiap mau buka aplikasi selalu suruh updet kenapa sih tik trus kalau mau ambil promo buy 1 get 1 kok selalau gak bisa jadi sedih deh
1;Dulu Tik id bagus bgt.gampang sekarang banyak PHP nya,aplikasi gak berguna sama sekali,mendingan di uninstal .yg belum download jangan download udah banyak yg kecewa
5;bagus banget nyesel kalau yang ga download. Tapi satu nih yang ngeselin kalau suda waktunya untuk update pasti langsung ga bisa buka app nya deh, maksa banget buat nyuru update ke versi baru, coba di kasi pilihan mau di update atau nda.
3;System lebih banyak di perbaiki ya, skrg udah lumayan kalau bisa lebih bagus lagi, soal y pas ad promo sering ngehang, aq beli di refund trus, beli pake dana pun di refund,
5;Seneng banged pakai tix id sering banyak promo buy 1 get1freenya. Cm skr cepet banged kuotanya abiznya ga kaya dulu lebih banyak ya. Jd nonton lebih hemat pakai tix id. Secara sy hobi nonton. Ok banged..
4;Aplikasinya tambah kesini semakin ruwet . Suka maintenance . Uda gitu transaksi gantung. Tiba2 dapat sms transaksi gagal tapi saldo enggak kembali 😑
2;Sudah bagus aplikasinya. Seharusnya biaya dikenakan per transaksi dan bukan per tiket. 2.500 per tiket adalah biaya yg terlalu tinggi
1;Aneh. Saya tidak pernah refund tiket. Tapi tiba tiba tiket saya refund. Saya sudah beli jam 10 pagi. Tapi di refund jam 6 malam kan lucu. Aneh
1;semakin tidak jelas aplikasinya katanya ada promo malah gak bisa dan ketika beli tiket tanpa promo malah gagal terus menerus sampai di refund terus dan butuh waktu lama ketika refund gagal.
1;Woi ,,,, transaksi tix dana di refund tapi kok vocernya ilang , punya kode vocer di akun satu lagi tapi nggak bisa buat motong transaksi ,,,,, hati ini pelayanan aplikasi tix parah banget .!!!!!!! Tolong diperbaiki .!!!!!
1;Aplikasi anjing. Masa ada vocer 25rb. Tiba tiba ga bisa ke pake lagi padahal transaksi gagal. Yang bener dong. Kalo server ga kuat, ga usah buat layanan kaya gini !!!
2;Awal nya sih ok. Dengan promo2 yg ada lama2 👎. Buy1 get1 sering gagal. Uang di dana pasti sdh banyak yg ngendap.... itu suatu keuntungan tix id. Mohon di perbaiki servicenya biar semakin ok.
1;Saya barusan mesan tiket dari tix. Tapi transaksi gagal hanya saja saldo dana saya udah terpotong dan pengembalian uang nya gagal. Tolong di perbaiki lagi dong aplikasi nya
1;Aplikasi busuk,masa setiap mau pesen gagal terus udah 4 kali saya coba dan yg terakhir malah saldo saya kepotong tapi ketrangan transaksi gagal,padahal di situ kursi masih banyak namun ketrangan gagal kursi sudah tak tersedia pas saya cek ulang ternyata kursinya masih tersidia.balikin saldo saya.planing kedepanya mau uninstal nih aplikasi masih banyak bioskop yg lebih berkualitas
1;Saya baru pesan tiket tp gagal, tp kenapa saldo saya jg ke potong, & belum di kembalikan, d telp jg blm bisa, gimana sih ini, setiap hari rabu psti begini, mending saya beli di bioskop aja langsung, tanpa kendala apapun!!! Saya kecewa, tolong segera kembalikan saldo saya SECEPATNYA!!!
3;Awalnya saya sangat senang sekali dengan aplikasi ini,, tapi gara2* hari ini udah pesen buy one get one free , saldo sma voucher udah terbayarkan tapi tiket gak keluar!!!! KECEWA
1;"Knp sy sudah pesan tiket ,""status sukses"", saldo juga sudah kepotong..eh tau2 transaksi anda Gagal,,gmn ini.??? Trus saldo DANA nya ga balik,, keterangan nya.. ""Proses pengembalian dana anda gagal"" udh sy tlp ,,nomor ga bisa di hubungin.tolong jawabannya."
1;Parah banget.. eror nih aplikasi.. aplikasi php Pokoknya ga banget. Tadi nya pengen hemat malah buang2 waktu dan uang pake aplikasi ini.. Tolong dong jangan kayak gini.. kembalikan dana ku.. 😡😡😡😡😡😡
1;Saldo sudah di potong, pemesanan gagal, tapi tidak di refund.. Nomor csnya tidak bisa di hubungi.. Mending pake mtix kalo mmg tixid kayak gini sistemnya.. Sangat mengecewakan
1;Parahh klo saya pesen tiket yg gak ikut promo buy 1 get 1 tapi saldo dana saya gak bisa direfund dan nmoe kontak pun tidak bisa dihubungin tolong lebih diperbaiki sistemnya thanks
1;Sudah pesan tiket terus dibatalkan, dan pengembalian dananya gagal. Tolong kembalikan saldo saya yang sudah terbayar tapi pemesanan tiket bioskop di batalkan. ( nama akun Andrian Wiky Dakosta)
2;sudah 2 kali saya gagal mendapatkan tiket. di akun Dana saldo saya sudah terpotong dan transaksi sukses, tetapi saya tidak mendapatkan tiketnya. tiba2 ada notifikasi transaksi dibatalkan. aneh, tidak suka.
1;Aplikasi gak jelas,promo jam 10 tp udah jam 10 waktu promo sdh abis.. sdh di beli pembelian tiket normal malah transaksi gagal,terus saldo saya tidak di kembalikan.. kejadian percis hari ini jam 10.10 WIB.. tolong kembalikan saldo saya cepat 👿👿👿
1;"Aplikasi goblok isi dana mau dipakai malah hilang semua, percuma lu banyak iklanin tix id biar lebih mudah dan cepat , malah tambah ribet buang"" waktu orang!"
1;Saya beli tiket dgn dana. Pembelian gagal krn kursi yg saya pilih sudah kedahuluan pihak lain. Tapi saldo saya tetap terpotong & keterangan pengembalian DANA gagal. Sy telfon ke cs selalu tidak tersambung. Sangat2 gak recommended aplikasi ini.
1;Aplikasi PHP. Setiap aku udah top up jam 10 pagi pasti tiket buy 1 get 1 abis padahal mulainya kan jam 10. Aplikasi kampret ini namanya.
3;Kecewa bangettttt. Beli tiket udah berhasil tapi tiketnya ga turun dan uangnya udah kepotong. Ini gimana sih sekarang kok sistemnya seburuk itu
2;Gemana sih udh nungguin promonya tapi pas udh jamnya malah habis... kalau gitu sekalian aja gk ush dipromoin... pas mau beli lambat banget aplikasinya.. kecewa sama tix awal awal aja bagus sekarang jelek banget
1;Makin kesini promo gak bs kepake... Setiap jam promo selalu gangguan. Gak pernah dpt promo lagi... Aplikasi gangguan terus. Tiba2 bisa promo dh hbs.. Kecewwaaaa
1;Apa.apaan ini..sy beli tiket..udah dapet promo..udah berhasil..nungguntiket..tiba tiba notif gagal.dana di refound. Sy transaksi lagi harga jadi normal..padahal kursi masi ada banyak. Konyol
2;Aq turunin bintangnyaa , sekarang mlah gak muncul jadwal tayangnya pdahal udah siang jam 10 setiap buy 1 get 1 pasti aplikasinyaa bermasalah trus !!!!
2;Aplikasi kok eror trus, dibuka ga bisa lagi dari kemaren2 kalau bisa tak vidio tak kirim biar tau. Mau gampang malah jadi ribet
1;Hallo tix id. Kok sy sering mengalami masalah. Lebih banyak masalah lg ketika tix id sedang ada promo tiket. Itu susah sekali utk melakukan transaksi. Sy udh melakukan transaksi di hari promo. Tp di menu cetak tiket tdk ada. Padahal saldo sudah terpotong. Tunggu berapa jam lalu direfund
5;saya suka sekali dengan aplikasi ini, berkat aplikasi ini memudahkan saya untuk menonton film dibioskop. aplikasi ini juga banyak memberikan diskon, seperti buy 1 get1 pada acara tertentu, saya sudah menikmati diskon ini 2 kali tanpa ribet. Terimakasih saya benar benar suka aplikasi ini. saya tidak harus mengantri ataupun takut kehabisan kursi karna saya bisa mengecek kursi terlebih dahulu.
5;Beli tiket tanpa antri TOP, sekedar masukan ya, kedepan nya bisa beli tiket utk tgl berikut nya jadi tidak hanya tayang hari ini saja
1;Auto delete ini aplikasi. Buset gak bener bgt penanganan nya. Promonya jga boongan. Tolong sistemnya di perbaiki. Banyak customer yg kecewa. Jgn banyakin promo doank !!! Sistem dan pelayanannya di perbaiki !!!
3;Seneng banget ada apalikasi ini. Kita bisa lebih mudah membeli tiket bioskop. Dan dapatkan voucer gratis senilai Rp 25.000 dengan menggunakan kode 8ZOR54.selamat mencoba gaess hihihi
5;Aplikasi yang memudahkan untuk pembelian tiket bioskop. Karena sibuk kerja make aplikasi ini jadi simpel dan mudah untuk beli tiket. Thank you.
4;Pesat tiket, Dana sudah dipotong, Kede booking nggak dikasih, jam tayang udah lewat, Dana nggak di Refund, pesan lagi dijam tayang berikutnya, sama aja, hilang lagi dana, No Refund, customer service nya kayaknya masih liburan sampai keluhan saya entah kapan akan direspon. Kalau bukan karena saldo Dana saya banyak mungkin lebih baik saya uninstal aplikasi ini. Lebih baik balik ke M-Tix mahal tanpa promo tapi nggak pernah mengecewakan.
4;Beli tiket awalnya sukses, pas mau cek tiketnya langsung kena refund. Tapi saldoku sudah kepotong, dan sampai skarang uangnya tidak kembali, dan kursi yang tdinya tak pilih malah masih kosong. Gimana caranya ngembalikan uang yang uda terlanjur keambil? Soalnya aku hubungi lwat telpon gak bisa, email gak ada respon.
1;Udah Download ( Gak ada pengaturan PIN ) lalu Top Up, Pas mau mesen disuruh masukkin PIN. Atur PIN dapet OTP tapi tetep hubungin CS. Cs dihubungin gak bisa. Bad Rating!!!
5;Good aplikasi,, thanks a lot buat tix id and dana,, karna kalian pertengahan dan akhir bulan ku lebih berisi,, bisa nonton murah bareng teman².. 😂😂
1;Awalnya bagus.. Tapi makin kesini makin jelek.. Masak iya sekali di refund seterusnya bkal di refund.. Percuma dunk undang teman bnyak2 biar dapt Voucher tapi pencapaiannya makin parah makin ngk bisa di gunain.. Tolong dunk pihak tix id nya di perbaiki lagi servernya biar semakin bnyak yg gunain tetap di bikin lancar jaya.. Kenyamanan cust d utamaun dunk.. Semoga ada pencerahan biar id gue bisa digunain lagi.. Terimakasih
4;Blm lama baru download, smga bermanfaat. Klo bisa jadwal nnton hari berikutnya bisa di lihat & beli. Karena yg di info hanya jadwal tgl pada saat kita buka aplikasi
5;Mantap jiwa dah... Udah buat gue nggak antre pas beli tiket.. bayarnya beli satu gratis satu lagi. Buat yang lain download aja.. aplikasi mantap!!!!!
5;Sejauh ini ga ada kendala, setiap ada promo selalu kebagian. Dan yg pasti ga perlu ngantri dan bebas pilih tempat duduk yg kita mau.
4;Menurut saya lumayan aplikasi ini lebih memudahkan,tetapi sering lambat masuk tiketnya,lebih di kembangin lagi jangan ada lag lag nya
1;Kesel banget ga sih, pas udah ada promo buy 1 get 1, ternyata total masih sama? Dan yang harus dibayar malah 2 tiket, tanpa potongan tiket pertama😌 Tau gitu ngapain bikin promo tp gabisa dipake? Sedih gweh
4;So far saat ini 4 dulu krn baru pakai, nect banyak promo dan voucher naik 5, 6 klo ada 😋. Tingkatkan terus...😊
1;"Aplikasi gajelas. Udah top up 150k tapi pas beli tiket tiba"" di gagalin sendiri. Nomor yg tertera juga gabisa di hubungin (salah) tolong yaa yg punya aplikasi tolong bertanggung jawab dengan nomor yg tertera supaya kalo ada yg membutuh bantuan biar bisa cepet di selesaikan"
1;sy udh bayar, kartu kredit udh kepotong tpi tiket gk muncul di ringkas order. cust.service di telpon error mulu. GIMANA INI TANGGUNG JAWAB DRI PIHAK TIX ID!!!!
1;Apanya membinasakan bug. Diperbaiki yg bener bos. Aplikasi gak responsif pesen tiba tiba ke cancel sendiri, kode booking telat keluar, milih kursi lama banget, paling benci pas ada buy 1 get 1 gila keliatan banget cacatnya aplikasinya. Keliatan belum mateng aplikasinya. Lu juga punya CS sok sibuk mau ditelfon gak bisa terus. Jangan cari duit dengan cara kaya gini bos. Beri kami pelayanan yang baik maka duit bakalan datang sendirinya.
1;Saran aja si buat tix.id orang mah semakin udah banyak yg make kualitasnya dibagusin, bukan malah kek gini!!! Dulu sebelum banyak yg make saya mesen lancar2 aja gaada kendala. Tp skrg2 mau masuk tix nya aja susah...
1;Belu tiket sudah terdebit saldo tidak muncul tiketnya. komplain email slow respon komplain phone sibuk terus. lihat disitus kursi yg sudah dibook tadi belum terbook. lama banget tiba2 di refund gila aplikasi ini
2;Transaksi berhasil, saldo pun sudah terpotong, akhirnya percaya diri untuk jalan ke bioskop. Waktu sampai di lokasi, ternyata di aplikasinya tidak keluar kode tiketnya. Jadi saat ingin di-print, saya kebingungan. Akhirnya bertanyalah saya ke kasir dan dicek list-nya secara manual, ternyata nama saya tidak terdaftar. Alhasil, saya harus mengurungkan niat untuk nonton. Padahal hari itu saya sudah menempuh perjalanan Depok-Bintaro untuk menepati janji saya menonton dengan kawan pada hari itu.. . Kali ini saya masih berbaik hati untuk memberikan 2 bintang, karena saldo saya sudah kembali, meski kembalinya dalam sekian jam setelahnya. . Mohon agar sistemnya diperbaiki lagi.
1;"Kok lama sekali dalam pembelian tiket.. Tolong diperbaiki.. Merasa dikecewakan.. Pembelian dalam tiket masih mengalami kendala dan dana saya sudah kepotong tapi tiket tidak keluar.. Walau beberapa menit kemudian dana ny di refund tapi saya tidak merasa puas karena bagi saya harus membuang waktu untuk menelpon customer service akan tetapi ternyata cs ny jg ga terdaftar...Mohon sangat"" diperbaiki pelayanannya dan masalah pembelian tiketnya....."
5;Saya senang drngan adanya app ini,tp top up dananya utk alfamrt atau alfamidi buat dong utk seluruh indonesia,krna saya mau top up katanya tidak bs,hanya bs dijakarta Terima kasih
1;Tak usah kasih promo kalau server gk memumpuni. Udah pesan, saldo udah kepotong, tiket blm masuk sampai film udah tayang baru di refund. Kadang promonya gk secara otomatis terpotong. Ya mungkin cuma buat pajangan aja
1;Udah di tungguin Konfirmasi transaksinya lama banget, trus baru dapat informasi kalau transaksi gagal pada saat 1 jam sebelum pemutaran film, KACAU nih servernya. Mana udah d hubungin costumer servicenya susah banget juga.
1;JANGAN INSTAL, ANDA AKAN DIRUGIKAN. Aplikasi buruk dengan pelayanan pengaduan buruk.Beli tiket dengan Dana, saldo sudah terpotong tapi bukti pemesanan belum muncul, complain cuma bisa via email cuma dikasih nomor pengaduan, nomor telpon pengaduan yang tertera tidak bisa dihubungi. Tolong Google Play dihapus aja ini Aplikasi, jangan sampai ada yang dirugikan lagi.
2;Sudah berhasil debit 2x, tapi tiket belum keluar di riwayat pemesanan, tenyata 2 jam kemudian di batalkan... D tmbh sering maintanance klw lgi ad diskon... Gak bsa nonton jdiny... Sistem pemesanny mesti diupgrade
1;Pengalaman buruk pertama kali transaksi , saldo sudah terpotong ,dan transaksi berhasil . Tapi di cek ticket tidak ada . Mengecewakan
1;Awalnya ngasih bintang 5.. Krna beli tiket tapi tidak muncul juga eticketnya padahal uang sudah terdebet.. Ditelp csnya ga bisa bisa.. Terus coba kirim pesan di twitter ga dibales2.. Pas liat appstore ternyata sudah banyak yang komplain.. Ckckck..
1;Sudah ke2x bermasalah dengan tix, yg pertama dulu pembayaran sukses tapi voucher saya di refund! Yg kedua hari ini, jam 10.30 beli tiket sdh dapat sms notif dana terpotong tapi tiketnya ga masuk2, di email sampai sekarang ga ada tanggapan, no call center tidak terdaftar!
1;"Sangat kecewa dengan tix.id, sudah melakukan pemesanan dan saldo terpotong tetapi tidak mendapatkan tiket elektronik, sudah complain melalui email tdk ada tanggapan dan sudah tlp nomor selalu tdk bisa di hubungin, tanpa ada tanggapan sedikitpun, kursi sudah terbooking oleh org lain saldo msh blm balik, sudah 4 jam tiba"" terrefund sndiri tanpa ada tanggapan dr tix.id, SANGAT KECEWA!!!!!!"
1;Semakin diperbarui sistem semakin sering eror! Terutama saat ada promo, wah aplikasinya menjadi sangat sangat menyebalkan dan tidak berguna! Saldo dana sudah terpotong namun kode booking tidak muncul berjam jam. Contact center yang tertera di aplikasipun tidak bisa dihubungi! Tolong segera dibenahi
1;Saya sudah berhasil memesan dan membayar tetapi kode tiket tidak ada saya sangat kecewa kembalikan hak saya kalau kalaian tidak bisa memberikan kewajiban kalian!!!!!
1;Saya pertama kali pakai tix.id langsung mendapat pengalaman buruk. Saldo dana saya sudah berkurang dan sudah mendapat SMS bahwa saya sudah melakukan pembayaran tiket dengan Dana tapi Saya tidak segera mendapatkan tiket. Mau complain ke CS panggilannya selalu sibuk dan sudah kirim email tidak kunjung ada perbaikan. Pertama kali coba dan langsung dibuat KECEWA
1;Please deh! Beli tiket buat sore ini, saldo sudah terpotong tapi tuket belum ada! Penanganan nya ga sda sama sekali! Di telpon nomor tidak terdaftar! Di dm ga di balas, di email pun sama!
1;Pesan tiket, saldo DANA udah terpotong, tapi kode booking tidak muncul... Di status transaksi juga ngga ada... Aplikasi sampah, balikin saldo gue njir... 😡😡😡
1;Lagi dan lagi. Sdh terdebet tp tidak dpt tiket. Ini sdh ke 3 x nya Hari ini ter debet 2x 45rb dr akun sy. Mohon di perbaiki donk sistemnya. Klo tiap x beli seperti ini malah bikin kesel.
1;Tolong dong kirimin kode vouchernya saya sudah melakukan pembayaran lewat app tix.id saldo sudah kepotong tapi kode voucher belom ada. Merasa dirugikan saya, sudah email ga ada tanggapan. Balikin saldo dana saya...
1;Saya beli tiket biaya uang udah di tarik tapi tiket tidak keluar dan tidk ada pemberitahuan sama sekali/refund. Nomor costumer service tidak aktif/tidak terpasang.
1;Gimana ni solusinya? Tiket ga dapat saldo terpotong.. balikin saldo saya.. call center ga bisa dihubungi. Niat ga sih bikin aplikasi. Sampai skg blom ada kejelasan.. bisa ditindaklanjuti gak ni?🤔👎👎
1;RUGI. Baru pertama kali download tix.id... langsung order tiket pake Dana & voucher yg tersedia, TAPI GAGAL NONTON karena tiket TIDAK TERBIT, daftar transaksipun KOSONG. Padahal SALDO DANA TERPOTONG. Telpon ke CCnya, nomornya GAK BISA DIHUBUNGI. Okelah gak ada promo gak masalah, tapi duit kostumer kepotong tapi gak dapat tiket?? TERUS KUDU PIYE??? KECEWA BERAT.
2;Pertama menggunakan tidak ada kendala, lancar jaya... Banyak promo menarik Tapi sekarang kok mulai ada masalah yaa... Transaksi berhasil, sms notif ada, saldo terpotong tapi tdk tertera di riwayat transaksi yg otomatis tdk ada kode pembelian (kode tiket) Sudah menghubungi help desk via email tp tdk ada tanggapan, nomor yg bs di hubungi yg tertera pada aplikasi ternyata tdk bisa dihubungi... Mohon perbaikannya!!
3;Promo nya cepet abisnya, kalau lgi keluarin promo server nya susah masuk. Tapi buat cashless sih oke gk usah takut gk dapet bangku kalau mau nonton. Tapi tetep, dapetin promonya susah banget error terus servernya. Semoga lebih baik lagi kedepannya.
1;Aplikasi sampah. Saldo sudah terpotong tapi tidak dapat kode booking. Nyesel saya isi saldo banyak2. CS juga tidak bisa dihubungi. Saya saranin kalo beli mending di mtix aja, disini cuma menyediakan sampah
1;Kecewa banget sama TIX ID, mau pesan tiket aja susah, error terus, setelah berhasil pesan tapi tiketnya tidak dikasih. Di cek terus rupanya kursi yg dipesan sudah solt out tapi tiket yg di pesan tidak juga keluar padahal saldo dana sudah terpotong. Makin di update makin jelek aplikasinya. Kecewa berat!!!!!
2;Aplikasi nya sudah bagus dan sangat membantu Hanya saja tolong TOP UP DANA NYA TAMBAHIN VIA ALFAMART/INDOMART agar lebih gampang melakukan Top up nya
4;Aplikasinya bagus dan membantu,tapi kenapa bioskop2nya itu nggk smuanya ada dan jauh2. Tolong dilengkapin lagi untuk bioskop2nya..
4;Membantu sekali aplikasinya, sering banyak diskon, mungkin servernya aja lebih digedein lagi biar gak slalu down kalo lagi ada promo dan bejibun yang ngakses Masukan, mungkin bisa dikasih review beserta rating film seperti imdb atau tomatos apalah itu.
3;Aplikasinya cukup membantu dan pembayaran aman. Tapi setiap ada promo, aplikasinya selalu down dan sering ngga bisa dibuka. Jadi percuma sdh top up dana. Harus diperbaiki lg. Tks
1;Kecewa sama aplikasi ini, baru beli tiba tiba langsung refund, dan nggak bisa lagi menggunakan promo yang di sediakan.. Tolong dengan sangat perbaiki lagi sistem yg ada.. Jadi ngerasa kalau aplikasi ini blm siap unuuk menyediakan layanan yg sesuai dengan apa yg mereka sediakan.
3;Promonya kadang gak bisa di gunakan padahal sebelum buka ada pemberitahuan promo pas di buka loading lama, udah kebuka ternyata engga tersedia. Kecewa meleh
1;Pesan tiket jam 10.00.00 yang katanya tix sesuai promo dimulai dari jam 10 pagi. Tapi tidak ada diskon yang terpotong, masih harga normal. Kalau kasih promo jangan asal dong.
1;saya pesan tiket. duitnya udah diambil. kode tiketnya ga muncul. udah 9 jam ga ada kabar. biasanya langsung di refund. tapi sekarang engga. ga ada kejelasan. jadi saya rugi. auto bye
1;kode booking tidak muncul padahal transaksi berhasil dan voucher yg terpakai. gimana nih? di dm via ig jyga ga dibales. email pun juga ga ada jawaban. ditelfon juga gabisa.
5;Interface nya bagus, mudah di pahami. Sistem pembayaran juga tidak ribet, Cuma kadang ada kendala saat memilih kursi. Semoga kedepannya app nya bisa di maksimal kan lagi. Good job TIX👍
1;Aplikasi cacat dan sangat konyol. Sudah melakukan transaksi tp info di call kursi ud diambil. Seharusnya auto gagal donk transaksi. Ketika saya log in kursi yg saya ambil masih kosong. Call center yg jauh dr kata bagus. Pelayanan buruk
4;"Terimakasih atas pengembalian dana saya 🙏 Dan Saya harap tix.id lebih cepat lagi dalam menanggapi masalah, Saya kasih bintang 4 dulu Karna saya belum mencoba aplikasi tix.id ini Curhat dikit 😁 2 kali pesan tiket di tix.id gagal terus 😕 Pesan tiket pertama: saya lupa number pin dana, saya pikir mudah untuk menggantinya, ternyata saya harus kirim email, tapi lama sekali prosesnya Jadi saya telpon saja ke 1500445 😆 ngak tau nya pulsa saya ngak cukup, Udah saya isi 5rb ""TELPON MATI"" 🤔 ISI 20rb baru nyambung LEGA 😂 tapi degdegkan takut ""TELPON MATI"" tapi akhirnya saya dapat number pin dana 😉 Tapi nonton nya ngak jadi 😅 Pesan tiket kedua: pas di hari rabu lagi ada promo, yang promo nya ""beli 1 gratis 1"" 😂 Seneng dong udah ajak temen buat nonton berdua 😆 Tapi ngak jadi lagi 🙁 karna kode bookingnya ngak di kirim, hanya keberhasilan pembayaran saja yang di kirim, Tapi Gak apa apa lh, yang penting saldo saya balik, kesalnya saya karna proses tanggapan nya lama 🤓 ""SEKIAN DAN TERIMAKASIH"""
1;Aplikasi yg sngat mngecewakan, saldo dana sdah kepotong tpi tdak ada notifikasi booking ny. sdah smpe ke bioskop mlah pulang jdi ny. sdah lama di rumah bru ada notif refund ny
1;Tolong dong kalau emang nggak bisa buat booking tiket, proses refundnya dipercepat. Saya udah booking terus direfund tuh kecewa banget.
1;Aplikasi ini tidak bertanggung jawab atas keluhan cust, dari email dan ditelp jga susah sekali dihubungin. Biaya tiket sudah dibyar tpi barcode tiket belum muncul, di email dan ditelepon jga tidak bisa. Mohon di perbaiki sistem kerja kalian.
1;Katanya tunggu tiket diterbitkan. Sampai sekarang blm juga muncul kode bookingnya, padahal dananya sdh terpotong.. lama2 jadi sontoloyo app ini..
1;Dua kali pengembalian pembayaran. Aplikasi ga berguna. Udah loading susah buat bookingnya terus ga bisa mesan tiket juga. Ga rekomendasi pokoknya. Jangan pake aplikasi ini ya buat semua
1;Salah satu dari 3ribu orang yang kecewa atas aplikasi ini. Input data kartu kredit aja gabisa. Lemotnya minta ampun. Kaget yak servernya karna setiap rabu orang orang udah siap buat beli tiket buy 1 get 1. Makanya jangan dibiasain. Sekelas traveloka gotix ataupun develop pertamanya aja ada masa berlakunya. Nah ini tiap rabu. Ya ngebul server nya.
1;Saya sudah pesan dan berhasil, tapi e ticket tidak keluar. Trus alasannya sudah dibooking orang lain. Trus uang sya gimana? Bagaimana bisa berhasil kalo udh di booking orang lain. Aplikasi sampahh
5;Payah banget eh aplikasinya.. Udah selesai melakukan pembayaran tapi tiket gak di cetak. Notifikasinya pun gak ada. Dan saldo juga kepotong tanpa ada pengembalian.. Aplikasi gak jelas
1;"Kecewa saya sama tix.id Saya beli tiket nonton jam 12.30, tapi lewat dari jam nonton, tiket gak masuk"".. Sudah DM tapi gak ada respon.. Mana saldo DANA saya gak balik.."
1;Merasa dirugikan 😡 Saldo dana sudah terpotong, kode booking ga masuk. Tempat duduknya makin lama udh di ambil sma orng lain. Terpaksa beli tiket baru jdinya Di tlp sibuk trs giliran di angkat ga ada penyelesaiannya juga. Di email ga di bales juga.
1;Baru saja beli tiket, uang dari Dana sudah terpotong namun tiket tidak muncul, bahkan notifikasi email pun tidak ada. Lalu bagaimana nasib saldo Dana saya yg terpotong? Sudah mencoba komplain via email tidak ada respon. Menurut saya aplikasi ini belum siap berbisnis.
1;Aplikasi tolol penipu ,, katanya kemren promo 11 tpi sistem error skrg buy 1 get 1 free tiap hari rabu juga gg ada padahal masih promo bulan november .. Kalo gg niat bkin promo gg ush bkin ,, auto delet mnding antri tpigg ngecewain drpda aplikasi mudh tpi nipu ..
1;Apk gk jelass, baru kali ini beneran kecewa, baru beli tiket dana udh terpotong malah kode tiket'a gk muncul juga!! Cs di tlp gk bs, Emailpun gk di bls.. Emg gk niat kali ngasih promo, MERUGIKAN bisa di bilang juga PENIPUAN!!
1;Kurang memuaskan.. saya sudah beli tiket.. dan sudah di potong saldo dana dan voucher saya.. tetapi barcode nya tidak ada.. dan sampai saya asik lihat tempat duduk yang saya sudah booking sudah di tempati sama orang hubungi call center tidak bisa di email tidak ada balasan... emosi....
1;Sering gangguan, error, psen tiket saldo dana udah berkurang, voucher juga udah terpakai tapi tiketnya ga muncul, benar-benar mengecewakan
2;Saya sudah membayar tiket, tapi sampai satu jam saya menunggu tiket elektronik tidak keluar, setelah menghubungi lewat email beberapa kali, tetap tidak ada tanggapan, coba lewat telfon tidak bisa dihubingi. Tolong dong
1;Transaksi sukses tapi tidak dapat kode booking saldo sudah terpotong, sudah hubungi call centre tapi tidak ada respond, sangat kecewa
5;Kenapa saldo saya sdh terpotong dana sudah berhasil tapi tiket blom muncul ya dan di email responnya lambat dan no tlp tix id nya sibuk luar biasa😃😃😃😃 dan blom ada jawabnya luar biasa tix id
1;Saya udah pesan tapi tiket nggak muncul,udah email juga gak ada tindakan selanjutnya gimana,padahal tiket udah berhasil bukti SS nya juga ada Tolong perbaiki hari ini juga !!!!
3;Barusan saya transaksi 2 tiket pakai dana di even buy 1 get 1, padahal pembayaran sudah berhasil dan saldo berkurang namun tak kunjung dpt kode tiket bioskopnya. Plis perbaiki, saya rugi kalau sampai tidak segera dikirim kode nya
2;Serius nanya... Katanya promo mulai jam 10 pagi. Sy sudah mulai dari jam 10.00 , udh milih kursi. Pas mau byar ga sengaja keluar . Trus pilih kursi lagi lgsung udh ga promo. Cuma selisih 5mnit masa udh lgsung abiss promonya????
2;Bohonggg...promonyaa..nga bs terbeli..dulunya nga begitu..taktik ngajak org dwnld dan isi uang di dana sj..stlhny..semua promo tak bs dibelii..loading terus..atau sdh beli..tp dibatalkan secara otomatis..noko..
1;ini gmna sih aplikasi bangsad.. saldo dah kepotong tapi kode tiketnya gk ada.. di telfon coatumer servicenya sibuk mulu.. kalo gk niat bikin aplikasi gk usah bikin.. penipuan ini namanya.. payah amat
2;"Dulu awal"" tix sangat bagus lancar dan sangat membantu Tapi sekarang udah sangat buruk setiap promo selalu eror Dan setelah beli bayar selalu refund dan setelah itu ga ada lagi promo nya Dan direfund saldo gak kembali pembayaran sukses Kode Booking ga keluar Ini gimana sih tolong domg diperbaiki"
1;"Aplikasi parah ini sekarang,buktinya banyak bgt yg komplain. Bukan beberapa aja tapi bisa diliat sendiri di kolom komentar,blum di dunia nyatanya. Masa bilangnya promo tapi tiba""gk bisa,alesannya server eror/promo tidak berlaku. Padahal cuma beda semenit dari promo baru dimulai. Awalnya membantu tapi skrg merasa sangat merugikan karna udah dibuat berharap. Klo mau gini trus gak lama jga ini aplikasi gk akan bertahan"
1;Update terbarunya kok malah tambah error buat pemesanan apalagi kalau ada promo, walaupun do refaund dananya tapi gak bisa nikmatin promonya padahal baru juga mesan malah langsung refaund. Vouchernya juga ga bisa digunakan
1;Kecewa berat semenjak event kemaren 11:11 promo apapun sering habis bahkan baru 1 menit dimulainya promo langsung habis promonya kecewa, sebelumnya enak-enak aja gak ada masalah dan saya sangat suka tapi sekarang saya kecewa. Tolong diberikan lebih promonya, saya mohon🙏
3;Aplikasinya sudah bagus Tpi gimana kalau sudah pesan tiketnya dan dana nya sudah di potong, tapi tiketnya tidak ada. Kecewa banget dah disitu Gimana dong
1;Gila ya... udh 2x kejadian kayak gini... saldo Dana kepotong tapi kode booking gak ada! Kuota gue abis woy... cm buat muter2 di app ini... Sial! Dulu gak ginih2 amat! Sekarang malah begini...! Gak usah ngadain promo klo gak mumpuni ni app!
5;Kalo lagi promo, sering susah d akses.. server nya lagi error kali ya..tpi mantap lah app nya
2;"Awalnya say ngasih 🌟 5 karna selalu lancar setiap mau beli tiket... Tapi kesini"" kok. Kalo ada event buy1 get 1 untuk akses masuk/pesan tiket jdi susah banget. Loading ngga kelar"" .. kesel bgt sih jadinya"
1;Kok saya mau pesen tiket setelah di perbarui gabisa di klik sih option nyaa kacauuu ni app.
1;Kecewa srg kali minta di update, pdhl blm 1 bln minta update lg... Tolong dong dipikirkan kl mau update perlu memori yg besar, sdgkan kita kapasitas sdh sekarat.. Kl gk mikir msh ada saldo dlm aplikasi ni, sdh d hapus saja
1;Aplikasi butut,awal nya aja bagus,belakangan karena banyak yg paket JD ancur,download baru supaya bisa dpt voucher undangan teman,malah gak bisa dipakai,bikin promo tp gk bisa digunain,mendingan tak hapus aja nih aplikasi
1;Promo 11.11 bohong doang., saya udah pesen tapi refund sendiri tanpa pemberitahuan.. Padahal tiket sudah dipesan dan dibayar Jika memang tidak mampu mengadakan promo jangan dipaksakan akhirnya banyak yg kecewa
2;kenapa sih setiap mau buka harus update terus , belum ada 3 hari lagi update ... tolong dong di bagusin biar ga setiap hari update habis habisin kuota doang , cuma mau mesen tiket doang mesti update .
3;Kesan untuk upgradenya seperti memaksa ya, kalo ga upgrade gabisa buka aplikasi :(( tolong untuk hal upgrade ditentukan sama pengguna bukan dari aplikasi gitu, soalnya gimana dong kalo memori handphone pengguna ada yg penuh otomatis harus menghapus ini itu dulu dan itu sangat menghambat sekali.
2;Sering sekali tiket yg saya sudah beli tiba tiba di repund tanpa alasan. Alhasil saya harus beli tiket kembali pake antriii.. tolong di perbaiki agar tidak mengecewakan banyak orang.
1;Saya sangat kecewa dengan promo yang di adakan, jika tidak bisa menjamin kenyamanan pelanggan dalam menggunakan promo yg ada sebaiknya tdk usah ada promo sekalian
1;Katanya buat promo , tapi promo gak jelas . Selalu sudah succes pas beli namun di refund kembali . Lebih mementingkan yang membeli dengan cash . Kalau mmg gak niat buat promo jangan buat promo . Sudah habis kuota tapi nyatanya promo gak benar .
1;Aplikasi kontol, bisanya tipu2, event 11.11 semua pembayaran di kembalikan, gak punya otak kau yang bikin aplikasi ini, pembodohan. Dan apanya yang berantas bug, sampai saat ini masih banyak, dasar anjing, bedebah.
3;Pesam nya pertama lama proses. Sampai2 pemgembalian uang. Padahal harga murah. Pas pesan ke 2 gak btuh 1 mnit lasung berhasil
1;aplikasi yang sangat tidak profesional sekali, uang saya di refund tanpa alasan yang jelas. bikin program juga gag bener, saya sebagai customer sangat tertipu. kalau bukan karna saya ada sisa saldo mengendap disini, sudah saya hapus aplikasi tidak bermutu ini.
1;Promo di aplikasi ini jelek banget. Kalo gak siap jangan buat promo abal2 kayak gini dunk pake acara hrg tiket Rp.11 tapi akhir nya direfund paket data yg dikeluarin lebih besar dr Rp.11
1;Aplikasi PHP. Udah relain ganti akun tp tetep aja gabisa . Alasan kursi udah dibooking lah atau apalah. Padahal pas aku cek lagi masih kosong. 👎👎👎👎
1;Percuma Tix memberikan diskon, kalau nyatanya tidak bisa dipakai. Tiket yang dipesan pada aplikasi tix tidak terproses dan saat konfirmasi pada pihak Cinema juga tidak bisa memberikan solusi, dan menyuruh penonton yang menghubungi pihak Tix langsung. Kalau tidak ada solusi tidak perlu memberi iming-iming diskon. toh saat penonton sudah datang ke bioskop tiket tidak bisa dicetak!
1;#bintang 5 turun ke 1 ya. Promo #11.11 ..kode pemesanan tiket sudah berhasil pas mau cetak trnyta kursinya masih kosong. Uda kelewat sm filmnya ahok 🤣 kalo main promo logis dikit. Kalo g mau rugi y 11rb kek potongan tiket 50% kek ..haduh... Penonton kecewa gaes 🤣
1;Saya kecewa ikut pembelian promo dan sudah ada notif pembelian sukses tapi setelah jam nonton tinggal sebentar lagi.. saya dapat notif dana sudah di refund.. pembelian gagal.. saya coba cek bangku nya sudah terjual pada orang lain.. untuk developer.. you suck bro!!
1;Sakit tapi tidak berdarah. Udah capek-capek rebutan promo, giliran sukses di PHP di detik-detik terakhir. Mending kalo dari awal bilang promo udah habis. Ini udah sukses, malah di cancel. Aelah. Niat bikin promo nggak sih....
1;Gimanasih ko promo gak di proses proses padahal saldo udah di potong, udah mulai lagih film ,cape nih gua nungguin di depan bioskop untung bawa kopi ama kuaci 😠 malu gua di liatin orang utung rame rame, klo promo kaga berfungsi mending kaga usah bikin promo, ini sama aja kaya PHP kaya dia sakit batin gua 😢 BTW GUA SERIUS!!
2;Tolong server diperbaiki.. sudah beberapa kali tiket saya di refund.. ini bukan soal pengembalian uangnya.. tapi soal kesiapan TIX untuk menangani pelanggan.. jika memang belum siap.. lebih baik segera di perbaiki.. saya kecewa
2;Pesanan tiket saya udah hampir 1 jam blm juga ada konfirmasi nya. Masih loading , katanya menunggu kursi. Saldo udah ketarik tapi gak ada kepastian.
1;Versi yg ini sangat buruk perlu di perbaiki lagi , karna saya sudah pesan tiket dan sampe bioskop jadwal nonton 15.45 tapi kode booking belum juga di kasih sampai jam 4 sore lebih jadi ketinggalan waktu buat nonton dan ga jadi nonton akhirnya
1;Kecewa berat.Aplikasinya error terus hingga promo hanya mimpi.lihat saja banyak sekali kekecewaan.semoga pihak tix id bisa menjawab segala masalah nya.
5;Sangat membantu sekali, kita bisa lihat tralernya terlebih dahulu film yg akan tayang, ditambah kita bisa pesan tiket darimana saja, sehingga tidak perlu antri..
1;"Kenapa ni. Kok proses tiket elektroniknya gak muncul"". Tapi memang benar kok saya dapt promo bayar rp11. Tapi smpai skrng tket elektroniknya belum muncul. Gmn ni...."
1;"Transaksi sudah berhasil, saldo dana sudah terpotong, sudah dapat konfirmasi sms tiket akan segera terbit, saya menuju mall tempat saya mau nonton, sudah jauh bermacet2an, sampai tempat tujuan, tiba2 dapat sms kalau tiket dibatalkan atau di cancel sepihak, memang sudah di refund tapi bukan masalah itu, tapi waktu saya jadi terbuang percuma, telp ke cs jawabanya katanya ""siapa cepat dia yg dapa""..laahh kalau transaksi sudah berhasil dan dana sudah di potong plus sudah dapat sms pemberitahuan, saya kurang cepat apa coba...ini apa nggak konyol??👎👎"
1;selalu muncul perintah update aplikasi, padahal baru beberapa menit download aplikasi ini. Pas di uninstal terus download lagi muncul perintah kaya gitu lagi.
4;Suka dengan aplikasi ini, tapi terkadang lemotnya pkek banget dan pernah pesen gagal tp pesen lagi akhirnya berhasil stelah nunggu 3jam😁
5;Pokoknya mantul banget dan sukses juga buat tix id, n terimakasih banyak karna dapat mempermudah pembelian tiket dan terimakasih juga banyak promonya
5;Seneng aja sih, barusan komen kalo kecewa gak dapat promo 11.11 krn beberapa kali trouble ehh gak lama kuota 11.11 nya ditambah . Iseng² coba beli di app ehh ternyata beneran dapat hihi yippyyyy ma.acih @tix.id .. Gak itu aja sih, emang selalu puas aja pake @tix.id nonton lebih murah, gak capek antri, gak ribetttt. I love it💕
5;Suka sekali dengan app ini. Yang bilang promo2 di tix hoax anda aja yg kurang bruntung wkwk. Selama ini saya nyaman2 aja pake app ini. Ngejar promo trus malah wkwk
1;Kali ini saya dikecewakan dengan sebuah alasan memberikan promo tapi dibatalkan sepihak bukan memberi solusi demi kenyamanan pengguna . Padahal transaksi berhasil , saldo sudah di potong , blm ada pemberitahuan bahwa promo sudah mencapai limit . Bahkan status aplikasi tinggal menunggu cetak tiket elektronik . Saya kira bukan alasan yang tepat membatalkan pesanan sepihak yang dengan status transaksi selesai lalu semua di anggap selesai begitu saja . Sangat mengecewakan .
1;Sangat..mengecewakan... sudah konfirmasi transaksi berhasil dan saldo terpotong..bbrp jam kemudian saldo dikembalikan n transaksi dibatalkan.. aplikasi suka2 elo..klo bkin promo pasti aplikasinya slalu eror..susah dibuka..merasa dibohongi...no recomended
3;Tadinya saya suka pake aplikasi ini krn kadang suka ada promo, tp kadang suka ngeselin klo lg promo servernya suka down..mohon diperhatikan lg..thx
1;Aplikasi yang tidak konsisten dengan apa yang sudah di publikasikan kalau pada tgl 11-11-2018 ada prmo 11 rb ternyata berbohong, sangat kecewa konsumen dengan software yang tidak konsisten, jujur dan konsisten agar aplikasi tidak mengecewakan konsumen , terimakasih !!!
1;Aplikasi sampah, PHP terus!!! menarik orang utk instal dengan promo. Begitu dipake malah gangguan terus... Klw nggk niat ngasih promo jangan promosi dong.
1;Aplikasi banyak bohong nya dan lelet. Sangat mengecewakan, sudah sampai di bioskop dpt sms trx di batalkan pdhl pas pesan trx berhasil, saldo sdh di potong, terimakasih buat kebohongan nya TIX ID
1;Sangat buruk ! Saat ada promo sudah diikuti semua syaratny, sdh ditungguin, sudah d promosiin, sudah sabar juga di coba terus, pas udah berhasil, tiba-tiba pemberitahuan kalo di refunded ! Berhasil bgt buat org kesel. TQ YA
1;promo penipuan... padahal saya user yg puas selama ini, namun berkat hari ini saya kecewa dan tidak mau mengunakan aplikasi ini.. saya udah berhasil melakukan pembelian promo hari ini, namun tiket tidak muncul, saya email supaya tiket diterbitkan malahan pembelian saya direfund... tidak memuaskan!!!!
1;Applikasi sampah.. bikin promo 11.11 dari jam 10 uda mantengin hp.. jam 11.11 uda berhasil beli tiketnya.. saldo uda kepotong.. gak tau nya dikembalikan secara sepihak.. kalau kouta tiket uda habis. Kenapa gue bisa beli tiketnya. Kenapa lu refund.. babi.. ngabisin waktu.. kesel bgt. Sumpah
1;Sya beli tiket promo 11,11 sudah berhasil, dana sudah kepotong tapi tiketnya belum muncul, terus beberapa saat kemudian muncul pemberitahuan pengembalian dana dan transaksi anda di batalkan, padahal nggk ada minta kembalikan dana atau dibatalkan, gimana sihhh!!!! Promonya abal abal
1;Kalau ngadain promo yg masuk akal sedikit dong , massa iya hampir semuanya gak bisa order , udah kepotong saldonya kode booking gaada . Php woiii kalau ga siap bikon promo gausah gitu biar aplikasinya dibuka terus apa
1;Sangat mengecewakan!! Terjadi pembatalan pembelian tiket secara sepihak padahal sebelumnya udah dinyatakan berhasil dan tidak saya batalkan. Sungguh memalukan!
1;Kenapa tiket yg udh di pesan tidak keluar. Padahal saldo nya udh kepotong. Pembayaran sebesar Rp230.000 ke TIXid melalui akun anda telah berhasil pada 11 Nov 12:04 WIB. Ane pilih film yg jam 1 tpi blm jg terbit tiketnya.
1;Saldo saya sudah kepotong untuk promo 11 tapi tiket belum muncul sampe sekarang... Ini maksudnya apa yah..? Tolong dibalas atau kasih respon karena bukan hanya saya yg punya masalah seperti ini... Terimakasih..
1;Aplikasi ini benar menyebalkan, sd ke2xnya sy selalu dpt kendala dana sd terpotong tapi tiket belum di kirim padahal transaksi berhasil. Di tlp susah, di email lama sekali ngerespon jawaban hanya balasan nomor laporan saja. Kesel
1;Parah.. Uda minta update yah, gw update. Perbaikan gw tungguin. Masuk psen tiket ga bsa bsa. Pdhal uda stand by dr jm 11.10 apakah benar ada yg dapet promo itu??? Ketauan buy 1 get 1 free kaya biasanya deh. Klo niat kasih promo tolong j Aplikasi yg bener dong. Lebih susah dari test CPNS kmaren cuma buat masuk 😂😂😂
5;Keren sihhhh.. Apalagi klo udh dibantu sama Applikasi DANA juga, applikasi ini semakin klop.. Topup nya juga mudah,bisa pkai kartu debit dan melalui alfamart juga..
3;Kasih 3 bintang dulu ya, klo aplikasinya dpt di akses dengan cepat dan banyak promo dan diskon saya kasih bintangnya full.
1;Kecewa! Sudah bayar, saldo terpotong tapi tidak ada kode booking, untung sempet capture sms kalau sudah bayar, hayo kembalikan donk! Di display seat msh available , ketipu
1;Sangat sangat mengecewakan, promo nya tidak bisa digunakan bahkan untuk mau masuk aplikasi nya saja padahal sdh sesuai jam .TIDAK BISA MASUK CUMA MUTER MUTER DOANK (NOT RECOMENDED)
1;Saya benar2 kecewa dengan tix id. Saya telah mengorder tiket dengan menggunakan promo 11.11. Saldo DANA saya sudah terpotong SMS dari DANA JUGA SUDAH MASUK tapi tiket saya yang di order tidak ada. Saya komplain lewat email belum sama sekali di balas. Kalau mau jualan tolong yang benar...!!! Walaupun cuman 11 rupiah tapi saya sebagai user yang sering mrmakai app ni sangat kecewa. Bagaimana tindak lanjut kalian...
1;Mana sesuai janjinya memberikan pengalaman yang lebih nyaman,cepat & aman saat membeli tiket?untuk saat beli tiket promo aja gak nyaman,lambat gimana tuh janji promonya?kalau gak mau kasih orang promonya ya gak usah promosikan.dasar penipu!!!
1;Promo 11 rupiah bohong!!! saya pantengin dari jam 11.10 wib sampe eror harus nunggu beberapa jam lagi gak kebuka melakukan transaksi. Memang pada saat jam 11.11 keluar diskon 11 rupiah tetapi saat dilanjutkan tidak bisa. Intinya gk mungkin tix id atau dana menggratiskan penonton untuk menonton bioskop bisa rugi bandar. Jika demikian gak usahlah ada promo2 yang memang bisa merugikan.
1;ini baru aja di download pas dibuka kok disuruh update sih? udah di uninstall terus download ulang masih aja gabisa dibuka appnya kan goblok.
1;Katanya diskon Rp11,- . Tau taunya malah error bgt pas dibuka. Giliran udh bisa dibuka udh sukses transaksinya Rp11,- malah tiketnya ga muncul anehhhh😠😠. Saldonya udh bekurang tiket ga keluar😢
1;payah beud, berhasil td transaksinya, di tarik juga dana Rp.11 nya, tp gak keluar kode transaksinya, kembaliin Rp. 11 gueeeee.... atau gue uninstal? lahh... gmn taunya ya dana gue di balikin...wkwkwk.... ya sdh instal lagi deh, trs 12.12 ada lagi promonya, ya kaya gitu aja sampai aplikasi ini satu indonesia download.
1;Sangat mengecewakan untuk setiap promo aplikasi susah untuk pesan tiket.promonya penipu.apanya yg sesuai janji?itu bukan promo namanya tapi penipu.
1;Saya kecewa padahal saya sudah bayar tapi tiket belum terpesan Kalau ga niat ngasih promo mending ga usah Ngerugiin pengguna tix id ini mah Pas top up dana mudah giliran mau mesen tiket lemotnya luar biasa
1;Aplikasi ga guna, udh sering minta update, bug masih terus ada, sering error, mending aplikasi sebelah deh, kecewa
1;Aku udah berhasil pesan tiket, udah bayar juga, ada sms pembayarannya, aku udh cek diriwayat diaplikasi dana juga udah sukses tapi tiketnya gak muncul, nyoba buka lagi aplikasinya eh kursi yg aku pesan ternyata belum kebooked. Gimana sih bikin promo tapi php:( padahal dulu gak ada kendala, kesel jadinya!
1;Selalu seperti ini, kalau TIX ID mengadakan PROMO tiket murah ,pasti selalu ada aja ERROR dari aplikasi dan tiba tiba beberapa saat masuk APLIKASI dan langsung TIBA TIBA HABIS KUOTAnya.tolong pihak TIX ID perhatikan aplikasinya , pastinya kalau ada PROMO pasti orang orang pada berlomba lomba membeli tiket. Tolong APLIKASI Ini di perbaiki biar lebih bisa di akses dengan mudah pada saat mengadakan PROMO TIKET MURAH.
1;keselll banget sumpah , udah isi dana pas mau buka gak bisa , katanya ada promo tapi pas di jam nya langsung lemot , dan di suruh tunggu beberpa jam pas di buka gak bisa promonya , niat ngasih promo gak sih
1;Masa promo udah selesai transaksi malah dibatalin sendiri sama tix id padahal udah dibayar terus mau beli lagi malah error tix id nya kalau kayak gini jadinya mending promonya ga usah di adain aja
1;Sy sudah book dan saldo sudah kepotong tpi nomor book tidak ada. Saldo ga kembali otomatis pula. Ditlvon cs susah bgt. Gmna nih tindak kelanjutannya.
1;Matilahh kalian yg buat apliksi ini. Buat promo yg jlas dong. Aplikasi smpah ini nmanya. Saldo sudah berkurang, kode booking tak nmpak dimna wujud nya. Sudah brapa ribu orang yg klian tipu. Dimana tanggung jwabnya. Copot saja ini aplikasi dr playstore. Gk pantes. Penipuan. 👎👎👎👎
1;Kecewa .... Bilang nya promo 1 hari . malah 1 jam aja udah habis promo ny ditambah ngga bisa di buka lgi karena aplikasi ny gangguan.. Kyanya sengaja
1;Kesel tiap ada promo selalu error padahal aku tuh udah nunggu jam mulai promo nya .kirain hp ku aja yg erorr Udah nyobak di setiap hp keluarga ku juga gak mau . Tolong ya tix jangan php gini . Bikin kesal tau!! . Kalau gak mau rugi jangan ngasih promo Sekian terima kasih ! Dan skrg giliran dibuka setelah peningkatan katanya promo habis ! Anjay luh tix . Gak bagus cara main loh 👎🖕
1;Parah banget ini aplikasinya. Udah nungguin promonya udah isi saldo tapi ga bisa masuk ke aplikasi nya. Cuma muter doang. Giliran bisa masuk jadwalnya ga muncul. Tolong kalo ga niat ngadain promo gausah pake promo promo segala. Bikin kecewa semua aja.
4;Mudah dan gampang, tapi kalo promo masyaallah, susah bgt. Tapi alhamdulilah udah bisa walaupun kesel karna harus coba2 terus selama 40 menitan. Hah sabar sabar...
5;Udah d update tapi setiap ada proMo lagi perbaikan, waktunya habis, dan gk kebagian promo, tingkat kan
1;Awalnya si keren bngt nih app.. Ngebantu bngt.. Tpi apa... Ngasih promo malah perbaikan dan disuruh nunggu beberapa jam... Apa kabarnya nntn gk ribet tanpa harus ngantri.. Tinggak klik... Topup pake dana.. Pas top up si lancar.. Udh bayar.. Tinggal mesen.. Malah perbaikan.. .. Lucu kali.. TixId
1;Gagal terus, sistem nya suka down, lelet banget, awal awal mula aja lancar transaksi nya, tapi sekarang lelet banget
1;Yahh karena aplikasinya udah banyak yang pakai jadi overload, seharusnya pihak tix id sudah mengantisipasi kendala seperti ini dengan meningkatkan bank datanya, apalagi kalau ada promo paket murahnya sehingga tidak membuat kecewa pelanggan setia dari tix id itu sendiri
1;Kesan Pertama Jelek Banget... Habis Brli tiket terus kode booknya gak ada. Terus aplikasi error, tlp call centre baru bisa proses 1 jam lagi atau dana kembali!!! Saya pesan jam 11.45 dan nonton jam 13.00 lalu disuruh sama call centre nunggu 1 jam??? Hello emangnya jakarta jaraknya dekat??? Dan dengan gampang call centre bilang dana akan dikembalikan kl gagal??? Lah trs kl saya dach sampe sana dana dikembalikan trs saya ngapain buang2 waktu. Jelekkkkkkkk.... Aplikasi jelekkkk
2;tiap ada promo, error trus ! promo 11.11 , TAI !! 11.10 GUA BUKA AMAN AJA, eh pas buka 11.11 sampe skrng, malah enggak bisa dan skrng perbaikan sistem, ntar pas udh bisa di buka, promo abis ! balik ke mtix aja lah, udh gua promosiin nih aplikasi, tp tiap ada hal yg bagus, jd enggk bagus !! CUUIHH !!
1;Sumpah ini aplikasi kalo ada promo2 mau pas mau bayar slalu ajaaa ada peningkatan sistem lah. Padahal baru gue upgrd. Gamau rugi? Yajangan ngadain promo2 masa baru di upgrd tp ada peningkatan sistem trs.
1;"Awalnya suka, tp giliran ngasih promo trus mau beli malah muter"" terus pas log in tiba"" tiket udah habis.. Siap"" uninstal habis ini, thanks tix.id... Bye 🙌"
1;banyak update, sistem di perbaiki lah, jadi ga bisa beli padahal sudah top up, keluar uang dua kali, ga rekomendasi banget
1;Mending hapus aj ni aplikasi, semakin bnyak pengguna smakin susah msk, semakin ad promo semakin aplikasi ini jadi gak jelas. Bkan nya smkin bnyak pngguna smakin lancar. Gak jelas.
3;Tiket saya mana, tadi order sudah berhasil, saldo dana saya sudah hilang, koq tiketnya tidak ada. Kaya2 nya mau pakai modus refund nih. Gimana ini, kalau gak dapat, saya mau beli lagi, jadi tunggu! Buang waktu ini jadinya. Kacau nih ah, pemberitahuan keq, tiket menunggu dicetak atau apalah. Jadi PHP nih ah. #sebal kalau promo itu konsumen hanya kaya ikan di dalam kolam, yang diberi umpan, enak gk enak trserah yg kasi.
1;Begitu mau buat pesen langsung error!! Padahal udah upgrade skalian ngisi top up!! Apaan sih ini!!! Tolong diperbaiki lagi dong sistemnya! Kita mau pesen kn jadi ngga bisa!!!! 😡😡
2;Awalnya sih suka promo nya banyak sekrang munculbpromo sekali udah pas waktunya eh malah error kalo gak mau rugi gak usah kasi promo aja sekalian keselin aja
1;Kebiasaan Tix id kalau keluarin promo suka bug pada sistem,,jngn keluarin promo kalau data pengguna tidak mencukupi,jdi kena bug sndri kan, Promo Rp.11-
1;Kenapa akhir2 ini tix id sering gangguan terlebih saat ada promo? Hari ini mau beli tiket promo yang 11 rupiah tapi beberapa bioskop tertulis tidak ada film yang tersedia. Mengecewakan
1;Di stiap ada promo pasti eror gk bs pesan, pas bisa masuk aplikasi batas promo sudah habis, sm aja penipu, mending UNINSTAL aja , PHP, mending jgn ada kata promo klw akhir ny mengecewakn...
3;Belakangan ini sering banget error yaa.. udah beralih dr mtix eh malah sering error.. mana tix nya bru di isi saldo eh error.. tlg donk diperbaiki lbh baik lagi. Thx
1;Awalnya suka, tapi hari ini kaya kesel aja gitu percuma ngadain promo tapi pas dibuka aplikasinya muter doang dan begitu kebuka gaada jadwal tayang nya. Kan aneh
3;Apps sering down ketika ada promo sehingga ux gak dapet ketika ada promo. Tolong diperlancar appsnya ketika proses promo h e h e
1;Selalu aja ada bug & ga stabil saat di refresh,padahal wifi on ngebut.tanggapi woy jgn cuma terima keuntungan doank!!!
4;Cuma kasih saran aja nih, untuk metode pembayaran nya, selain menggunakan saldo dana dan transfer, coba deh menggunakan saldo ovo juga agar lebih memanjakan penonton setia nya 😊 terimakasih
3;3 dulu, nnti ditambah. Soalnya lemot banget bukanya. Padahal jaringan udh 4g. Buka yg lain lancar. Tp pas buka tix lama ga muncul2 :( masukin kode ADOU98 free voucher 25k 😁
5;Saya senang dengan aplikasi ini, biaya adminnya lebih murah dan promonya menarik.. terus kembangkan aplikasi ini.. Kwig.. kwig.. ahhh ah ah ahh ahhh...
2;Awal ngasih bintang 5 karna gak pernah ada kendala,tp skrng kesel aja semakin banyak yang make tuh smakin turun kwalitasnya, hampir 1 bulan harus ada pengupgradean berkali kali. Kemarin udah upgrade dua hari kemudian upgrade lagi!!!
1;Kebiasaan bgt sih ini Tix Id!! Saya baru di update tgl 1 November 2018, dan kenapa skrg saya baru mau beli tiket udh suruh update lg. Baru jg 11 hari masa udh di update terus sih?? Klo ga di update ga kebuka aplikasinya!! Oon bangke!!!
3;Pernah booking tiket tapi ga dapet kode. Booking sampe ga jadi nonton karena atuido udah penuh. Uang di refund 3 hari setelahnya tanpa kompensasi apapun
5;aplikasiny sangat membantu, selain mudah juga banyak promo. Sering seringlah promo, jangan dihari rabu saja, setiap hari. Jika perlu promonya kelipatan, buy 1 get 1, buy 2 get 2 dst. 😁😁😁✌️
3;"untuk mendeteksi kota ga bisa:(( uda nyoba ketik sama pake layanan lokasi malah tulisannya ""Data yang anda minta tidak ditemukan"" mohon dibantu:)"
4;Suka banget sama aplikasinya.Sering banget ada promo nonton plus voucher 25.000 nya hehehe....Tpi tolong aplikasinya jangan sering error karena menyusahkan orang lain.Pokoknya klo nonton beli tiketnya pasti di TIX.ID
1;Masa mau menggunakan malah perbaikan terus padahal tadi pagi bisa selesai topup dana ko malah sedang dalam perbaikan tolong dong kebijakan nya sangat menyebalkan
5;Saya sangat suka dengan Tik.ID memudahkan kita untuk pembelian tiket nonton tidak perlu ngantri Dan mudah digunakan, and than banyak promonya
5;Aplikasi ini mempermudah untuk nonton bioskop, tidak perlu ngantri panjang dan banyak diskonnya. Apalagi kalau pake kode ini TQD928 👍
5;Makasih TIX ID metode pembayarannya mudah banget dan buat kalian yg baru mau instal aplikasi ini dan mau dpt voucher potongan harga 25.000 langsung daftarkan kode OPNORK langsung bs dapet potongan deh. Nonton jadi lebih mudah dan muraahh..
1;Wtf!! Bulan lalu pas sistem tix id error gue minta refund DANA gue senilai 40rb dan voucher 25rb. Mungkin sekitar 2 minggu baru di balikin 40rb doang. Dan semenjak itu gue gapernah lg buka appnya. Skrng pas mau pesan tiket di tix id DANA gue sisa 20rb. Ntah yg 20rbnya hilang ke mana. Dasar aplikasi penipu!!! Percuma isi DANA, kalo diem2 DANA nya ngilang ga tau kemana🤬🤬🤬🤬🤬🤬
4;Aplikasinya bagus banget apalagi kalo kita beli tiket bisa buy 1 get 1 kan lumayan lah aap lagi buat anak kos bisa ngirit setelah login gunakan kode ini MPGTH5 supaya kita bisa sama sama irit 🤭
5;Aplikasinya bagus banget serius ngemudahin kita kita yg suka movie marathon tapi takut kehabisan tiket jadinya bisa booking dulu selain itu selalu ada diskon yang edan banget sering ada beli 1 gratis 1 dan buat kalian yang mau nambahin aku sebagai teman kodenya ▶▶▶ TXZDCC◀◀◀ kalian bakal dapet voucher Rp. 25.000 lumayan banget kan cus download sekarang
1;Gimana tadi pas beli buy 1 get 1, tapi dana dikembalikan lagi, pas mau beli lagi malahan gk buy 1 get 1 lagi.. Jangan bohong dong.. Sy uninstal nih aplikasi tambah lama tambah gak bener.. Sy pengguna lama sangat kecewa
1;Cemen amat m tix sekarang setiap hari rabu pas promo buy 1 gate 1 pasti perbaikan sistem kenapa harus setiap ada promo nanti pasti kalo dah di atas jam 12:30 kota promo dah ga ke dapetan lagi kalo emang udah ga mampuh kasih promo ga usah kasih promo bikin kecewa saja. Nanti juga pasti pada lari semua mending beli langsung di tempat ga ada biyaya admin 2500 per bangku. Kalo promo masih bisa dan kaya dulu lagi saya masih mau menggunakan m tix id, buat apa kalo ga ada promo cuma cari untung doang woooo bego. Mau bagus nama ga berani ngeluarin dana buat promo kalo ga berani ga usah bikin aplikasi ini tolol. Perusahan ecek ecek ini mah kecewa...
1;apaan ni tix id, masa peningkatan aplikasinya jam 11an, gimana mau pesan tiket coba, harusnya peningkatan aplikasi itu malam dong jgn siang, masa siang, aneh aneh aja
1;Beli tiket hari rabu yg promo, udh masuk pembayaran tau2 ke refund sendiri. Trs mau beli lg promo nya udh hilang. Yg refund kan bkn gue. Kecewa lah udh ga usah promo kalo masih gagal manage nya
5;Suka banget. Mudah juga untuk pemesanannya. Walau Dana nggak pernah di top up, tp bisa bayar via credit card! Untuk voucher nya dibanyakin dong, nggak cuma dapat voucher potongan karena kirim kode aja, tapi mungkin bisa yang lainnya. Anyway, suka banget!
5;"Bagus sekali aplikasinyaa ini nggak usah ngantri kalo mau beli tiket yang mau dapat saldo 25.000 dari tix.id silahkan tambahkan kode ""QQXVNE"" kan lumayan udah buy 1 get 1 dapat tambahan 25.000 lagii 😊😊"
4;Gak perlu repot buat dapet voucher Rp. 25.000 cukup ketik kode reverensi VEAUBB kamu bisa langsung dapet voucher tsb. Buruan daftar dan masukkan kode reverensi VEAUBB dan voucher lansung bakal kamu dapetin. Dijamin
5;Aplikasinya mantap, ngk perlu lihat2 di tv film apa yg mau tayang dibioskop Kuy download sekarang juga aplikasinya, apalagi dapat voucher 25.000 rb Dengan menukar dengan kode (Y9126K) maka kita sama2 vouchernya Kuy kuy
5;Aplikasinya keren gk usah repot - repot lagi pesen dan ngantri . Dapatkan voucher senilai 25.000 tinggal masukan kode VKLTN3 buruan kapan lagi!!!
5;Sangat membantu saya saat ingin nonton akhr bulan. Karna bs dpt voucher dan dpt buy 1 get 1. Semoga kedepan lbh dibanyakin promonya dan tetap konsisten seperti ini pelayanannya 😉
5;Semenjak ada tix, kalau mau beli tiket bioskop bisa dimana aja dan jadi lebih hemat pastinya. Sering sering adain promonya ya
5;Aplikasi beli tiket nonton Bioskop yg sangat baik, bagi kamu yg ingin dapat gratis 25.000 Wajib masukin kode voucher GTNDOY sekarang juga.
5;Thanks TIX ID aplikasi ini bagus guys gak usah capek2 antri ke bioskop milih seat nonton. Cukup lewat TIX ID aja dan bagi kamu yang mau dapat voucher nonton 25 ribu, pakai kode ini yaaah MH308V siapa cepat dia dapat 😘😘😘
2;Kenapa pin selalu salah.. setiap reset pin pasti sy pake kode itu lg.. ujung2nya dibekukan, batal nonton.. sudah 3x reset pin, padahal kode nya sama
5;Saya sangat suka dengan aplikasi ini yang memudahkan kita untuk membeli tiket bioskop secara online. Ohh iya bagi yang mau memasukkan kode undangan teman kalian hanya tinggal memasukkan kode 302TUR. Bagi yang sudah memasukkan saya ucapkan terimakasih.
5;Suka banget sama aplikasi TIX id❤ buat yang suka nonton aku rekomendasiin deh beli tiket ke aplikasi TIX ID untuk yg pertama kali daftar kalian bisa masukin kode ini YJ2YHH biar bisa dapat voucher 25.000 ❤❤
5;Bagus... Jadi makin menghemat waktu buat order tiket bioskop... Bonusnya banyakin lagi ya min... Trus pilihan studionya banyakin juga jangan cuma 1 macem...
3;"Makin kesini makin sering di pake, makin jarang ada discount, pas baru""a donload doang banyak, klo beli pake harga normal mah, tekor, lebih mahal 5rb dri beli labgsung hadehhh, coba solusinya gmna"
5;Aplikasi yang keren, ga perlu takut lagi untuk para anak kost pecinta film buat nonton setiap minggu nya 👍, yuk dowload aplikasi nya dan gunakan 3AE15T untuk kode undangan nya agar aku dan kamu bisa mendapatkan voucher 25rb ,selamat mendownload 👌
4;Saya sudah beli tiket. Saldo sudah terpotong. Tapi kode tiket tdk keluar!!!! Film sudah main!!!!! Aplikasi hancur!!!!!!
5;Awalnya saya pikir bohongan, tapi ternyata beneran dapet voucher Rp25.000 untuk setiap pengguna baru! Yuk pakai kode EOSZLP untuk dapetin vouchernya juga :)
4;Aplikasi dengan fitur yg bagus, bagi yg suka nonton tunggu apalagi yuk gunain aplikasi ini, buat yg pemula silahkan gunakan kode voucer 72E8VP buat dapetin voucer Rp. 25000 free lohhh :)
5;Ih suka!!! Aplikasi yang memudahkan kita buat beli tiket tanpa ke bioskop dan ngantri panjang!!! Buat kalian yang pengen dapet voucher 25.000 kalian masukkan kode RANK1H. Nanti voucher kamu ada 25.000 :)
5;Udh sering banget pesen tiket nonton di sini, aplikasi nya bagus dan terpercaya, pertama nya agak ragu tp ternyata memuaskan hasil nya, sering dpt buy 1 get 1 jg Terima kasih tix id
5;Keren, tingkatkan lg yak. Sama tambahkan fitur reset password dana melalui email, utk menangani lupa password
4;Kenapa sekarang gak bisa pesen untuk hari2 besok ya? Sedangkan dulu waktu awal pakai aplikasi ini masih bisa pesan tiket untuk hari2 besok?? Mengecewakan sekarang :(
4;cukup bagus. hanya saja jika kita blm mengupdate aplikasi ,tix tidak dapat digunakan sebelum diperbahurui. semoga selanjutnya tetap bisa dibuka/digunakan walaupun belum sempar diupdate aplikasi nya
5;"Bagi yg sdh daftar tapi ada kata ""nomor sdh digunakan"", biasanya itu sdh sukses. Di coba untuk login aja. Pasti bisa masuk. Gunain kode "" WZUEPH "" buat dapet reward 25.000 nya"
5;Aplikasi yg bagus sekali bagi penggemar film nonton hemat jangan lupa dapatkan voucer 25.000 dengan kode : A8KUO....terima kasih
5;Enak banget pakai tix ini. Memudahkan consumen dalam menonton movie tanpa antri dan banyak promonya. Juga bebas pilih kursi dan bisa liat jelas trilernya. Pokoknya wuenak banget pakai tix. Thank yoy tix.id.
4;Saya sudah melakukan pembayaran lewat dana... Saldo kepotong tp transaksi g ada.. tiket jg g ada.. agk lemot aplikasinya tp untung pas jm nonton deket baru muncul tiketx
2;Terakhir di perbaharui tgl 26 okt, ini hr tgl 30 okt minta di perbaharui lagi.. Memangnya setiap 3 hr harus di update atau bagaimana... Dan klo boleh bonus atau gift nya ngk usah ada kadaluwarsa dong..
5;Untuk pilihan top up pake bank tolong dilengkapi biar gak kenak biaya tambahan, masak BNI gak ada, harusnya lengkap semua bank indonesia ada.
5;Suka sekali dengan adanya aplikasi ini saya dengan mudah bisa nonton film yang saya suka dan memilih tempat duduk sesuai keinginan kita, dan tidak perlu mengantri untuk beli tiket
2;Pertama kali menggunakan sukses,kedua kali nya mau di gunakan di infokan sll password salah,pin salah,sudah mengikuti tatacara nya tetap masih nggak bisa.saldo masih ada nggak bisa di pakai.suruh pakai download terbaru tidak mau mendownload
5;Sukaaaak banget sama aplikasi ini.. bantu banget buat yg hobby nonton, setiap rabu ada buy 1 get 1.. omggg!!! Terlove dah pkoknya.. Buat kalian yg baru daftar terus mau dpt kupon ptongan Rp.25.000 bisa pake kode undangan ini (BEZR97).. thanks TIX ID❤❤❤
5;Bagi kalian yang mau dapat voucher tambahan 25.000 itu setelah daftar diaplikasi dan sudah masukan kode kita , langsung lanjutkan ke aktifkan DANA , nah dari situ nanti ketika sukses kita akan dapat voucher 25.000 dan pengguna yang memakai kode kita pun juga dapat 25.000 Saya sudah daftarkan temen teman saya dan saya selalu dapat vouchernya
4;Sekarang tixid payah nih promo nya makin kesini makin ilang tapi biaya operator tetap ada, ga kaya di awal2 coba konsisten dong dengan menghadirkan promo2nya, kasih kelebihan tersendiri bagi tixid.
3;Tolong jangan terlalu sering upgrade yg tidak ada perubahan sama sekali. Mau nonton trouble terus dan harus menunggu berjam-jam.
5;Pesan tiket jadi gampang..ngk harus antri lagi..tapi lebih baik lagi..perpanjangin promo buy 1 gt 1 dong. Krna semua orng bisa pakeknya..klo give away salah 1 sja yg dptnya.
2;Nggak tau yg rusak ini aplikasinya atau cs, mana pass sy katanya salah terus nelfon cs sampe 4 kali mahalan nelfon cs daripada tiket nontonnya dan csnya ngomongnya lambat banget dan buang2 pulsa tp nggak ada solusi baru aja solusi setelah ngomel2 kan gak enak banget marah2in orang tp kalo.gak gitu gak paham2 orangnya
1;Pendaftaranbaru tidak bisa memasukkan kode referal, dan Voila tiba tiba nomer sudahterdaftar!!!!
1;Costumer servicenya lemot dalam penanganan..pulsa abis 10rb pas konsultasi masalah lupa pin dana..tapi kelamaaan keburu mati ngomongnya..akhirnya maslaah tak terpecahkan
5;Aplikasi ini sangat membantu saya untuk membeli tiket nonton dan banyak promo2 menarik lain nyaa, yuk masukan kode saya untuk mendapatkan voucer senilai 25rb dengan mengetik kode : UJCCXQ . makasih ya yang sudah menggunakan kode saya😄😄😄😄
1;Aplikasinya bagus, TAPI strategi marketingnya bangke bodong parah banget, sudah 2 x kecewa masalah promo yg tipu tipu (kuota habis /selalu apk eror tidak bisa di akses saat ada masa promo) dan undang teman yang juga tipu tipu (semua nomer yg diundang dinyatakan sudah terdaftar ).... DOWNLOAD APK INI DIJAMIN KESEL DOANK!!!
1;Pengalaman pertama kali pake tix.id sangat kecewa dan merasa dibohongi. Beli tiket nonton tgl.27okt'18 di XXI transmart sidoarjo, Hunter Killer pkl.21.45 seat D9&D10, menggunakan debit. Saldo sebesar 56.500 terpotong, voucher juga sudah terpotong, tp tiket gagal transaksi. Menghubungi pihak cs Dana disampaikan dana akan masuk kembali di 7-14hari kerja, namun dikarenakan kesalahan dr sistem voucher hangus dan tdk dapat digunakan. Solusinya mentok disitu dan harus beli tiket ulang. Jadi buat saya sangat disayangakan. Mohon maaf sebelumnya jika saya harus share hal ini, krn hal ini menurut saya dirasa merugikan pengguna aplikasi. Berharap jika aplikasi ini tetap ada bisa ada perbaikan dlm sistemnya. Terima kasih
5;Terimakasih yang udah pakai kode voucher sayaa, udah full 😍😍😍 sukses tix.id dan terus kembangkan fiturnya ya. Untuk top up di alfa/indomart juga ditambahin biar lbh mudah 😊
3;"Update mulu trus kadang"" gak bisa di buka aplikasinya tolong tingkatkan lagi lah yah masih kurang bagus biasa aja"
5;Kalo saya mau ngundang temen biar dapet voucher 25.000 tapi gak bisa. Gimana ya cara nya? Terus selalu ada tulisan ditemen saya *nomor sudah terdaftar* padahal belum pernh download tix.🙏
5;Bagi kalian pengguna TIX ID yg baru, jgn lupa daftar dulu yah trus dapetin voucher senilai Rp. 25.000 caranya gampang banget tinggal masukka kode voucher QGTCBR dan kalian langsung dapat voucher tersebut... Selamat mencoba :))
4;"Bagi kalian pengguna TIX ID baru nih, jangan lupa daftar dulu ya guys, terus dapetin voucher senilai Rp25.000, caranya gampang banget. Tinggal registrasi terus masukin kode voucher ""VHHID2"" terus kalian langsung dapat voucher tersebut dan langsung bisa dipakai lho guys. Selamat mencoba"
4;Buat kalian yang lagi download ini baca dulu pesan ini karena ketika pas pendaftaran kau pencet melewati di bagian pemasukan kode,kalian akan nyesal karena gak dapat voucher 25.000 serius,makanya kalian masukkan kode ini KODE : 8S690S Ingat yaa kode nya ini 8S690S jangan salah masukkan Auto dapat Voucher 25.000 kalian
4;"Bagi kalian pengguna baru tix id, jangan lupa daftar dulu ya guys dan dapatkan voucher senilai 25.000 caranya gampang banget,kalian tinggal registrasi dan masukin kode ""ZCMD3J"" dan kalian bakal langsung dapetin vouchernya,gampang bangett kan guyss"
5;FREE VOUCHER 25K! Masukin kode Refferal FNSRE untuk dapetin gratisnya. Sekian lama nunggu, akhirnya beli tiket XXI sekarang makin gampang dan cepat. Pilih bioskop atau film favorit Sekarang gak perlu ngantri panjang!!
5;Berkat tix jd ga perlu antri lagi buat beli tiket.. Jadi hemat waktu dan tenaga.. Top up nya pun mudah dan nominal nya bebas
1;Saya sudah pesan tiketnya, tetapi e-tiket tidak dikirimkan, dan selang beberapa lama ada refund, tetapi voucher yang digunakan tidak di refund juga, padahal ini bukan kesalahan pengguna, dan juga apabila kursi tidak tersedia seharusnya sistem langsung memblock pemesanan, sehingga tidak merugikan pemesan
1;Hari ini saya mau beli ticket.. Seharusnya ada promo awal nya saya cek memang berlaku promo beli gratis 1 nya giliran saya pesan ga bisa dan harga normal
2;Di phpin sama promo buy 1 get 1 ticket. Udh sukses tiba2 dana di refund. Otomatis g bs beli lagi pake paket promo. Beli dengan harga NORMAL. Di telp cust service ny ga bisa2.
2;Saya sudah top up dan melakukan transaksi, tetapi tiket tidak muncul di riwayat transaksi juga tidak tercantum. Saya lapor lewat email hanya keluhan dan saya dikasih kode tiket. Tetapi setelah saya pikir lagi mengapa tix memberikan saya kode tiket padahal saya tidak mencantumkan lokasi, judul dan jam tontonan nya. Nah saya lapor lagi, malah di refund hanya dana yang kembali, sedangkan voucer saya hangus. Saya coba beli lagi dari awal ternyata promo buy 1 get 1 nya juga terhitung sudah dipakai. Padahal saya sudah promosikan app ini ke teman saya, saya juga ceritakan kendala saya ini ke teman-teman saya. Kan jadi tix juga kan yg rugi. Kecewa aja bukan karena harganya, tapi sistemnya sangat tidak baik.
5;Ini aplikasi Bagus Banget, sering dapet promo, sering dapet potongan trus juga semua film nya up to date semuanya, buat yang hobby nonton film wajib coba ini aplikasi. Trus masuk in kode ini yaa FGO574 biar dapet potongan harga . Terimakasih TIX ID
3;Saya sudah transaksi pas setelah tekan bayar sudah muncul screen transaksi berhasil..sms juga masuk dan bilang transaksi berhasil serta saldo yg sudah terpotong..tapi ketika saya cek riwayat transaksi tidak ad kode tiket..bukan masalah uangnya tapi konsistennya dimana kalau kaya gini..telpon cs tix id cuma bunyi tuutt selama 3 menit dan tidak ada suara ora g berbicara..setelah terputus saya cek pulsa..pulsa nya abis kesedot belasan ribu hanya untuk dengerin bunyi tuutt..
4;Mohon promonya tdk dikurangi dan pengembalian dana nya dikembalikan + voucher dyg telah dipakai dalam tiket yg dibatalkan, dikembalikan juga. Overall good
5;Seneng banget pake Tix, banyak promonya, proses nya jg gak ribet, dan skg kalo mau nonton jd dipermudah deh. Thanks TixID👍😇
5;"Bagi kalian pengguna baru di Tix ID jangan lupa daftar ya guys, dan dapetin voucher Rp. 25.000,- caranya gampang, tinggal masukin kode voucher ""4YFQFD"" nanti secara otomatis akan dapet voucher Rp. 25.000,- jangan sampe lupa ya Terima kasih"
5;"Sbnernya dr dl brharap bnget ada aplikasi beginian, lbh memudahkan sy saat ingin mbeli tket nton, n sllu ad promo"" terbaru, n film yg up to date. Thankyou tix id."
5;"Bagi kalian pengguna Tix ID baru nih, jangan lupa daftar dulu ya guys, terus dapatin voucher senilai Rp.25.000. Caranya gampang banget tinggal registrasi terus masukin kode voucher "" YHXYQP "" dan kalian bisa langsung dapetin voucher tersebut, gampang banget kan. Selamat mencoba dan selamat menonton"
5;"Bagi kalian pengguna baru Tix id nihhh. Jangan lupa untuk daftar dulu yaaa guysss, teruss nih yaaa kalian bisa dapetin voucher senilai Rp 25.000 loh guyss, caranya gampang nih tinggal registrasi teruss masukan kode ""8WYNY3"" dan kalian bisa langsung mendapatkan voucher tersebut lohh. Gampang banget kan? So pasti gampanglah, ayoo dicoba guys."
4;"Bagi kalian pengguna Tix ID baru nih, jangan lupa untuk daftar dulu ya guys, terus dapetin voucher senilai Rp. 25.000, caranya gampang banget guys tinggal registrasi terus masukin kode voucher ini ""2SJ7CN"" dan kalian langsung dapet voucher tersebut dan bisa langsung dipakai loh, gampang banget kan. Selamat menonton guys."
4;Berjalan mulus tanpa ada kendala (dalam hal perfomance), tapi ada satu kekurangan, fitur tidak bisa top up lewat indomart, alfamart, atau tokopedia. Sayang jika tidak ada fitur tersebut bagi yang tidak mempunyai kartu kredit. Bagi yang ingin mendapatkan voucher senilai 25rb, masukan kode ini : P42OPE . Terima kasih
4;Bagi kalian pengguna Tix id baru, jangan lupa daftar dulu ya guys, terus dapetin voucher senilai Rp 25.000. caranya gampang banged tinggal registrasi trus masukin kode voucher ini 1WYI2T, trus kalian bakal langsung dapet voucher tersebut guys. Ok selamat mencoba dan selamat menonton ya
5;"Bagi kalian pengguna Tix ID baru nih, jangan lupa daftar dulu ya guys, Karna nanti bisa dapet voucher senilai Rp. 25.000, sy udah coba kooo 😁😁..., Caranya tinggal registrasi terus masukin kode ini ""24ZAAA"" terus kalian langsung mendapatkan voucher tersebut dan langsung bisa dipakai utk sampai hari 😁.. Selamat mencoba dan selamat menonton 😀😀😎😎"
4;Hallo pengguna baru TIX ID dapatkan voucher senilai Rp. 25.000 caranya mudah hanya dengan masukan kode 00E6UP ketika awal masuk aplikasi... Selamat mencoba dan pasti berhasil berhasil.... Kapan lagi ya kan dapet voucher Rp. 25.000
5;"Bagi kalian pengguna baru TIX ID jangan lupa daftar terlebih dahulu, lalu masukan kode ""9l1ELQ"" & dapatkan voucher senilai Rp25.000 setelah itu kalian bisa langsung pake voucher nya. Lumayan kan? ayo buruann 🤗"
5;Sistemnya agar lebih baik,sering agak lambat utk loading dan pembayaran tiket,saran utk perbaikan...Tks.
5;Aplikasinya simpel enak dipakenya, mudah, dan promonya itu tetep jalan..
5;Karena ada tix id memudahkn gua banget buat beli tiket nonton .. Ga perlu cepet2 dateng ke xxi buat antri tiket... Karena lwt tix id gua bs psen tiket dan pilih bangku lwt hp aja.. Efisien banget ngirit waktu .. Good job
1;"Tix id penipuan, saya sudah pesan tiket dan ga dapet no bookingnya malah di refund tapi saldo ga balik lagi . Udah nelpon ke pihak tixnya malah ngomong ""tunggu 2 hari"" ini udah 2 hari lebih saldo belum balik . Tutup aja apk nya bikin rugi pembeli . Mending mtix"
5;Sangat membantu saya untuk menonton di bioskop tanpa antrian panjang. Dan banyak promo voucher menarik yang membuat saya makin suka untuk nonton di bioskop melalui tix.id. Terimakasih.
4;Make it simple ga perlu antri antri lagi, ga perlu lari2 ngos2an lagi buat beli tiket, yg jelas aplikasi ini ngebantu banget untuk nonton movies
5;Mesti di coba untuk kalian yg hobi nonton di bioskop 🤭 keren abis, bisa dapet potongan harga pula untuk beli tiket nya, terus kadang ada buy 1 get 1 free lagi.. Dijamin ga nyesel..
1;Kemarin coba pake dana tix. Dan terjadi kesalahan lupa pin. Tapi setelah disuruh hubungi costumer service malah error. Trus di tanya melalui email, gak ada solusi. Pokoknya aplikasi ini tidak recomended bangat dah Hilang dana tix ku 80.000 jadinya
1;Tix.id tolong kerja samanya... Saya pesan tiket trus saldo saya sudah d ptong ttpi tiketnya ga msuk, trus saya tlpn ke tix.idnya ktnya 3-7 hri kerja saldo saya d kembalikan, tp smpi hr ni sudah 9 hr dr hari pesan smpe skrg tidak ada pemberitahuan yg baik.. emg tidak seberapa nilainya. Tp untk konsistennya dn tggung jwbnya di perhatikan. Kalau tidak bw kembalikan ya bisa blg ga bs m ini sudah blg d refund tp smpe skrg tidk ada info lbh lanjut. Sangat kecewa!!!
4;"Bagi kalian pengguna TIX ID baru, jangan lupa untuk daftar dulu ya gengs, karna kalian bisa dapetin juga voucher senilai Rp. 25.000, caranya gampang banget gengs kalian hanya tinggal registrasi lalu masukin deh kode ini "" 32YHW7 "", nanti kalian akan mendapatkan voucher itu.. Gampang kan gengs."
5;"Bagi kalian pengguna baru TIX ID nih. Jangan lupa untuk daftar dulu yaa guys, terus kalian juga bisa dapetin voucher senilai Rp. 25000 nih guys, caranya gampang guys tinggal registrasi terus masukin kode voucher ini ""DURMIE"" dan kalian bisa langsung dapetin voucher tersebut. Gampang banget kan..."
5;Cara Mudah Buat Pesen Tiket Film Kesayangan Aplikasi Tidak Ribet dan Menyenangkan Buat Kalian Pengguna Baru Nih, Yang Baru saja Install Dapatkan Voucher 25.000 secara cuma cuma , cukup dengan Memasukkan Kode 8UZPU2 Dapatkan dan Nikmati vouchernya yaa
5;Selama ini udah coba beli tiket di tix id aman aja lancar jayaaaa. Topup saldo juga gampang bgt dan cepet. Saran : banyakin promo lagi ya Love❤
4;"Bagi kalian pengguna baru TIX ID, jangan lupa daftar dulu ya guys, terus dapetin voucher senilai Rp 25.000, caranya gampang banget, tinggal regristasi terus masukin kode ""8JCONZ"" terus kalian akan langsung dapetin voucher tersebut loh guys. Selamat mencoba dan selamat menonton"
5;Sangat membantu untuk info2 film yg sedang tayang dan cukup mudah cara melakukan transaksinya. Untuk jaringan tolong lebih di tingkatkan lagi. Karena di setiapa ada promo. Aplikasi systemnya sangat lemah. Jadi tolong di maksimalkan. Terima kasih
5;Enak and lebih cepat... Cuma tadi malam saya pesen tiket untuk nonton diPesona Square harga tiket'a 25.000rb and beli 2 tapi harganya jadi 55.000rb
5;Saya suka banget pake aplikasi ini,soalnya saya suka bgt nonton....jadi beli tiket lebih praktis..di tambah tiap hari rabu suka ada voucher gratis...makasih tix id..🙏😊
5;"Bagi kalian pengguna baru TIX ID . Jangan lupa untuk daftar dulu yaa guys, terus kalian juga bisa dapetin Voucher senilai Rp. 25.000 nih guys, cara nya gampang banget guys tinggal registrasi terus masukan kode Voucher ini ""NBOSV9"" dan kalian bisa langsung dapetin Voucher tersebut, gampang kan 😊"
3;Sy sudah melakukan transaksi dan berhasil..tapi pas cek tiket ternyata tdk ada.tolong ditingkatkan lagi.terima kasih
1;saya udah top up..masukin pin salah trs .mau ganti pin dana gak bisa trs..kirim email gak ada respon,tldn CS jg slh no trs ..gak bisa dtlfn,gak berguna.trs gmn...sy g bs beli tiket maupun gnti pin dana yg lupa..bantuannya dunk..pdhl tmn sy sblm di perbaharui lupa pin dana masih bisa diubah...stlh diperbaharui mlh jd g bs jg...
5;Sangat membantu, beli tiket jd ga perlu antri lagi! Sering promo pula, huhuhu mantaappp
5;Khusus buat pengguna baru TIX ID Keren nih, bisa dapetin voucher Rp25.000 hanya dengan menggunakan kode 👉 QVJE1U Caranya cuma registrasi terus masukin kodenya di kode undangan teman, dan langsung dpt voucher yg bisa kamu gunakan untuk nonton. Enak banget kan? Kuy dicoba, selamat bergabung dan selamat menonton ya :)
2;Respon emailnya kurang cepat dan terlalu lama, saya order pun error sudah berhasil melakukan pembayaran tapi hasil tiket tidak keluar
5;"Bagi kalian pengguna TIX ID baru jangan lupa untuk daftar, terus dapetin vocer senilai Rp. 50.000 caranya gampang, tinggal regist terus masukin kode voucher ""BVMIEI"" kalian langsung dapat voucher tersebut bisa langsung di pakai. Selamat menggunakan dan selamat menonton."
5;"bagi kalian pengguna Tix Id baru nih. jangan lupa untuk daftar dulu ya guys, terus dapetin voucher saldo senilai Rp. 25.000 caranya gampang banget tinggal registrasi terus masukin kode voucher ""M48ZKY"" terus kalian langsung dapet voucher tersebut dan bisa dipakai langsung loh guys. selamat mencoba :)"
4;"Untuk sementara tidak ada kendala... Bagi yg baru pasang app ini gunakan kode ""8CAYBA"" untuk mendapatkan voucer Rp.25.000,- secara otomatis...."
4;"Bagi kalian pengguna tix id jangan lupa untuk daftar dulu ya guys, trus nanti kalian bisa dapetin voucher nih senilai Rp. 25.000., caranya gampang banget kalian tinggal masukin kode voucher ""PLW14N"". Setelah itu kalian bisa dapetin voucher tersebut nah gampang banget kan..."
5;Buat kalian pengguna baru tix id, bisa loh dapet voucher Rp 25.000, caranya kalian daftar dulu, abis itu masukin kode voucher 3NK4SR nah kalo udah berhasil kalian bisa langsung dapetin vouchernya, gampang banget kan :))))
5;Bagi kalian pengguna baru TIX ID, kalian bisa dapetin voucher senilai RP 25.000 guys, caranya gampang banget, kalian daftar dulu dan jangan lupa masukin kode YORNIP ya guys. Setelah itu kalian bisa langsung dapat dan gunakan vouchernya👌 silahkan dicoba🙏
5;Aplikasi bagus bgt nih buat kalian yg suka nonton, selain gausah ribet antri tiket, tix.id juga banyak promo loh, kalian juga bisa dapet voucher 25 rb dengan kode ini YPIYET.. buruan download
4;"Kan itu segera hadir untuk top up. Di alfa Mart. Mudah""secepatnya bisa top up di alfa. Jadi ga usah repot "" Ke gerai ATM. Untuk ngisi top up. Nya. Semoga cepet bisa ter realisasi tpi up di alfa mart"
2;Kursi nya bisa sama dengan org lain.. Jadi ga enak sma org.. Untung nya msh ada kursi kosong.. Mohon di perbaiki untuk pemilihan kursi nya
5;"Buat kalian para pengguna baru TIX.ID bisa banget loh dapet voucher senilai Rp 25.000. Caranya gampang banget ikutin petunjuk untuk daftar dan JANGAN LUPA MASUKIN KODE UNDANGAN ""223YWN"" dan voucher langsung masuk."
3;"Bagi kalian pengguna baru TIX ID, jangan lupa untuk daftar dulu ya guys habis itu kalian bisa dapetin voucher senilai Rp. 25.000 looooh, tinggal registrasi terus masukin koce voucher ini ""IVBP5O"" habis itu kalian langsung dapetin voucher tersebut! Gampang banget kannnn?"
5;"Bagi kalian pengguna tix ID baru nih ,jangan lupa daftar dulu ya guys terus nanti dapetin voucher senilai Rp.25.000 asli beneran ,cara nya gampang tinggal registrasi terus masukin voucher ""ED5HMC"" dan kalian bakal langsung dapet voucher tersebut ,gampang banget dan bisa langsung dipakai nonton bareng gebetan pacar atau exxx 🤣,selamat menonton"
5;Sukak! Responnya bagus, gak terlalu ngebebani hape jadul saya, navigasinya juga gampang dan jelas.. semoga makin banyak theater yg disupport
5;Lbh praktis dan sangat membantu qt untuk mengetahui film terupdate yg sedang tayang dan yg akan tayang .👍 good aplikasi
5;"Buat kalian pengguna baru tix id, jangan lupa daftar dulu ya, dan kalian bisa dapetin voucher senilai 25.000. Terus caranya gampang banget, tinggal registrasi terus masukin kode ""L9SUCZ"" dan kalian bakalan langsung dapet voucher senilai 25.000. Gampang banget kann"
5;Aplikasi ini sangat membantu untuk membeli tiket dengan mudah tanpa harus antri di bioskop selain itu promo nya juga bagus. Tingkat yah.. Thanks TIX ID
4;Yang saya sayangkan kenapa kode referal saya , yang sudah di input oleh pihak kedua , dan sudah aktif akun dana , tapi tetap untuk voucher nominal 25rb tidaj masuk ke akun saya , padahal untuk akun pihak kedua mendapatkannya
5;"Halo gaes, bagi pengguna baru TIX ID, jangan lupa daftar dulu yaa. Kalian nanti bakalan dapet voucher senilai Rp 25.000 dan caranya gampang bangets, tinggal registrasi dan masukkan kode ""58F4YT"" dan kalian langsung dapet voucher itu, gampang kan? Lets join gaes 🤗🤗"
5;Saya sangat suka sekali dg aplikasi ini... Karna mempermudah saya utk mencek film terbaru dan promo Sayang nya promo cuma sedikit dan persediaan kursi kurang byk saat mau booking Tlg tingkatkan lgi
5;Buat yang baru download app ini, jangan lupa daftar dulu cuma pake nomer hp kalian yang masih aktif ko, terus biar kamu dapat voucher 25000 kan lumayan tuh, masukin kode : ZRFMDX dan kalian langsung bisa dapetin voucher tersebut 🙏
5;bagi kalian pengguna baru Tix.Id jangan lupa daftar dan ikuti petunjuknya. Kalian juga bisa dapetin voucher senilai 25.000 cukup dengan masukin kode voucher “ T7HFEI ” dikolom yg tertera dengan begitu kamu lansung mendapatkan voucher tersebut. Lets trying guys😊
5;Aplikasix bagus, dan banyak promonya. Bagi pengguna tix.id yg baru saja download, daftar dulu ya , setelah itu baru masukin kode undangan. Kalian bisa masukkan kode ini : KC2HUN KALIAN AKAN MENDAPATKAN VOUCER SENILAI RP.25 000. Jangan lupa jika diminta masukkan kode undangan, kodenya ini : KC2HUN
1;Saya suka dgn aplikasinya. Tapi kenapa setelah top up DANA, Sya tdk bisa membeli tiket? Sudah telpon CS, diminta untuk uninstall dan install kembali. Tapi tetap tidak bisa untuk membeli tiket. Mohon agar aplikasinya dapat diperbaiki. DANA saya ada di dalam. TERIMA KASIH.
4;"Suka bngt ama apk ini. Tapi kalo mesen yang waktunya mepet suka maen cepet"" an buat mesen nya. Tapi sukak deh makasih ohiya btw banyakin promo nya lagi ya gaes wkwk ☺"
4;"Bagi kalian pengguna baru TIX ID, Jangan lupa untuk daftar dulu ya gaes. Terus kalian juga bisa dapetin Voucher senilai Rp.25000 nih gaes, caranya gampang bingit nih tinggal registrasi masukin KODE VOUCHER ini ""CQEM19"" dan kalian udah bisa dapetin Voucher tersebut, gampang bingit kan, ajak yang lain yak 😂"
5;Buat kamu pengguna baru TIX Id. Jangan lupa buat daftar,terus dapetin voucher sebesar Rp. 25.000,-caranya gampang banget..kami cuma tinggal registrasi terus masukin kode voucher SIY47F...dan voucher udh jd milik kamu...so easy kan..buruan yuuuk
4;"Bagi kalian pengguna baru tix id. Jangan lupa untuk daftar dulu, terus kalian juga bisa dapet voucher senilai Rp. 25.000. caranya gampang banget tinggal registrasi terus masukin kode voucher ini ""2RXVLZ"" dan kalian bisa lngsung dapet voucher tersebut. Gampang banget kan 🙂"
5;Perbanyak lagi promo nontonnya biar menarik minat. Lebih baik dibanding aplikasi XXI.apalagi kalau bisa dua minggu sekali ada promo
4;"Praktiis bangeett, Banyak promonya juga. Bagi kalian yang baru download jangan lupa masukin kode voucher ""QIJW3Z"" dan kalian juga bakalan dapet voucher jugaaaa. Selamat bergabung😊"
2;Saya punya voucher 2, satu kali saya pake Minggu kemaren bisa, dan td saya beli tiket eh ternyaka gak ada voucher nya muncul dan akhir nya saya bayar harga standard, kenapa ini, kok voucher nya gak bisa di gunain, saya gak terima kek gini, sya susah susah ngajak temen buat download aplikasi ini untung dapetin voucher, eh tapi malah gak bisa, tanpa ada pemberitahuan dulu, saya gak mau tau balikin uang saya 25rb, dan potong voucher saya. Terimakasih
5;Kalau bisa untuk metode pembayaran melalui minimarket jangan cuma untuk Jakarta dan sekitarnya dong kalau bisa untuk seluruh Indonesia karena kan ribet juga untuk yang gak punya ATM atau kartu kredit bayarnya
5;Makin banyakin ya promonya. semoga tiap rabu di setiap minggu ada buy 1 get 1. Pasti makin senang deh. Cuma perlu di tingkatkan fiturnya karna kadang suka ngeheng
5;memang agak susah pesen tiket tgl 10 tulisan nya peningkatan trus tp skrng udh bsa setelah 1 jam kemudian dan skrng dpt deh free nya😁😁 ketauan bgd muka discont yee w
5;Jgn sering maintance yaa. Tlng diperbaiki. Bila perlu semua film yg ditayang bsa di beli/diorder melalui TIX.ID jgn film yg tertentu aja...
4;Tix sejauh ini lumayan baik.. Sebaiknya andai memberikan promo setidaknya sebelum promo diberlakukan, sudah dilakukan perbaikan agar saat promo mulai, bisa membooking tiket dgn lancar.. Trim's tingkatkan lagi yaa
1;Setiap Hari rabu..sudah jam 11 lewat aplikasi tidak bisa buka.dqri promo jam 10 buy 1 get 1..udalah..promony gabung ke aplikasi xxi aja....lama3 jadi sampah nih aplikasi gak konsisten
1;Gak niat bikin promo 10.10 mah mending gak usah deh. Mau buka app nya aja tuh coba lagi coba lagi sekalinya kebuka malah sedang dalam perbaikan.
4;semua fitur yang disuguhkan sangat baik, membantu dan mudah digunakan. namun server sering down, terutama saat ada event buy 1 get 1. Terbukti aplikasi ini memiliki banyak peminat. jadi, semoga ke depannya server akan lebih baik. mengingat banyaknya pengguna yang mengakses aplikasi ini.
1;Katanya tgl 10 Oktober 2018 ada promo Buy 1 Get 1 untuk semua film . Tapi dari tadi mau masuk aja susah banget tulisannya aplikasi sedang ada peningkatan. Penipu banget , mending gak usah ada promo . Not Recommended gak usah di install . Nyesel .
1;Woy niat bikin promo nggak? Udah nunggu2 jam 10 teng tp pas udh waktunya down gak bisa dibuka terus, ntar sekalinya dibuka tiba2 promo abis, ada permainan tiket a ini? Kampret
3;Kenapa pas ada promo aplikasinya selalu susah untuk dibuka, seperti skrg tgl 10 oktober ada promo buy 1 get 1 yg mulai pukul 10 tadi, tapi sudah 30 menit aplikasi tix id saya tidak bisa dibuka, dan kalau tidak ada promo aplikasinya lancar lancar saja, tolong diperbaiki akan hal ini, jika memang promo ini membuat kami para pengguna aplikasi susah untuk memesan tiket lebih baik tidak usah adakan promo. Terimakasih
1;aplikasi apaan, setiap rabu gak bisa di buka. harusnya kalau emang promo setiap rabu di batasi kuota tiketnya, bukan nya malah dibikin erorr..
1;Pas lg ada promo msk ke tix id super duper lemot...servernya payah bgtu bnyak yg menggunakan app ini mala lemot mengecewakan,tingkatkan lg biar ga ada gangguan donk...
5;"Bagi kalian pengguna baru TIX ID nih,jangan lupa daftar dulu yah guys.terus kalian juga bisa dapetin voucher senilai Rp.25.000 caranya gampang banget guys,tinggal registrasi dan masukkan kode ""HRHRPZ"" dan kalian langsung dapat voucher tersebut gampang and mudahkan😉💞"
5;"Bagi kalian pengguna baru tix id nih jangan lupa daftar dulu ya guys, terus kalian juga bisa dapetin voucher senilai Rp 25.000 nih guys, caranya gampang banget guys tinggal registrasi terus masukin kode voucher ini ""E6HDST"" dan kalian bisa langsung dapetin voucher tersebut, gampang banget kan"
4;"Bagi kalian pengguna baru TIX ID . Jangan lupa daftat yah dan dapatkan voucher Rp25.000 , cara nya gampang tinggal kamu masukin voucher ini ""YG0YVF"" dan kalian langsung voucher tersebut .."
4;"Nihh bagi yang mau dapat voucher untuk pengguna baru bisa banget nih tinggal daftar dulu bikin akun di tix id masukkan kode ini saat buat akun ""1S239F"" lalu aktifkan juga DANA (ini untuk alat pembayaran di tix id oke selamat mencoba semuanya"
4;"Buat kalian yg baru menggunakan TIX ID buruan daftar terlebih dahulu terus kalau mau dapetin voucher Rp 25.000 gampang bgt guys tinggal registrasi dulu trus masukin kode voucher ini dehh "" 76AS1Y "" dan kalian bisa langsung ngedapetin voucher nya , , Gampang kan 😀"
4;"bagi kalian pengguna baru TIX ID jangan lupa untuk daftar dulu ya guys terus kalian bisa dapetin Voucher senilai Rp. 25000 caranya gampang banget , kalian cukup registrasi lalu masukkan kode voucher ini ""ZGSUKE"" dan kalian bisa langsung dapetin Voucher tersebut, gampang banget kan😉"
5;"Allhamdulillah ngk nyesel download aplikasi ini, sangat membantu dan memudahkan bgt buat aku. Dan aku punya info Bagi kalan pengguna baru TIX ID, jgn lupa utk daftar terlebih dahulu ya, ditahap awal daftar kalian bisa masukkan kode voucher ini "" SMMTMP"" dan kalian akan dapatkan voucher senilai rp.25.000. mudah bukan, selamat mencoba ☺🤗"
4;"Saya menggunakan tix id untuk mempermudah untuk tidak mengantri lagi ayo mari dapat kan voucher (25.000) dengan cara masuk kan kode ini ""0733YL"" di saat anda sudah mendaftar akun dan masukkan Kodo tersebut."
4;"Bagi kalian pengguna baru TIX ID. Jangan lupa untuk daftar dulu yaa, terus kalian juga bisa dapetin voucher senilai Rp. 25.000 nih, caranya gampang banget tinggal registrasi terus masukin kode voucher ""JHDPFK"" dan kalian bisa langsung dapetin voucher tersebut . Gampang bangetkan"
5;Yang baru download kalo mau dapet voucher gratis nonton sebesar 50rb, masukkan kode APIPN4 saat regristasi. Saya sudah mencobanya, dan work.. kereen
4;Sudah ikuti cara top up di mandiri online mobile tapi justru di tidak ditemukan nama topupdana di kolom pencarian nama perusahaan... Jadi gak bisa top up, tolong ditambah juga agar bisa top up melalui mandiri ecash dan kartu kredit visa, soal bintang kalo sudah baik, akan di tambah.
4;"Bagus aplikasinya, jadi tidak perlu repot"" lagi buat keja antrian tiket nonton. Caranya mudah tinggal di registrasi kemudian masukkan kode vouchernya WAUPTR. Maka kita akan mendapatkan voucher"
5;wahh bener2 ga nyesel download app TIX ID, sangat mudah buat pesan film bioakop dan banyak diskon nya wkwk. buat yg pengguna baru kaya aku, pake kode EWOMLB buat dapetin voucher senilai Rp25.000, ayo buruan!!!
5;Suka, banyak promonya XD recommended banget lah. Buat yg baru pertamakali daftar TIX ID dan mau dapet promo ketik 82OSBU. Lumayan lho dapet potongan 25 ribu.
5;Simple, dan praktis, meskipun kadang suka ngehang pas mau bayar tp g nutup dr kelebihan yg dia punya.. Banyak promo menarik jg.. Best dah
5;Gak perlu ribet antri lagi untuk beli tiket bioskop, dengan top up dana kalian sudah bisa dapet tiketnya, sangat membantu sekali. Jangan lupa gunakan kode UW6QGQ untuk dapat voucher senilai 25k saat pertama kali daftar. Good luck!
5;Mantaaappp keren bgt dah aplikasi ini memudahkan sekali bagi qt.. ga perlu antri panjang.. pesen di rumah, pilih sendiri tempat duduk nya selesai deh tq TIX-ID
4;Lebih baik ketimbang toko sebelah! Transaksi lebih mudah, Tidak ada min saldo untuk akses/topup, PERTAHANKAN! Promo adalah strategi marketing gak masalah, jadilah lebih baik lg 
5;Sangat berguna ga perlu keluar rumah , antri.. udah bisa pesen tiket sampe h+7. Beli 2 tiket bisa dapet potongan harga dari promo buy 1 get 1 free udah gt bisa digabung sama voucher sampe sisa bayar cuma 20k, mantab 👍
5;Saya suka dengan aplikasi ini,sangat bermanfaat untuk saya. Tapi saya mau kasih saran, segara adakan top up via Alfamart ,karna itu sangat membantu dan transaksinya sangat mudah.
5;Sudah 2x gunakan aplikasi ini hasil nya memuaskan tidak ada masalah, jaringan internet / wifi harus kuat pasti lancar jaya.
5;Suka banget sama aplikasi ini. Banyak promo dan gausah ribet antri lagi. Bisa booking tiket juga. Buat yang baru download bisa masukin kode undangan ini 78EUWM biar dapet diskon 25rb 😊
5;"Beli tiket jadi mudah ga perlu antri"" lagi , dan banyak promo buy 1 get 1 nya jadi lumayan buat nontonnya, makasih tix. Id, tolong di kembangkan lagi ya"
5;Aplikasi ini sangat praktis dan sangat bermanfaat bagi penggemar film bioskop ngk perlu antri pesan tiket, bagi yg baru download aplikasi nya saya berikan voucher potongan 25 ribu kode (EGP5AP) terima kasih tix id.
5;Lebih praktis dan gampang digunakan ketimbang mtix. Topup juga bs per 10rb ga kayak mtix. Byk promo lagi
5;Saya suka dengan aplikasi ini nonton jadi gak ribet karena hrs antri dulu cukup pesan online terus bayar sudah bisa dapat tiket nonton bioskop jadi irit waktu, semoga aplikasi ini terus maju
5;bagus appnya. . menghemat biaya pas mau nonton tp uang pas2an. hahahha. selalu gas kl buy 1 get 1 hehehe. mdhn buy 1 get 1 ga cumaa awal2 doang ya. mdhn selamanya ehehhe
1;aplikasi payah. Respon lambat. Orang kan mau pake saldo DANA nya. Udah top up dana. Tapi ga bisa dipake krn lupa PIN DANA. Dan dibekukan slama 1 jam.kedepan. Ga guna ni aplikasi. Tolong dong perbaiki akun saya. Jgn lepas tgg jwb gitu aja. Saya udh tlp CS, udh email juga ga di balas.!!!!
5;Kemudahan transaksi sdh sangat mudah, tp saya terkendala pengisian bonus voucher apabila ada, terkadang tdk terpotong oleh voucher nya, jd nya sayang bonusnya nggak diambil
5;Beli tiket bioskop tanpa perlu antri, gampang pakenya. Dapatkan voucher Rp. 25.000 dengan download aplikasi, trus daftar dan input kode YEAS51 saat pendaftaran pertama kali
2;Kenapa saat mau daftar mencantumkan nomor telefon tapi tidak ada sms yg masuk untuk memverifikasinya .padahal sudah berulang2 sya kirim lagi dan kirim lgi
5;Sangat membantu sekali jd tidak usah antri & bs luhat utk tmpt duduuk ny walaupun saldo ny kosong.. klo bs utk kuota buy 1 get 1 free ny di perbanyak.
1;Aplikasi parah ,tidak pernah install pin dana minta pin,konfirmasi via email nunggu 1-2 jam ga ada respon di telpon ga nyambung terus Ampe pulsa habis ,Ampe ga jadi nonton, duit udah di top up ke saldo dana .di harapkan perbaiki sistemnya ,anda sangat mengecewakan
5;Suka, ngak perlu ribet antri, tinggal scan barcode keluar deh tiketnya... efisien waktu juga 😊🤩
1;blgnya ad promo buy 1 get 1 smpe tgl 7 skrg baru tgl 6 aja udh ga ad.. udh download aplikasi ini udh top up saldo taunya ilang promonya.. klo ga niat ngasih promo ga ush di promoin, sama aja nipu itu sih..
2;Aplikasi gak konsisten, promo presale digede2in awalnya sampe tgl 8 lalu diam2 berubah tgl 7 iklannya masih ada pas mau order di tgl 6 malah udah berakhir padahal 5 menit sebelumnya masih presale,kan asu.
1;Saya nyoba beli tiket pke aplikasi ni dana telah dpotong tp kok bisa gagal y tp yg pling ngeselinny lagi sy dpt SMS mpe puluhan kali yg berisi gagal transaksi dan itu sngat mngganggu... Trima kasih
5;yukk download tix.id promo buy 1 get 1 nya selalu bikin ngilerr, gk perlu repot2 ngantri panjang buat nonton film yg disuka.. 😎👌👍
5;Aplikasi yang sangat bagus, nonton bisokop jadi gampang dan pastinya murah meriah. Gak usah pikir panjang langsung invite 90JARX biar bisa langsung dapet voucher 25.000 😆
1;Customer service tidak bagus pelayanan nya saya telpon tidak bisa saya email sudah 10 kali dengan orang yang berbeda tp diputar2 padahal saya cuma minta RESET PIN, tp smpe skrng gaada sms masuk dr TIX, malah yg ada saya ditanya ulang lg dgn 6 pertanyaan yg sama oleh 3 CSR yg berbeda. Permasalahan saya jika tidak bisa reset pin mohon di REFUND aja dana nya ke mobile rekening saya. Kecewa!!!!
5;"Sangat membantu sekali! Buat yang baru masuk ayo dapatkan voucher gratis 25rb caranya gampang banget pas kalian daftar nanti di akhir ada ""masukan voucher"" nah kalian tinggal tulis ""SGGAUB"" Mak otomatis dapat voucher nya dan jangan lupa aktifkan dana yaa! PS: tolong dipercepat untuk topup di almafart yaa. Goodluck"
5;Sangat memudahkan dan menghemat waktu sehingga tidak perlu repot repot untuk pergi jauh dan kehabisan tiket ketika sampai di teater thanks sudah memberikan apikasi yang baik tingkatkan terus performa nyaa
4;Tolong di perbaiki lagi terkadang suka lama padahal sinyal full . Oh iyaa kalau gratis kalau bisa jam berapa ajah jadi enak pas mw beli kapan ajah inget tgl doang ampe tgl berapaa terkadang bingung gratis tapi beli ada jam.harus telaten. Terima kasih TIX ID biassa nonton abis bnyak jadi bisa gratis ama kekasih
4;Buat temen² yang baru download aplikasi TIX ID jgn lupa daftarkan diri kalian dan jangan lewatkan buat dapetin vouchernya, caranya gampang banget loh! Tinggal kalian masukin kode HLJM9S ini otomatis kalian akan mendapatkan voucher nya guys
5;Memudahkan banget . Soal.a kebiasaan gue klo nonton selalu mepet waktu beli tiketnya .. dah ituh selalu kehabisan .. heheh .. sekarang enggak lagih . Karna gw bisa beli dari pagih .sebelum gw berangkat
5;Kalau bisa top up saldo bisa lewat Indomaret juga, agar lebih ada kemudahan kalo layanan Alfa lagi tidak bisa.
4;Buat teman teman yang pengen beli tiket bioskop bisa pake TIX ID karena gapake ngantri lagi, di TIX ID sering ngadain promo buy 1 get 1 loh, plus kalo pake kode 9XCCOM bakalan dapet voucher potongan harga 25rb secara langsung, lumayan kan. Langsung sikat aja deh.....
5;Yuk buat kalian yg mau nonton tanpa ribet ngantri panjang dan kadang bete kalau keabisan tiket, kalian bisa langsung dowload aplikasi ini yg tentunya sangat memudahkan kalian untuk nonton di bioskop! Dan jangan lupa setelah kalian download dan kalian pengguna baru bisa masukin kode ini CNVEP7 untuk mendapatkan voucher yg otomatis masuk ke akun kalian.
5;Model menu film kurang nyaman menurut saya lebih baik dimodel secara icon dari film terbaru(atas) sampai terlama(bawah).
5;Suka banget sama app ini✨✨✨ mempermudah booking biar kebagian kursi yg diinginkan dan waktu yg diinginkan! Sukses terus TIX ID
4;Aplikasinya sudah bagus sekali dan banyak promonya tapi tolong dong aktifin pembayaran dananya lewat minimarket biar lebih mudah untuk yg tidak memiliki kartu ATM
5;Aplikasi ini sangat membantu, jadi tidak perlu mengantri lagi saat membeli tiket bioskop. Untuk kalian yang ingin mendapatkan voucher potongan 25000, gunakan kode undangan 98W9IY , jangan lupa ya ☺️👌
4;Aplikasi nya sangat membantu jika ingin membeli tiket.. lumayan hemat kalo dapat promo..sayangnya sudah 2 kali beli tiket promo tapi setelah tiket dibeli tetap bayar harga biasa..
5;Sering2 aja dpt buy 1 get 1 nya.. Maklum cara udah jd emak2, ekonomi nya kudu jd pertimbangan pertama.. Hahaaaa.. Lagian, simple jg.. Datang tinggal di scan barcode, udah deh..
1;Susah mau ganti pin dana. Harus hubungi cs. RIBET. Sdh di di hubungi malah dari sc gk respon. Sistem ganti pin masih sangat buruk. Pelaynan lambat. Tolong di perbaiki cepat
5;"Buat lu yang baru mau download jangan ragu"" Karna aplikasi ini sangat membantu kalian bisa beli tiket tanpa antri dan masukin kode ini 5FM089 buat dapetin voucher diskon sebesar 25000,lumayankan buat ngirit duit, sekian terimakasih:) selamat menonton tanpa antri:D"
5;Kok teman saya tidak bisa memasukkan kode voucher saya ? Aneh bgt !! Tolong diperbaiki dong aplikasinya, masa ada pemberitahuan kalo kode mungkin sudah digunakan atau sudah tidak berlaku lagi !!
5;Aplikasi ini sangat bagus, memudahkan buat membeli tiket nonton, banyak potongan harganya juga, klw kalian uda download jgn lupa masukin kode ini sob: KVM33X kalian bakalan dapat vocer nonton 25 ribu lhoo, kan lumayan buat potongan harga
4;"Kuy download tix.id dapatkan promo""menarik yang pas dikantong bagi kalian pencinta film dan bisa nonton di bioskop lebih mudah,murah, efektif, dan efisien, ngga usah ngantri segala, bisa pilih tempat duduk sendiri pesan tiket tanpa kehabisan , bisa pilih jadwal nonton apalagi kalo masukin kode T8KCDJ , kalian bakal dapat voucher 250009 yuk tunggu apa lagi"
5;Mau dpt voucher nonton? Masukin kode LRTS1S dan kalian lgsg dpt voucher 25.000. Ga perlu antri lg buat nonton, banyak diskon lagi. Lumayan jadi bisa nonton hemat. Saya udh sering pake aps ini buat ntn.
4;aplikasi bagus. top up nya juga mudah. bisa minimal 10rb, jadi saldo gk mubasir klo cuman beli 1 tiket. hehehehe...
5;aplikasi sangat membantu, nonton jadi irit, gak susah payah antri trus banyak disc lagi 😍 bagi pengguna baru kalo mau dapat voucher 25.000 gunakan kode JWGAX8
5;Lebih praktis ga usah ribet Lg ngantri beli tiket dan mungkin skrg udh banyak juga yg pake aplikasi ini jadi suka kehabisan tiket buy 1 get 1 mohon diperpanjang Lg waktunya
5;Adanya tix.id sangat memudahkan untuk booking tiket. Seneng sama promo2 nya sih, jadi nya bisa nonton hemat wkwk. Cuma sayang cuma bisa di XXI aja, padahal yg deket rumah adanya CGV .semoga next nya bisa di semua bioskop.
5;Suka bgt m aplikasi nih yg sering memberikan promo!!! Tingkatkan lg pelayanan jaringannya biar g lambat pas psan tiket😊suka loading
5;Serius sih. Promo nya bener bener ngebantu banget. Ya secara ya kita orang indonesia selain suka gratisan minimal dapet promo. Asli tapi asik daripada beli di mtix biasa.
5;Buat yg mau instal/regis bisa dilakukan diluar jam sibuk (dicoba terus). Saya kemarin malam mau regis juga tdk kunjung bisa. Akhirny baru pagi ini kuulangin dan bisa. Buruan aktivasi-DANA dg memasukan kode 'naao4t' utk mendapat diskon, serta masih banyak diskon menarik lainnya. Buruan download. Ga nyesel deh. Komplain sementara Utk durasi film kenapa selalu kosong ya min? Overall Tix-id merupakan salah satu aplikasi yg sangat bermutu. Terima kasih.
4;Semuanya sudah bagus, cuma kurang di tampilan cover film dan vouchernya masih ada yang susah memuat, mungkin gambarnya terlalu berkapasitas besar sehingga jarang tertampil. Please di tinjau kembali.
5;Aplikasi yg recoment bngeett,bisa nonton bioskop tnpa antri tiket dan yg penting dpt promo buy one get one,ssipp tingkatkan promo ny !!!
5;Kerennnn semenjak pake tix nton film di bioskop jd lebih gampang ga pake ngantri ga buang waktu, srg promo buy one get one...saya sangattt sukak sekali😘
5;Minggu lalu buat nonton bisa yg promo buy 1 get 1, kok hari ini mau ikut promo nya susah banget, bikin emosi aja, kalo belum siap bikin acara promo mending jangan di share dulu diperbaiki dulu servernya! Ya sekarang udah bagus untuk app tix nya
5;Suka banget ni aplikasi, irit Waktu, tenaga dan biaya..😍😍 Buat pengguna baru yang mau dapat voucher GRATIS 25.000, bisa masukin kode ini ya 6PE22R 😎
3;Kuota promo film terbatas bgt,seperti tidak ada.menggunakan biaya jasa app per item tiket. Tapi masih membantu bagi yang bagi yang kesulitan memesan tiket langsung di tempat👍
5;Applikasi super yang buat saya gak usah repot2 lagi kalo mau nnton film! MURAH & MUDAH ! Buat kalian yang baru install app ini dan pengen dpt VOUCHER GRATIS input Kode 1GM7VV Buruan!!!🔥
5;Seneng banget si ada apl ini.. selain terbantu dari mengantri beli tiket dibioskop juga banyak promo2 seru 😁😁😁 semoga kedepannya semakin baik ya tix
5;Suka banget sama aplikasi ini,membantu banget buat yg suka nonton terutama dihari rabu beli 1 gratis 1 dan untuk yg ingin dapet potongan 25.000,00 bisa gunakan kode ini I951JO , terima kasih TIX IF
5;Bagus banget..apa lagi udah dapet promo nton..eh dapat ptongan vocher juga..kapan lagi nton harga murah..hehehe..trus praktis lagi.membantu banget untuk pesan tiket cepat..
5;Sangat mudah menggunakannya, dan mempercepat waktu untuk memesan tiket dan tidak repot mengantri lagi untuk membeli tiket di lokasi studio
3;Tolong di perbaiki lagi, presale nya bisa gak kebaca.. pdhl masa promo nya masih berlaku.. tetapi stelah di pesan harga masih normal.. terimakasih!
5;Saya suka sama aplkasi ini karna penawaran promopromonya.. tapi baru tadi saya kecewa beli tiket nonton venon jam 10 dan berhasil.. tapi tautau jam 12 siang dibatalkan(direfund) saya kecewa sekali
1;Lelet gk bisa di buka, loading nya lambat banget... Pdhl buka YouTube aja lancarrrr.... APLIKASI GOVLOK!!!!
5;Wahhh semakin maju ,baru pertama gunain app ini coba isi saldo untuk 1tiket dan bener buy1 get1 hehe jadi bisa nonton bareng istri deh,bisa nonton venom deh akhir nya tanpa perlu ribet2 nunggu dan antri.good luck tix id,maju terusss
4;Aplikasinya bagus. Tapi saran dari saya, mungkin bagus kalo opsi top-up bisa pake pulsa. Biar yg g punya online bangking bisa pake pulsa buat topup.
5;Sangat membantu banget saat gak bsa keluar rumah, lgsung bisa order online lewat aplikasi tix id, dan ckup isi ulang dana smua terasa lebih mudah😀
5;Aplikasi yang sangat membantu saya kalau mau ke bioskop. Beli tiket mudah. Proses pembayaran dengan DANA jg gampang. Dan selalu ada PROMO yang menarik. TIX SAHABAT MENONTON KITA
5;Nonton gak pakek antri, bisa pilih film dan kursi sesuka hati, apalagi kalo mau nonton bioskop setiap hari rabu, dapet diskon buy 1 get 1 free loh. Eett jangan sedih coba deh masukin kode undangan ini 17RGJA,biar dapet voucer Rp. 25.000, lumayan dong nonton murah dan tanpa ribet. Yeyyyyhh
4;Utk movie lovers aplikasi ini membantu banget ....hemat dan banyak promonya tapi hanya bisa order utk nonton dihari yg sama.
2;Apaan promo cepet kali Abis katanya buy 1 get 1 masa setiap rabu saya bayar harga normal.. Apalagi film venom sama asih katanya promo presale tapi ga ada sama sekali promo yg tertera tersebut.. Penipuan!!!
5;Bagus bgt,bwt yg hobby ntn di xx1 wajib download,coz bisa beli tiket di premiere,reguler sm imax,sm bisa beli tiket pre sale juga,bagus bgt deh!!!
3;Terlalu cepat pembaharuan dan tidak tersedianya bayar tunai di bioskop dengan menunjukkan nomor ID. di TIX.ID. krn merepotkan bila harus bayar di bank. semoga ada kemajuan!😊
4;Aplikasi yang sangat membantu. Nonton bioskop makin irit, beli tiket jadi gausah ngantri dan dapat diskon. Untuk pengguma baru gang mau dapet voucher 25.000 masukin kode 4NP7KH
5;sangat membantu, tidak perlu antri dan khawatir tiket habis karna bisa pesan kapan pun dimana pun, buat pengguna baru yg mau dpt diskon masukan kode CCEQ8Z lngsung dpt diskon senilai 25.000 😍😍 mantap kan
5;Lumayan nonton bioskop di 21 beli tiket 1 gratis 1 jd irit uang dan ga repot2 ngantri utk beli tiket bs langsung psn melalui online di aplikasi ini. Ayo dowlond aplikasi TIX ID ga bakalan nyesel kok
5;Terimakasik TIX ID sangat sangat Terbantu dengan aplikasi ini... Untuk teman teman semua yang lain jangan takut untuk ngatri tiket sekarang sangat mudah untuk membeli tiket...
5;Aplikasi keren deh pokonya, kalo pinter² dapetin diskonnya untung deh kalian! Yang harusnya bayar nonton berdua 70 ribu, jadi bayar 15 ribu aja hehehe mantap deh😂
5;Aplikasi yg sangat bagus...pesan tiketx gampang...murah...promonya banyak...pokokx yg suka nonton wajib download aplikasi ini....the best lah....moga promonya makin bnyak.....
5;"Bagus banget..banyak promo buy get 1 nya.. Terima kasih yaa.. Kalo bisa ditambah lagi film"" acion yang buy 1 get 1.. Soalnya sy penggemar film action.."
5;"Wow..aplikasi murah beli tiket nonton.. Dan jangan lupa masukan kode ""TECTCF"" untung dapatkan Potongan harga yg lebih murah lagi.. Sampai geratis untuk nonton pertama kali"
5;Saya suka sekali sama TIX ID sangat bermanfaat sekali jadi gak perlu cape2 ngantri dan udh gtu banyak promonya lagi contoh nya tiap Rabu BUY 1 GET 1 dsb ... Thanks ya TIX ID😍
5;Buat pengguna baru yang ingin mendapatkan Voucher Rp25.000 dapat memasukan kode: 9PYVL0 saat kalian registrasi ya. Nonton tanpa antri tiket dan bisa pilih kursi dalam genggaman kalian adalah sebuah pilihan cerdas. Apalagi dengan potongan harga melalui voucher menarik ini.
5;Aplikasi yang sangat membantu, bermanfaat dan slalu menyediakan promo menarik. Tolong untuk sistem pembayaran menggunakan debet BNI ditambahkan agar lebih mudah
5;Pilihannya bagus tapi tolong cepat update aja jam filmnya karena biasa mau pesan untuk besok filmnya bloom bisa di pesan karena jadwal film bloom ada itu aja kok aplikasinya sukaa
5;Overall sudah bagus banget ... Banyak promo ... Dan membantu banget ... Tapi tolong ... Buat akun Dana nya kalau bisa top up lewat indomart sama alfamart juga ... Biar lebih mempermudah lagi
5;"Aplikasi ini sangat membantu jadi beli tiket tidak perlu ngantri panjang"" cukup datang langsung nonton deh, apalagi bisa dapat tiket buy 1 get 1 tiap rabu, masukkan kode AS4IEU buat dapet potongan harga 25k 😁😁👐👐"
5;Mantab ..yg daftar baru kalo mau tambahan voucher masukin kode ini aja 6ZP5XJ.. mantaplah ..GK paket antri tiket. Dan bisa pilih tempat duduk yg PASS
5;Saya sangat senang dengan Aplikasi tix. Harapan saya lebih banyak promosi buy 1 get 1 untuk bnyak film dan voucher undangan. Harapan saya lagi voucher dpt digunakan lebih dr satu kali dalam satu transaksi. Dan promo buy one get one di tambah menjadi buy 1 get 10.
4;Aplikasinya bagus tapi pada menu pilihan kursinya selalu ketutupan bagian pojok atas kanannya
5;"Aplikasi yang bagus bgtt.. 😍😍😍 buat yg mo ngirit bisa pake aplikasi ini.. buat yg mo dapat bonus tambahan voucher 25K bisa masukan kode ini ""BOODLU"" 😗😗😗"
5;Alhamdulillah 2x dapet buy 1 get 1 , terimakasih aplikasinya membantu banget jd hemat dan mudah setiap mau nonton film film terbaru ❤
5;Untung banget pake tix id, transaksi pembelian tiket mudah banyak discount nya pula jangan lupa masukkan kode 0LLQB0 untuk dapetin voucher Rp. 25.000,-
5;Aplikasi ini oke banget... Ngga usah antri didpn loket. Tinggal pilih film, pilih jam, pilih bangku, bayar.. Beresssss...😃 Banyakin promo - promo nya dong.... Biar kita sering nonton dibioskop..😘😘😘
3;keren... aplikasinya... tapi kasih notif dong biar ketahuan kapan kuota promonya ada... aku kehabisan terus... jadi gak bisa buy one get one... 😭😭😭
5;Tolong perbaiki lagi untuk top up via agen/mini market nya. Karna saya Topup Via ATM gagal. Dan sangat mengecewakan. Tolong tingkatkan dan perbaiki untuk TopUp via Alfamart nya karna itu membuat saya lebih mudah membeli tiket nonton
5;Bagus banget aplikasi nya buat kalian yang suka movie marathon dan takut kehabisan tiket di sini bisa presale juga dan setiap rabu ada beli 1 gratis 1 enak banget kan nah buat kalian yang mau dapet vocer Rp. 25.000 tambahin aku ya pake kode TXZDCC
5;Tix klo bs banyakin promo ya selain gratis potongan voucher jg seneng gk repot beli tiket antri panjang, pilih tempat duduk jg udh gampang.
4;Aplikasi yg seru bgt bikin nonton jadi makin irit. Yuk buat yg baru daftar pakai KODE ini ya biar dapat diskon 25.000 😉 kodenya VETV8H
3;Woy tolong perbaiki dong,untuk rincian dana tidak sesuai ? Setau aku dapat voucher dana -25000 kenapa diaplikasinya tertulis -30000 dan total pembayaran yang aslinya - 30000 kenapa dirincian tertulis -25000 bikin ambigu( tapi kalau dilihat dari dana sisa saya emang saldo terpotong sesuai pemakaian, tapi riwayan pembelian dana ngawur)
5;Mantapp !! Beli tiket bioskop mudah tanpa harus antri dan takut kehabisan tiket, banyak diskon dan banyak promonya. Cocok buat yang hobi nonton bioskop bareng temen atau pacar #jebreeetttt
5;"NICE APP! Sangat mempermudah untuk ke bioskop tanpa antre dan murah meriah. Untuk voucher 25.000 masukan kode ""20QJPB"" thxU^^"
5;Wih mantep banget pokoknya!! Ayo pada install dan langsung daftar akun dengan memasukkan kode 7KPVT3 dan dijamin langsung bisa dapet potongan harga 25.000 ditambah bisa dapet tiket BUY 1 GET FREE 1 buat nonton!!!
5;Saya bangga memiliki aplikasi Tix.id ini, yang sangat membantu saya untuk mengisi liburan ke bioskop kesayangan aku dan keluargaku, dengan menonton film favorit dan sangat mudah untuk membeli tiket serta memilih kursi sesuai kriteria kita, pokoknya the best untuk aplikasinya karena di zaman era modern sekarang dibutuhkan aplikasi seperti ini, sukses dan berjaya terus PT. Nusantara Elang Sejahtera.
5;Mantap.. Kalau bisa semakin banyak pembelian maka akan mendapatkan tiket gratis film premier atau hadiah undian yg unik (foto bareng dgn pemerannya).. Terima kasih
5;Terimakasih TIX ID, memudahkan saya yang anaknya senang nonton. Sekarang nonton bioskop ga perlu antri lagi, irit pula. Pakai kode voucher FRI3IU buat dapatin voucher senilai 25.000 :)
4;Selalu dapat promo.. Gampang. Ng ribet. Suka dah ama aplikasinya. Tapi belakangan sering eror. Semoga bisa di tingkatin
5;Banyak Buy 1 Get 1 semoga terus² an ya promosi Buy 1 Get 1 nya. Aplikasinya gak ribet loading cepetan, gak ribet, klik film yg disukai bisa langsung lihat list harga semua Bioskop XXI semoga gak cuma XXI doank ya
4;Aplikasi sudah bagus, tapi suka error ditengah transaksi atau respond dari sistem aplikasi suka lama mungkin bisa ditambahkan kapasitas sistemnya karena sudah banyak pengguna aplikasi ini agar tidak lelet
5;Sangat suka, jadi ngirit kalo mau nonton. Tapi semoga lekas ada top up saldo dana via alfamart disemua daerah biar makin gampang topup ny😊
5;Sumpah, ini apk bikin irit biaya, gak usah ngantri panjang kali lebar lagi, gampang bangettt cara nukerin buat bisa dapet tiketnya, tinggal scan barkotnya aja, langsung deh keluar tiketnya. Ga nyesel sih download apk ini, malah membantu! Thanksss lohh
5;"Buat yg suka movie marathon as i do sumpahh aplikasi ini NGEBANTU BANGET! Gak perlu cepet"" ke bioskop biar dapet tempat duduk yg kita mau/takut kehabisan tiket di film"" yg mau kita tonton :"") so happy. Buat kalian pengguna baru yg mau dapet voucher 25.000, bisa pake voucher ini ""Z88DWV"" ❤"
5;Sangat membantu untuk saya sebagai orang yang malas antri. Kadang lagi antri pas sampe meja reservasi tiket untuk film yg saya mau tonton habis dan full. Kan sedih kalo terus2 gitu. Karena saya salah satu orang yg suka nonton
4;Aplikasinya keren. Dengan banyak promo film film . Bagi yang ingin gunakan voucher reward bisa pakai kode ( FUUZSN ) senilai 25.000
4;Recommended bgt bagi yang hobby nonton untuk install aplikasi ini. Masukkan kode undangan 038VL6 , kalian bakal dpt voucher reward Rp. 25.000 jd semakin berlipat lipat dehh keuntungan yg di dapat dari TIX ID 😊
5;Aplikasi bagus banget memudahkan kita untuk beli tiket dan bisa dapet banyak promo. Untuk mendapatkan promo kupon voucher 25.000 bisa pakai kode 6VGVIY💨
5;Suka banget sama aplikasi ini.. Dpat mempermudah beli tiket disaat lgi sibuk, dtang ke bioskop tinggal cetak.. Selesai deh.. Yg mau dapat voucher 25.000 silakan masukkan kode undangan aku ya, IGKZUW..
4;Hey guys. Saya mau menilai sedikit tentang aplikasi ini, secara umum, its okay dan cukup membantu banget supaya gak terlalu antre untuk membeli tiket dan bisa memilih tempat duduk yang diinginkan juga. Dan jika kalian ingin mendapatkan potongan harga dalam pembelian tiket, anda bisa memasukkan kode voucher OAYVR6 dan anda akan mendapatkan potongan harga sebesar Rp. 25.000 (:
5;Harus lebih banyak promo buy 1 get 1 disetiap film yg direkomen . Tidak harus hanya Rabu saja . Krn banyak pengguna yg lebih memilih weekend . Dan untuk bank debit BCA DAN MANDIRI SYARIAH tambahin dong hehe
5;Suka sekali!! Karena saya dan orangtua saya hobi nonton tiap malam minggu dengan tix.id terbantu banget jadi gak perlu ngantri2 atau takut tiket kehabisan 😁
2;Gabisa buka appnya karna suruh diperbaharuin tapi hpnya ga mendukung versi yg disuruh peebaharui. Padahal sebelumnya bisa buka sblm disuruh perbaharui:(
5;Suka bangett sm apps ini, gak perlu antri dan mantapnya ada promo buy 1 get 1 yg lumayan bgt buat dipake. Banyakin promonya yaa
4;Aplikasi super keren, byk promo dan diskon. Sementara bintang 4 dulu, biar terus update layanan yg lebih lebih lagi utk kita.
5;Jika kalian yg pengguna baru tix.id ingin mendapatkan voucher reward 25.000 anda bisa masukkan kode undangan saya PMUSM3 untuk mendapatkan langsung voucher reward yaa. oke buat w tix.id sangat membantu kelancaran untuk lebih cepat praktis dalam pemesanan tiket bioskopnya,thanks tix.id and sukses selalu.
5;Aplikasi yg menarik. Memudahkan saya yang hobby nonton untuk tidak perlu mengantri bioskop lagi. Sangat membantu. Jangan lupa masukkan kode undangan HDLRU9 untuk voucher gratis 25rb
5;Lebih sering pake applikasi ini buat beli tiket. Minimum top up disini bisa lebih fleksibel, sering promo yg penting sih.
4;Aplikasi nya bikin emosi jiwa setiap hari rabu, seperti yang gak niat 
banget kasih BOGO ! Alasannnya traffic padat; tp gw coba terus sampe udah 
"hampir 12 jam buat beli tiket nonton di hari rabu gak bisa mulu .""";
5;Aplikasi tix id bagus.. bnr2 memudahkan.. tapi terkadang eror .. aplg klu pas tiket2 buy 1 get 1 .. seribg eror.. jd tolong d tingkatkan... biar semakin cyintah akx...
5;Thanks buat Tix ID karna semakin baik Apk nya, membuat lebih mudah menonton film yang kita suka, promo pun saya harap bisa terus berlanjut sampai seterusnya dan semoga semakin banyak penggunanya, sukses terus buat Tix ID
2;Pertamanya suka, tapi makin kesini makin banyak pengguna promo2 TIX ID makin ilang. Sama aja jadinya. ada keterangan buy one get one jg gak bisa dipake lagi.
5;Aplikasi ini sudah baik, namun perlu untuk ditingkatkan lagi yaitu pd saat top up di semua bank telah disediakan biar tidak kena cas kalau menggunakan bank lain, dan untuk proses cetak tiket mestinya ada barcode nya agar cepat, gak perlu lagi masukkan no.hp dan no.booking yang pada akhirnya sama aja ribet. Oke... Sukses slalu tuk aplikasi nya.
5;Aplikasi yang luar biasa , banyak promo Dan yang lebih asik top up nya minimal 10rb , jadi bisa isi saldo sesuai harga
5;Aplikasi top markotop..pertama kali Download app ini.. langsung dapet kode voucher... Potongan 25rb dan 20rb..wkwkwkk.. Alhamdulillah..Tix id baik Yaks..jd sering nonton bioskop deh..karena promo buy 1 get 1 setiap Rabu. Jd paling g 2x ke bioskop..Rabu dan Sabtu..wkwkwkwk..seruuuuu..good app
5;Sangat membantu untuk beli tiket tanpa antri dan promo menarik bagi pengguna. Sejauh ini belum pernah nge hang, bug dll. Mantap.!!
5;Aplikasi ini sangat bagus dan membantu tetapi tolong ditingkatkan lagi kualitasnya sehingga pada waktu kita akan memesan tiket tidak lemot lagi, terurama klo lagi hari2 promo, tks
5;Saran danasukan sudah bagus dan top tapi Kalo bisa bioskop yg di bogor ditambahin kaya BTM, dll yg ada dibogor, sama diupdate lg kenapa gak bs pesan lgs tiket 4buah hanya bisa 2bh saja dan pembayarannya klo bisa ditambah lewat indomart/alfamart, sukses txs
4;Suka sama aplikasinya. Banyak diskonnya. Beli tiket gak perlu ngantri lagi. Yang mau diskon setengah harga pake kode ini aja: XXAD5V
5;Sumpah app ini bantu banget bagi aku yang suka nonton,pa gi ada prog beli satu dapat satu gratis.... Makin suka nontonnya berkat tix id
5;Sngat membantu sekali saat ingin nonton film d bioskop, cuma alangkah lbih baiknya film yg akan tayang akan datang d sertakankan kpan tayangnya film baru tsb sehingga tdk bertanya-tanya dan bisa menyesuaikan jadwal off kerja 😁😁
1;Aplikasi nggak jelas. Udah 3x buat akun dr undangan teman dg nomor handphone yg berbeda ttp aja ngga dapet voucher, nggak cuma saya, 3 temen saya pun gitu juga, dr 5 org cm 1 org yg dpt vouchernya. Kalo emang ngga niat ngadain promo ga usah promo drpd akhirnya mengecewakan dan jd males bgt pake aplikasi ini.
2;Kecewa nih, udah undang temen tapi gak dapet voucher udah dicoba beberapa kali jadinya malah eror, harusnya masukin pin tapi malah tulisannya eror dan setelah itu nomer udah terdaftar tanpa masukin kode undangannya :( .
4;Aplikasi yang support banget untuk para pemburu film supaya bisa pesan tiket tanpa harus susah-susah antri panjang. Sejauh ini fungsinya normal semua belum ada kendala yg ditemukan.
1;Kacauuuu, dsni saldo ada ilangan. Beli tiket yg hari rabu by one get one eh uda dapet kode boking satu jam kemudian d tlp dr pihak bioskop kalau ada pergantian jam tayang dan otomatis cancel dan dana akan kembali. Di komplen di tlp dan sgala macam cara tp tetap saldo tdk kembali lenyap dan nonton pun gagal berantakan. Tolong perbaiki dan jgn sampai merugikan thx
1;Tix id.. Kenapa disaat saya ngudang temen saya pas mau daftar langsung error dan saya klik lagi.. Nomor sudah terdaftar.. Apakah dengan cara itu biar saya ga dapet promo #UNDANG TEMAN DAPET 25RIBU.. Saya ngundang temen saya ampe 3 kali .. Apa emang sistemnya begituu.. Atau promonya hanya bualan 👎
5;Saya minta tolong sekali.bikin lagi pembayaran di Alfamart atau indomaret.untuk memudahkan transaksi pembayaran nya Dan secepat nya. Terimakasih
5;Asik banget sih bisa pilih tempat duduk sendiri dan gak perlu antri panjang buat beli tiket. Banyak promo! Selain buy 1 get 1 free, ada lagi promo pake kode XHZVIZ bisa dapet voucher 25 ribu! Get it fast!
1;SUDAH PESAN TIKET DISINI, SMS PEMBERITAHUAN PUN SUKSES, SALDO KEPOTONG, TAPI GA MUNCUL2 DIPEMESANAN!! Telp ke cust center, tidak bisa dihubungin. AKHIRNYA PESAN ON SITE DENGAN KURSI YG SAMA, TETAP TIDAK ADA PEMBATALAN/CANCEL!! Tolonglah perbaiki, ini kan sistem pembayaran yg menyangkut keuangan, sudah termasuk penipuan applikasi ini !!
1;Sedikit heran dengan sistem yang ada, jadi ketika registrasi (Kolom untuk memasukkan nama referal tidak ada) dan selalu eror untuk menuliskan password, not recomended, thx
3;notifikasi pembaharuan diskon dan jadwal film yg lambat... kadang tdk ada pemberitahuan sama sekali tentang event2 yg sdah habis.
1;Kenapa ditanggal 26 september 2018 promo beli 1 tiket gratis 1 toket tidak berlaku,tolong dong di perbaiki,dan juga setiap jam 12 siang sampai jam 2 siang selalu perbaikan,jadi susah mengakses aplikasi tersebut
1;Aplikasi ini error mulu pas mo beli tiket,, sgja bgt pas hr rabu gbs diakses. Biar org ga bs beli tiket promo ya.. Pdhl dana saya msh bnyk
1;Ini kenapa ya?? Gabisa login, ada tulisan katanya Tix sedang dalam perbaikan, tidak dapat mengakses Tix, Padahal saldo gue ada banyak gimana nih jadinya?????
5;Yuhuuuu keren gila seh ini aplikasi, membantu keuangan bnget wkwk Yg suka nnton tpi mau hemat yuk di download kak, yg pengguna baru bisa invite kode TJFCDY biar dpet bonus 😍😍 langsung dpt kak ptongan harga 25k wiih the best pokoknya
1;Ini daftar baru kok ga muncul kode referal dari tmn, pas buat baru masukin password tulisannya nomer / password error.. D klik simpan lagi malah tulisannya already registered.. KLO GA NIAT KASIH PROMO JGN KASIH PROMO, PENIPUAN PUBLIK NAMANYA.. UDAH 3X SAYA COBA DARI 3 NMER TEMEN SAMA SEMUA
1;Pas mau daftar pakai kode undangan sengaja di buat error. Jadi pas baru mau daftar ketika masukin password di bilang password salah padahal baru mau daftar setelah teken lagi keluar tulisan nomor sudah terdaftar jadi pengguna tidak bisa memasukan kode undangan.
5;Bangus banget app nya membantu sekali gk perlu antri apa lagi nunggu lama, tapi kenapa ya hari ini saya mau nonton kok gk bisa katanya sedang memperbarui fitur buka sejam lagi udah aku cek tapi tetep aja gak bisa di buka 😩😩
5;Kenapa pada hari rabu. Disaat ada buy 1 get 1 snyal tix id mendadak tidak bisa jalan seperti biasa. Dan kenapa disaat saya sudah isi saldo tidak bisa buka tiX id lagi. Knapa. Tolong jawaaaaabbbb !!!! Tadi saya kasih bintang 1 semua saya kasih jempol cemen. Mendadak tix id gak bisa dibuka setelahnya
3;Lemot banget , servernya tolong tingkatin dong , berani bikin promo tp lemot kan sama aja gabisa digunain . Lemot gabisa di akses sama aja boong
5;Aplikasi ini sangat membantu saya untuk membeli tiket nonton tanpa antri dan juga ada potongan harganya lho... Oia bagi yg pengguna baru jgn lupa setelah unduh masukkin kode ini ya ESW9UT untuk voucher potongan shrga 25rb
1;Tai nie aplikasi ... Masa pngembalian dana lbih dari 2 hari... W pesen dri awal september smpe skrng ga ada dana yg dibalikin... Pdahal kesalahan bkn dri w.... Krna d.mall ny ada kebakaran mkn ny mall d.tutup...tai lah nie aplikasi
1;Aplikasinya bagaimana ini sudah beberapa minggu error dalam perbaikan terus!! dana saya masih banyak!! Ini niat enggk sich bikin aplikasi kan sayang dana.
4;Semuanya si bagus, gaada kendala apapun, pesen tiket jadi mudah gaperlu antri lagi, tapi tolong untuk pihak tix id untuk ditingkatkan lagi di bagian top up, agar bisa top up melewati minimarket, karna kasian bagi yg belum mempunyai kartu debit atau atm, jadi demi kelancaran dalam aplikasi ini hanya itu si yg bisa saya masukan, semoga pihak tix id bisa memahami ulasan saya dan segera meningkatkan nya, agar saya bisa berlangganan di aplikasi ini, terimakasihatas kerjasama nya
5;Aplikasinya sangat memudahkan dalam memesan tiket bioskop. Kita juga bisa mendapatkan vouher sebesar 25.000 untuk nonton bioskop dengan menggunakan kode 2U3ZLT. Jangan lupa pakai kode 2U3ZLT yaa, dijamin bakal dapat voucher 25.000
5;Aplikasi ini lbih mudah & cepat utk memesan tiket di bioskop tnpa hrus mengantri panjang. Oia jgn lupa masukan kode DG089D utk bsa mendapatkn diskon tiket sebesar 25 rbu nonton dmn saja...pakai yya..
5;Murah, mudah dan cepat untuk memesan tiket nonton di XXI. Masukkan kode 9A1USA untuk mendapatkan POTONGAN HARGA 25.000 ribu rupiah. Dan dapatkan juga beli 2 tiket seharga 1 tiket, BUY 1 GET 1. Awalnya saya bingung aplikasi apa yang bisa memesan tiket nonton khusus di Bioskop, ternyata ada TIX.
1;Saya tidak diberi opsi untuk memasukkan referral code pada saat mendaftar. Saat mencoba mendaftar, setelah mendaftarkan password, diinformasikan bahwa nomor sudah terdaftar padahal saya belum pernah mendaftar sebelumnya dan seharusnya setelah berhasil mendaftar saya diarahkan ke halaman untuk input referral code. Saya mencoba masuk dengan password yang saya daftarkan sebelumnya dan bisa masuk. Jadi sebenarnya niat tidak sih memberikan promo untuk referral code? Kenapa waktu saya daftar tulisannya nomor sudah terdaftar padahal saya sudah pernah daftar dan password yang baru saya input malah bisa dipakai untuk login sehingga saya tidak berkesempatan menggunakan referral code? Dasar tipu-tipu.
4;Aplikasi ini sangat bagus untuk nonton bioskop ga ribet terus sering ada promo promo lagi. Pakai voucher OCNURG untuk dapatkan promo promo lain.
5;Aplikasi yang sangat membantu dalam pemesanan tiket nonton secara online dan juga bisa dapat potongan harga tiket senilai Rp 25.000 loh. Yukk yg pengen dapat potongan harga tiket nonton kayak aku bisa pake kode ini loh RHZPS4 silahkan dicoba guys ^^
5;Aplikasi yang wajib kamu coba.. Memudahkan kita untuk memesan tiket bioskop tanpa perlu antrian yang panjang.. Apalgi kalo pakai kode UBBCJB dijamin memudahkan kalian semua..
4;Aplikasi yang membantu, lebih mudah dan cepat untuk memesan Tiket bioskop tanpa perlu mengantri. Oh ya jika mau, gunakan kode voucher TKM854 untuk mendapatkan voucher gratis nonton senilai 25.000 . Semoga review ini membantu.
5;Aplikasi yang sangat bagus dan memudahkan anda ketika mau nonton . Saya saranin langsung di download aja deh , buat yg blm punya akun bisa bikin akun dan memasukkan kode L994EK SUPAYA LANGSUNG DAPET FREE VOUCER SENILAI 25.000 . inget yaa kodenya L994EK
4;Aplikasi untuk mempermudah beli tiket, banyak bonus nya, jngan lupa gunakan kode EZR8MU Untuk mendapatkan bonus kupon 25.000.
4;saldo saya kemakan waktu SMS banking tp tiket tidak saya dapatkan, karena gagal di TIX tp berhasil transfer melalui sms banking. keeroran sistem itu cukup merugikan waktu saya.. tolong jgn sampai terjadi kpd yg lain dech.
2;"Pesan tiket untuk yg kedua kalinya di bulan september, promo hari rabu beli 1 gratis 1 tidak sukses, keterangan ""transaksi dibatalkan"". Sistem menolak transaksi dan saldo direfund. Sudah coba sampai 6x tetap tidak bisa. Tolong bantuannya."
5;Buat yg baru download coba deh pas regist masukin kode ini TIVUQN otomatis kalian bisa dpt vocer 25rb dan 25rb total 50rb. So kalian cmn bayar 15rb buat sekali nonton!!!
5;Aplikasi nya bagus memudahkan pembelian tiket dari handphone. Jadi nggak perlu lagi harus antri tiket. Bisa milih bangku mau di sebelah mana. Pakai kode BAYDDP ya gaes lumayan dapat saldo 25 rebu cyiinn
5;Aplikasi paling mudah. Beli tiket bioskop jadi ga ribet, Ayo instal TIX ID dan masukkan kode RYU357 saat registrasi kemudian aktifkan DANA langsung dapet voucher 25.000 lohh. Ini seriusan gak boong 😉
1;Ini tix.id belum bisa tanggung jawab ya masa dah beli tiket tapi ga dapet tiket ga di kembalikan lagi dananya mau di korupsi berapa banyak coba uang rata rata 15rb itu pun banyak yg belum di kembalikan Aplikasi tidak rekomendasi belum berttanggung jawab dan tidak ada respon sama sekali
5;"Gilaa..aku sih biasa pakai M-TIX,tapi di usulin sama kawan pake TIX-ID krn lebih murah.Ekh ternyata bener.Beli 2 tiket hari mggu cuma bayar 20ribu..Ceritanya aku pakai kode voucher 4AN28A terus dapat potongan 25ribu.Trus aku beli tiket ""Beli 1 gratis 1"" Harga 1tiket 40rb,biaya admin 5rb.Jadi 45rb,terus pakai voucher 25rb,makanya jadi bayar 20rb.Mantap deh."
1;Nga bisa beli tiketnya, masa uda berapa kali transaksi dia auto refund. Padahal saya nga ada minta refund !!
4;Pengen nonton terus karena irit.... Bagia kalian yang daftar akun DANA baru untuk tix id, pake kode QBL03J untuk dapat voucher gratis 25rb. Tolong juga untuk pengelola Tix ID, minim top upnya jgn d naikin lagi dong... Awal dulu enak banget 10rb minimnya...
5;Aplikasinya enak banget...gampang dipakai, bisa pilih tempat duduk sendiri dan bisa dapet bonus LANGSUNG loh. Buruan masukkn kode ini : XUOQEK
3;Mau daftar aja lama banget load nya padahal jaringannya bagus, gimana nnti pas mau pesen yah lama juga gak yah?? Tolong sistem nya dibenahi lagi terimakasih
5;Aplikasinya mantap, lumayan gk perlu antri beli tiket dulu. Pake kode ini NPXX0U bisa dapat voucher buat nonton biar lebih asik
5;Aplikasinya bagus.dan gak ribet. Udah gunakan voucer 2x bisa . Kalau mau tambahan voucer Rp 25000 masukin nih kode saya BJJ57X dijamin bisa masuk . :)
5;"Asli sihhh,, mo nonton gk jadi ribet, bisa mesen dari tempat lain tanpa harus ngantri di bioskop, dh gitu bisa hemat juga gara"" buy 1 get 1,, apalagi banyak bonusannya, dan kalo mo nambah lag kali bisa masukin kode OXKQ4A biar lebih banyak bonusannya"
5;Ini keren bgd sih app nya.. banyak promo.. Buat yg baru download, masukin kode ini ya 7Q809Z Dijamin dapet voucher 25ribu.. jadi kalo beli tiket seharga 40ribu, kalian cuma bayar 15 ribu.. 😊😊😊
1;"Buat aplikasi yg bener lah, sia sia instal aplikasi.. Buka aplikasi aja sampai 2 jam lebih baru terbuka. Registrasi aja susah bener, sudah dimasukkan nama dan no hp.. Tpi loading nya sampai 3 jam. Itu pun jawabannya "" maaf coba lah beberapa saat lagi "" kan macam sempak.. Buang waktu ujung nya gagal.."
